[INFO] scraped notices: 20
[INFO] created=0 updated=20
[INFO] No new notice documents. Push skipped.
[sample 1] 2026/04/05 23:18 | ２０２６年度体育祭開催のお知らせ
[sample 2] 2026/04/05 20:53 | 人工衛星・ロケットを一緒に作ろう！【経験・学年・学科不問！】
[sample 3] 2026/04/05 20:52 | 【情報システム学科・中村裕美研究室】4/9の研究室訪問可能な時間帯について
[INFO] scraped notices: 20
[INFO] created=0 updated=20
[INFO] No new notice documents. Push skipped.
[sample 1] 2026/04/05 23:18 | ２０２６年度体育祭開催のお知らせ
[sample 2] 2026/04/05 20:53 | 人工衛星・ロケットを一緒に作ろう！【経験・学年・学科不問！】
[sample 3] 2026/04/05 20:52 | 【情報システム学科・中村裕美研究室】4/9の研究室訪問可能な時間帯について
[INFO] scraped notices: 20
[INFO] created=0 updated=20
[INFO] No new notice documents. Push skipped.
[sample 1] 2026/04/05 23:18 | ２０２６年度体育祭開催のお知らせ
[sample 2] 2026/04/05 20:53 | 人工衛星・ロケットを一緒に作ろう！【経験・学年・学科不問！】
[sample 3] 2026/04/05 20:52 | 【情報システム学科・中村裕美研究室】4/9の研究室訪問可能な時間帯について
[INFO] scraped notices: 20
[INFO] created=0 updated=20
[INFO] No new notice documents. Push skipped.
[sample 1] 2026/04/05 23:18 | ２０２６年度体育祭開催のお知らせ
[sample 2] 2026/04/05 20:53 | 人工衛星・ロケットを一緒に作ろう！【経験・学年・学科不問！】
[sample 3] 2026/04/05 20:52 | 【情報システム学科・中村裕美研究室】4/9の研究室訪問可能な時間帯について
[INFO] scraped notices: 20
[INFO] created=0 updated=20
[INFO] No new notice documents. Push skipped.
[sample 1] 2026/04/05 23:18 | ２０２６年度体育祭開催のお知らせ
[sample 2] 2026/04/05 20:53 | 人工衛星・ロケットを一緒に作ろう！【経験・学年・学科不問！】
[sample 3] 2026/04/05 20:52 | 【情報システム学科・中村裕美研究室】4/9の研究室訪問可能な時間帯について
[INFO] scraped notices: 20
[INFO] created=0 updated=20
[INFO] No new notice documents. Push skipped.
[sample 1] 2026/04/05 23:18 | ２０２６年度体育祭開催のお知らせ
[sample 2] 2026/04/05 20:53 | 人工衛星・ロケットを一緒に作ろう！【経験・学年・学科不問！】
[sample 3] 2026/04/05 20:52 | 【情報システム学科・中村裕美研究室】4/9の研究室訪問可能な時間帯について
[INFO] scraped notices: 20
[INFO] created=0 updated=20
[INFO] No new notice documents. Push skipped.
[sample 1] 2026/04/05 23:18 | ２０２６年度体育祭開催のお知らせ
[sample 2] 2026/04/05 20:53 | 人工衛星・ロケットを一緒に作ろう！【経験・学年・学科不問！】
[sample 3] 2026/04/05 20:52 | 【情報システム学科・中村裕美研究室】4/9の研究室訪問可能な時間帯について
[INFO] scraped notices: 0
[WARN] No notices found. Check selectors against portal HTML.
[DEBUG] reason=showall_table_not_found_or_empty
[INFO] scraped notices: 0
[WARN] No notices found. Check selectors against portal HTML.
[DEBUG] reason=showall_table_not_found_or_empty
[INFO] scraped notices: 0
[WARN] No notices found. Check selectors against portal HTML.
[DEBUG] reason=showall_table_not_found_or_empty
[INFO] scraped notices: 0
[WARN] No notices found. Check selectors against portal HTML.
[DEBUG] reason=showall_table_not_found_or_empty
[INFO] scraped notices: 0
[WARN] No notices found. Check selectors against portal HTML.
[DEBUG] reason=showall_table_not_found_or_empty
[INFO] scraped notices: 0
[WARN] No notices found. Check selectors against portal HTML.
[DEBUG] reason=showall_table_not_found_or_empty
[INFO] scraped notices: 0
[WARN] No notices found. Check selectors against portal HTML.
[DEBUG] reason=showall_table_not_found_or_empty
[INFO] scraped notices: 0
[WARN] No notices found. Check selectors against portal HTML.
[DEBUG] reason=showall_table_not_found_or_empty
[INFO] scraped notices: 0
[WARN] No notices found. Check selectors against portal HTML.
[DEBUG] reason=showall_table_not_found_or_empty
[INFO] scraped notices: 0
[WARN] No notices found. Check selectors against portal HTML.
[DEBUG] reason=showall_table_not_found_or_empty
[INFO] scraped notices: 0
[WARN] No notices found. Check selectors against portal HTML.
[DEBUG] reason=showall_table_not_found_or_empty
[INFO] scraped notices: 0
[WARN] No notices found. Check selectors against portal HTML.
[DEBUG] reason=showall_table_not_found_or_empty
[INFO] scraped notices: 0
[WARN] No notices found. Check selectors against portal HTML.
[DEBUG] reason=showall_table_not_found_or_empty
[INFO] scraped notices: 0
[WARN] No notices found. Check selectors against portal HTML.
[DEBUG] reason=showall_table_not_found_or_empty
[INFO] scraped notices: 0
[WARN] No notices found. Check selectors against portal HTML.
[DEBUG] reason=showall_table_not_found_or_empty
[INFO] scraped notices: 0
[WARN] No notices found. Check selectors against portal HTML.
[DEBUG] reason=showall_table_not_found_or_empty
[INFO] scraped notices: 0
[WARN] No notices found. Check selectors against portal HTML.
[DEBUG] reason=showall_table_not_found_or_empty
[INFO] scraped notices: 0
[WARN] No notices found. Check selectors against portal HTML.
[DEBUG] reason=showall_table_not_found_or_empty
[INFO] scraped notices: 0
[WARN] No notices found. Check selectors against portal HTML.
[DEBUG] reason=showall_table_not_found_or_empty
[INFO] scraped notices: 0
[WARN] No notices found. Check selectors against portal HTML.
[DEBUG] reason=showall_table_not_found_or_empty
[INFO] scraped notices: 0
[WARN] No notices found. Check selectors against portal HTML.
[DEBUG] reason=showall_table_not_found_or_empty
[INFO] scraped notices: 0
[WARN] No notices found. Check selectors against portal HTML.
[DEBUG] reason=showall_table_not_found_or_empty
[INFO] scraped notices: 0
[WARN] No notices found. Check selectors against portal HTML.
[DEBUG] reason=showall_table_not_found_or_empty
[INFO] scraped notices: 0
[WARN] No notices found. Check selectors against portal HTML.
[DEBUG] reason=showall_table_not_found_or_empty
[INFO] scraped notices: 0
[WARN] No notices found. Check selectors against portal HTML.
[DEBUG] reason=showall_table_not_found_or_empty
[INFO] scraped notices: 0
[WARN] No notices found. Check selectors against portal HTML.
[DEBUG] reason=showall_table_not_found_or_empty
[INFO] scraped notices: 0
[WARN] No notices found. Check selectors against portal HTML.
[DEBUG] reason=showall_table_not_found_or_empty
[INFO] scraped notices: 0
[WARN] No notices found. Check selectors against portal HTML.
[DEBUG] reason=showall_table_not_found_or_empty
[INFO] scraped notices: 0
[WARN] No notices found. Check selectors against portal HTML.
[DEBUG] reason=showall_table_not_found_or_empty
[INFO] scraped notices: 0
[WARN] No notices found. Check selectors against portal HTML.
[DEBUG] reason=showall_table_not_found_or_empty
[INFO] scraped notices: 0
[WARN] No notices found. Check selectors against portal HTML.
[DEBUG] reason=showall_table_not_found_or_empty
[INFO] scraped notices: 0
[WARN] No notices found. Check selectors against portal HTML.
[DEBUG] reason=showall_table_not_found_or_empty
[INFO] scraped notices: 0
[WARN] No notices found. Check selectors against portal HTML.
[DEBUG] reason=showall_table_not_found_or_empty
[INFO] scraped notices: 0
[WARN] No notices found. Check selectors against portal HTML.
[DEBUG] reason=showall_table_not_found_or_empty
[INFO] scraped notices: 0
[WARN] No notices found. Check selectors against portal HTML.
[DEBUG] reason=showall_table_not_found_or_empty
[INFO] scraped notices: 0
[WARN] No notices found. Check selectors against portal HTML.
[DEBUG] reason=showall_table_not_found_or_empty
[INFO] scraped notices: 0
[WARN] No notices found. Check selectors against portal HTML.
[DEBUG] reason=showall_table_not_found_or_empty
[INFO] scraped notices: 0
[INFO] auth alert push sent=0 failed=0 targets=0
[WARN] Portal auth required. Session expired or login page detected.
[DEBUG] reason=login_flow_failed
[NEXT] Run: python src/run_once.py --init-session
[NEXT] Then run: python src/run_once.py
[INFO] scraped notices: 48
[INFO] created=0 updated=48
[INFO] No new notice documents. Push skipped.
[sample 1] 2026/04/07 13:00 | SCキャリアより）キャリア支援課における面談について（2026年4月10日以降）
[sample 2] 2026/04/06 21:42 | 2026年度体育祭申し込み案内(2日目・団体参加)
[sample 3] 2026/04/06 21:38 | 2026年度体育祭申し込み案内（1日目1年生学科対抗YC）
[INFO] scraped notices: 0
[INFO] auth alert push sent=0 failed=0 targets=0
[WARN] Portal auth required. Session expired or login page detected.
[DEBUG] reason=login_flow_failed
[NEXT] Run: python src/run_once.py --init-session
[NEXT] Then run: python src/run_once.py
[INFO] scraped notices: 0
[WARN] Portal auth required. Session expired or login page detected.
[DEBUG] reason=microsoft_login_page_detected_after_session
[NEXT] Run: python src/run_once.py --init-session
[NEXT] Then run: python src/run_once.py
[INFO] scraped notices: 0
[WARN] Portal auth required. Session expired or login page detected.
[DEBUG] reason=microsoft_login_page_detected_after_session
[NEXT] Run: python src/run_once.py --init-session
[NEXT] Then run: python src/run_once.py
[INFO] scraped notices: 0
[WARN] Portal auth required. Session expired or login page detected.
[DEBUG] reason=microsoft_login_page_detected_after_session
[NEXT] Run: python src/run_once.py --init-session
[NEXT] Then run: python src/run_once.py
[INFO] scraped notices: 0
[WARN] Portal auth required. Session expired or login page detected.
[DEBUG] reason=microsoft_login_page_detected_after_session
[NEXT] Run: python src/run_once.py --init-session
[NEXT] Then run: python src/run_once.py
[INFO] scraped notices: 0
[WARN] Portal auth required. Session expired or login page detected.
[DEBUG] reason=microsoft_login_page_detected_after_session
[NEXT] Run: python src/run_once.py --init-session
[NEXT] Then run: python src/run_once.py
[INFO] scraped notices: 0
[WARN] Portal auth required. Session expired or login page detected.
[DEBUG] reason=microsoft_login_page_detected_after_session
[NEXT] Run: python src/run_once.py --init-session
[NEXT] Then run: python src/run_once.py
[INFO] scraped notices: 0
[WARN] Portal auth required. Session expired or login page detected.
[DEBUG] reason=microsoft_login_page_detected_after_session
[NEXT] Run: python src/run_once.py --init-session
[NEXT] Then run: python src/run_once.py
[INFO] scraped notices: 0
[WARN] Portal auth required. Session expired or login page detected.
[DEBUG] reason=microsoft_login_page_detected_after_session
[NEXT] Run: python src/run_once.py --init-session
[NEXT] Then run: python src/run_once.py
[INFO] scraped notices: 0
[WARN] Portal auth required. Session expired or login page detected.
[DEBUG] reason=microsoft_login_page_detected_after_session
[NEXT] Run: python src/run_once.py --init-session
[NEXT] Then run: python src/run_once.py
[INFO] scraped notices: 0
[WARN] Portal auth required. Session expired or login page detected.
[DEBUG] reason=microsoft_login_page_detected_after_session
[NEXT] Run: python src/run_once.py --init-session
[NEXT] Then run: python src/run_once.py
[INFO] scraped notices: 0
[WARN] Portal auth required. Session expired or login page detected.
[DEBUG] reason=microsoft_login_page_detected_after_session
[NEXT] Run: python src/run_once.py --init-session
[NEXT] Then run: python src/run_once.py
[INFO] scraped notices: 0
[WARN] Portal auth required. Session expired or login page detected.
[DEBUG] reason=microsoft_login_page_detected_after_session
[NEXT] Run: python src/run_once.py --init-session
[NEXT] Then run: python src/run_once.py
[INFO] scraped notices: 50
[INFO] created=0 updated=50
[INFO] No new notice documents. Push skipped.
[sample 1] 2026/04/11 14:22 | 夢キャンコミュニケーター新入生説明会と新入生交流会のお知らせ
[sample 2] 2026/04/11 09:30 | SD PBL(1)の初回授業について
[sample 3] 2026/04/10 21:16 | 献血実施のお知らせ
[INFO] section_counts 伝言:3, 大学からのお知らせ:29, 教員からのお知らせ:9, 誰でも投稿:9
[INFO] scraped notices: 50
[INFO] created=0 updated=50
[INFO] No new notice documents. Push skipped.
[sample 1] 2026/04/11 14:22 | 夢キャンコミュニケーター新入生説明会と新入生交流会のお知らせ
[sample 2] 2026/04/11 09:30 | SD PBL(1)の初回授業について
[sample 3] 2026/04/10 21:16 | 献血実施のお知らせ
[INFO] section_counts 伝言:3, 大学からのお知らせ:29, 教員からのお知らせ:9, 誰でも投稿:9
[INFO] scraped notices: 50
[INFO] created=1 updated=49
[INFO] push sent=0 failed=0 targets=0
[sample 1] 2026/04/12 19:14 | 教養ゼミナール(Human Cognition and A.I.)
[sample 2] 2026/04/11 14:22 | 夢キャンコミュニケーター新入生説明会と新入生交流会のお知らせ
[sample 3] 2026/04/11 09:30 | SD PBL(1)の初回授業について
[INFO] section_counts 伝言:3, 大学からのお知らせ:28, 教員からのお知らせ:9, 誰でも投稿:10
[INFO] scraped notices: 50
[INFO] created=0 updated=50
[INFO] No new notice documents. Push skipped.
[sample 1] 2026/04/12 19:14 | 教養ゼミナール(Human Cognition and A.I.)
[sample 2] 2026/04/11 14:22 | 夢キャンコミュニケーター新入生説明会と新入生交流会のお知らせ
[sample 3] 2026/04/11 09:30 | SD PBL(1)の初回授業について
[INFO] section_counts 伝言:3, 大学からのお知らせ:28, 教員からのお知らせ:9, 誰でも投稿:10
[INFO] scraped notices: 50
[INFO] created=0 updated=50
[INFO] No new notice documents. Push skipped.
[sample 1] 2026/04/12 19:14 | 教養ゼミナール(Human Cognition and A.I.)
[sample 2] 2026/04/11 14:22 | 夢キャンコミュニケーター新入生説明会と新入生交流会のお知らせ
[sample 3] 2026/04/11 09:30 | SD PBL(1)の初回授業について
[INFO] section_counts 伝言:3, 大学からのお知らせ:28, 教員からのお知らせ:9, 誰でも投稿:10
[INFO] scraped notices: 50
[INFO] created=0 updated=50
[INFO] No new notice documents. Push skipped.
[sample 1] 2026/04/12 19:14 | 教養ゼミナール(Human Cognition and A.I.)
[sample 2] 2026/04/11 14:22 | 夢キャンコミュニケーター新入生説明会と新入生交流会のお知らせ
[sample 3] 2026/04/11 09:30 | SD PBL(1)の初回授業について
[INFO] section_counts 伝言:3, 大学からのお知らせ:28, 教員からのお知らせ:9, 誰でも投稿:10
[INFO] scraped notices: 50
[INFO] created=0 updated=50
[INFO] No new notice documents. Push skipped.
[sample 1] 2026/04/12 19:14 | 教養ゼミナール(Human Cognition and A.I.)
[sample 2] 2026/04/11 14:22 | 夢キャンコミュニケーター新入生説明会と新入生交流会のお知らせ
[sample 3] 2026/04/11 09:30 | SD PBL(1)の初回授業について
[INFO] section_counts 伝言:3, 大学からのお知らせ:28, 教員からのお知らせ:9, 誰でも投稿:10
[INFO] scraped notices: 50
[INFO] created=0 updated=50
[INFO] No new notice documents. Push skipped.
[sample 1] 2026/04/12 19:14 | 教養ゼミナール(Human Cognition and A.I.)
[sample 2] 2026/04/11 14:22 | 夢キャンコミュニケーター新入生説明会と新入生交流会のお知らせ
[sample 3] 2026/04/11 09:30 | SD PBL(1)の初回授業について
[INFO] section_counts 伝言:3, 大学からのお知らせ:28, 教員からのお知らせ:9, 誰でも投稿:10
[INFO] scraped notices: 50
[INFO] created=0 updated=50
[INFO] No new notice documents. Push skipped.
[sample 1] 2026/04/12 19:14 | 教養ゼミナール(Human Cognition and A.I.)
[sample 2] 2026/04/11 14:22 | 夢キャンコミュニケーター新入生説明会と新入生交流会のお知らせ
[sample 3] 2026/04/11 09:30 | SD PBL(1)の初回授業について
[INFO] section_counts 伝言:3, 大学からのお知らせ:28, 教員からのお知らせ:9, 誰でも投稿:10
[INFO] scraped notices: 50
[INFO] created=0 updated=50
[INFO] No new notice documents. Push skipped.
[sample 1] 2026/04/12 19:14 | 教養ゼミナール(Human Cognition and A.I.)
[sample 2] 2026/04/11 14:22 | 夢キャンコミュニケーター新入生説明会と新入生交流会のお知らせ
[sample 3] 2026/04/11 09:30 | SD PBL(1)の初回授業について
[INFO] section_counts 伝言:3, 大学からのお知らせ:28, 教員からのお知らせ:9, 誰でも投稿:10
[INFO] scraped notices: 50
[INFO] created=0 updated=50
[INFO] No new notice documents. Push skipped.
[sample 1] 2026/04/12 19:14 | 教養ゼミナール(Human Cognition and A.I.)
[sample 2] 2026/04/11 14:22 | 夢キャンコミュニケーター新入生説明会と新入生交流会のお知らせ
[sample 3] 2026/04/11 09:30 | SD PBL(1)の初回授業について
[INFO] section_counts 伝言:3, 大学からのお知らせ:28, 教員からのお知らせ:9, 誰でも投稿:10
[INFO] scraped notices: 50
[INFO] created=0 updated=50
[INFO] No new notice documents. Push skipped.
[sample 1] 2026/04/12 19:14 | 教養ゼミナール(Human Cognition and A.I.)
[sample 2] 2026/04/11 14:22 | 夢キャンコミュニケーター新入生説明会と新入生交流会のお知らせ
[sample 3] 2026/04/11 09:30 | SD PBL(1)の初回授業について
[INFO] section_counts 伝言:3, 大学からのお知らせ:28, 教員からのお知らせ:9, 誰でも投稿:10
[INFO] scraped notices: 50
[INFO] created=0 updated=50
[INFO] No new notice documents. Push skipped.
[sample 1] 2026/04/12 19:14 | 教養ゼミナール(Human Cognition and A.I.)
[sample 2] 2026/04/11 14:22 | 夢キャンコミュニケーター新入生説明会と新入生交流会のお知らせ
[sample 3] 2026/04/11 09:30 | SD PBL(1)の初回授業について
[INFO] section_counts 伝言:3, 大学からのお知らせ:28, 教員からのお知らせ:9, 誰でも投稿:10
[INFO] scraped notices: 50
[INFO] created=0 updated=50
[INFO] No new notice documents. Push skipped.
[sample 1] 2026/04/12 19:14 | 教養ゼミナール(Human Cognition and A.I.)
[sample 2] 2026/04/11 14:22 | 夢キャンコミュニケーター新入生説明会と新入生交流会のお知らせ
[sample 3] 2026/04/11 09:30 | SD PBL(1)の初回授業について
[INFO] section_counts 伝言:3, 大学からのお知らせ:28, 教員からのお知らせ:9, 誰でも投稿:10
[INFO] scraped notices: 50
[INFO] created=0 updated=50
[INFO] No new notice documents. Push skipped.
[sample 1] 2026/04/12 19:14 | 教養ゼミナール(Human Cognition and A.I.)
[sample 2] 2026/04/11 14:22 | 夢キャンコミュニケーター新入生説明会と新入生交流会のお知らせ
[sample 3] 2026/04/11 09:30 | SD PBL(1)の初回授業について
[INFO] section_counts 伝言:3, 大学からのお知らせ:28, 教員からのお知らせ:9, 誰でも投稿:10
[INFO] scraped notices: 50
[INFO] created=0 updated=50
[INFO] No new notice documents. Push skipped.
[sample 1] 2026/04/12 19:14 | 教養ゼミナール(Human Cognition and A.I.)
[sample 2] 2026/04/11 14:22 | 夢キャンコミュニケーター新入生説明会と新入生交流会のお知らせ
[sample 3] 2026/04/11 09:30 | SD PBL(1)の初回授業について
[INFO] section_counts 伝言:3, 大学からのお知らせ:28, 教員からのお知らせ:9, 誰でも投稿:10
[INFO] scraped notices: 0
[INFO] auth alert push sent=0 failed=0 targets=0
[WARN] Portal auth required. Session expired or login page detected.
[DEBUG] reason=microsoft_login_page_detected_after_session
[NEXT] Run: python src/run_once.py --init-session
[NEXT] Then run: python src/run_once.py
[INFO] scraped notices: 0
[WARN] Portal auth required. Session expired or login page detected.
[DEBUG] reason=microsoft_login_page_detected_after_session
[NEXT] Run: python src/run_once.py --init-session
[NEXT] Then run: python src/run_once.py
[INFO] scraped notices: 0
[WARN] Portal auth required. Session expired or login page detected.
[DEBUG] reason=microsoft_login_page_detected_after_session
[NEXT] Run: python src/run_once.py --init-session
[NEXT] Then run: python src/run_once.py
[INFO] scraped notices: 0
[WARN] Portal auth required. Session expired or login page detected.
[DEBUG] reason=microsoft_login_page_detected_after_session
[NEXT] Run: python src/run_once.py --init-session
[NEXT] Then run: python src/run_once.py
[INFO] scraped notices: 0
[WARN] Portal auth required. Session expired or login page detected.
[DEBUG] reason=microsoft_login_page_detected_after_session
[NEXT] Run: python src/run_once.py --init-session
[NEXT] Then run: python src/run_once.py
[INFO] scraped notices: 0
[WARN] Portal auth required. Session expired or login page detected.
[DEBUG] reason=microsoft_login_page_detected_after_session
[NEXT] Run: python src/run_once.py --init-session
[NEXT] Then run: python src/run_once.py
[INFO] scraped notices: 0
[WARN] Portal auth required. Session expired or login page detected.
[DEBUG] reason=microsoft_login_page_detected_after_session
[NEXT] Run: python src/run_once.py --init-session
[NEXT] Then run: python src/run_once.py
[INFO] scraped notices: 0
[WARN] Portal auth required. Session expired or login page detected.
[DEBUG] reason=microsoft_login_page_detected_after_session
[NEXT] Run: python src/run_once.py --init-session
[NEXT] Then run: python src/run_once.py
[INFO] scraped notices: 0
[WARN] Portal auth required. Session expired or login page detected.
[DEBUG] reason=login_flow_failed
[NEXT] Run: python src/run_once.py --init-session
[NEXT] Then run: python src/run_once.py
[INFO] scraped notices: 0
[WARN] Portal auth required. Session expired or login page detected.
[DEBUG] reason=login_flow_failed
[NEXT] Run: python src/run_once.py --init-session
[NEXT] Then run: python src/run_once.py
[INFO] scraped notices: 0
[WARN] Portal auth required. Session expired or login page detected.
[DEBUG] reason=login_flow_failed
[NEXT] Run: python src/run_once.py --init-session
[NEXT] Then run: python src/run_once.py
[INFO] scraped notices: 0
[WARN] Portal auth required. Session expired or login page detected.
[DEBUG] reason=login_flow_failed
[NEXT] Run: python src/run_once.py --init-session
[NEXT] Then run: python src/run_once.py
[INFO] scraped notices: 0
[WARN] Portal auth required. Session expired or login page detected.
[DEBUG] reason=login_flow_failed
[NEXT] Run: python src/run_once.py --init-session
[NEXT] Then run: python src/run_once.py
[INFO] scraped notices: 0
[WARN] Portal auth required. Session expired or login page detected.
[DEBUG] reason=login_flow_failed
[NEXT] Run: python src/run_once.py --init-session
[NEXT] Then run: python src/run_once.py
[INFO] scraped notices: 0
[WARN] Portal auth required. Session expired or login page detected.
[DEBUG] reason=login_flow_failed
[NEXT] Run: python src/run_once.py --init-session
[NEXT] Then run: python src/run_once.py
[INFO] scraped notices: 0
[WARN] Portal auth required. Session expired or login page detected.
[DEBUG] reason=login_flow_failed
[NEXT] Run: python src/run_once.py --init-session
[NEXT] Then run: python src/run_once.py
[INFO] scraped notices: 0
[WARN] Portal auth required. Session expired or login page detected.
[DEBUG] reason=login_flow_failed
[NEXT] Run: python src/run_once.py --init-session
[NEXT] Then run: python src/run_once.py
[INFO] scraped notices: 0
[WARN] Portal auth required. Session expired or login page detected.
[DEBUG] reason=login_flow_failed
[NEXT] Run: python src/run_once.py --init-session
[NEXT] Then run: python src/run_once.py
[INFO] scraped notices: 0
[WARN] Portal auth required. Session expired or login page detected.
[DEBUG] reason=login_flow_failed
[NEXT] Run: python src/run_once.py --init-session
[NEXT] Then run: python src/run_once.py
[INFO] scraped notices: 0
[WARN] Portal auth required. Session expired or login page detected.
[DEBUG] reason=login_flow_failed
[NEXT] Run: python src/run_once.py --init-session
[NEXT] Then run: python src/run_once.py
[INFO] scraped notices: 0
[WARN] Portal auth required. Session expired or login page detected.
[DEBUG] reason=login_flow_failed
[NEXT] Run: python src/run_once.py --init-session
[NEXT] Then run: python src/run_once.py
[INFO] scraped notices: 0
[WARN] Portal auth required. Session expired or login page detected.
[DEBUG] reason=login_flow_failed
[NEXT] Run: python src/run_once.py --init-session
[NEXT] Then run: python src/run_once.py
[INFO] scraped notices: 0
[WARN] Portal auth required. Session expired or login page detected.
[DEBUG] reason=login_flow_failed
[NEXT] Run: python src/run_once.py --init-session
[NEXT] Then run: python src/run_once.py
[INFO] scraped notices: 0
[WARN] Portal auth required. Session expired or login page detected.
[DEBUG] reason=login_flow_failed
[NEXT] Run: python src/run_once.py --init-session
[NEXT] Then run: python src/run_once.py
[INFO] scraped notices: 0
[WARN] Portal auth required. Session expired or login page detected.
[DEBUG] reason=login_flow_failed
[NEXT] Run: python src/run_once.py --init-session
[NEXT] Then run: python src/run_once.py
[INFO] scraped notices: 0
[WARN] Portal auth required. Session expired or login page detected.
[DEBUG] reason=login_flow_failed
[NEXT] Run: python src/run_once.py --init-session
[NEXT] Then run: python src/run_once.py
[INFO] scraped notices: 0
[WARN] Portal auth required. Session expired or login page detected.
[DEBUG] reason=login_flow_failed
[NEXT] Run: python src/run_once.py --init-session
[NEXT] Then run: python src/run_once.py
[INFO] scraped notices: 0
[WARN] Portal auth required. Session expired or login page detected.
[DEBUG] reason=login_flow_failed
[NEXT] Run: python src/run_once.py --init-session
[NEXT] Then run: python src/run_once.py
[INFO] scraped notices: 0
[WARN] Portal auth required. Session expired or login page detected.
[DEBUG] reason=login_flow_failed
[NEXT] Run: python src/run_once.py --init-session
[NEXT] Then run: python src/run_once.py
[INFO] scraped notices: 0
[WARN] Portal auth required. Session expired or login page detected.
[DEBUG] reason=login_flow_failed
[NEXT] Run: python src/run_once.py --init-session
[NEXT] Then run: python src/run_once.py
[INFO] scraped notices: 49
[INFO] created=0 updated=49
[INFO] No new notice documents. Push skipped.
[sample 1] 2026/04/15 11:39 | 鉄道研究部新入部員募集中
[sample 2] 2026/04/15 11:11 | キャリアより）【全学部・全学年対象】4/15(水）2026 夏期 海外インターンシップ 募集ガイダンス実施案内
[sample 3] 2026/04/15 11:10 | SCキャリアより）4/15(水)就活基礎講座②AIでつくる自己PR・ガクチカ作成【ライブ配信】
[INFO] section_counts 伝言:2, 大学からのお知らせ:31, 教員からのお知らせ:4, 誰でも投稿:12
[INFO] scraped notices: 49
[INFO] created=0 updated=49
[INFO] No new notice documents. Push skipped.
[sample 1] 2026/04/15 11:39 | 鉄道研究部新入部員募集中
[sample 2] 2026/04/15 11:11 | キャリアより）【全学部・全学年対象】4/15(水）2026 夏期 海外インターンシップ 募集ガイダンス実施案内
[sample 3] 2026/04/15 11:10 | SCキャリアより）4/15(水)就活基礎講座②AIでつくる自己PR・ガクチカ作成【ライブ配信】
[INFO] section_counts 伝言:2, 大学からのお知らせ:31, 教員からのお知らせ:4, 誰でも投稿:12
[INFO] scraped notices: 49
[INFO] created=0 updated=49
[INFO] No new notice documents. Push skipped.
[sample 1] 2026/04/15 11:39 | 鉄道研究部新入部員募集中
[sample 2] 2026/04/15 11:11 | キャリアより）【全学部・全学年対象】4/15(水）2026 夏期 海外インターンシップ 募集ガイダンス実施案内
[sample 3] 2026/04/15 11:10 | SCキャリアより）4/15(水)就活基礎講座②AIでつくる自己PR・ガクチカ作成【ライブ配信】
[INFO] section_counts 伝言:2, 大学からのお知らせ:31, 教員からのお知らせ:4, 誰でも投稿:12
[INFO] scraped notices: 49
[INFO] created=0 updated=49
[INFO] No new notice documents. Push skipped.
[sample 1] 2026/04/15 11:39 | 鉄道研究部新入部員募集中
[sample 2] 2026/04/15 11:11 | キャリアより）【全学部・全学年対象】4/15(水）2026 夏期 海外インターンシップ 募集ガイダンス実施案内
[sample 3] 2026/04/15 11:10 | SCキャリアより）4/15(水)就活基礎講座②AIでつくる自己PR・ガクチカ作成【ライブ配信】
[INFO] section_counts 伝言:2, 大学からのお知らせ:31, 教員からのお知らせ:4, 誰でも投稿:12
[INFO] scraped notices: 49
[INFO] created=1 updated=48
[INFO] push sent=0 failed=0 targets=0
[sample 1] 2026/04/15 16:12 | 履修登録システムのメンテナンスについて(4/15・随時更新）
[sample 2] 2026/04/15 11:39 | 鉄道研究部新入部員募集中
[sample 3] 2026/04/15 11:11 | キャリアより）【全学部・全学年対象】4/15(水）2026 夏期 海外インターンシップ 募集ガイダンス実施案内
[INFO] section_counts 伝言:2, 大学からのお知らせ:31, 教員からのお知らせ:4, 誰でも投稿:12
[INFO] scraped notices: 49
[INFO] created=0 updated=49
[INFO] No new notice documents. Push skipped.
[sample 1] 2026/04/15 16:12 | 履修登録システムのメンテナンスについて(4/15・随時更新）
[sample 2] 2026/04/15 11:39 | 鉄道研究部新入部員募集中
[sample 3] 2026/04/15 11:11 | キャリアより）【全学部・全学年対象】4/15(水）2026 夏期 海外インターンシップ 募集ガイダンス実施案内
[INFO] section_counts 伝言:2, 大学からのお知らせ:31, 教員からのお知らせ:4, 誰でも投稿:12
[INFO] scraped notices: 0
[INFO] auth alert push sent=0 failed=0 targets=0
[WARN] Portal auth required. Session expired or login page detected.
[DEBUG] reason=microsoft_login_page_detected_after_session
[NEXT] Run: python src/run_once.py --init-session
[NEXT] Then run: python src/run_once.py
[INFO] scraped notices: 0
[WARN] Portal auth required. Session expired or login page detected.
[DEBUG] reason=microsoft_login_page_detected_after_session
[NEXT] Run: python src/run_once.py --init-session
[NEXT] Then run: python src/run_once.py
[INFO] scraped notices: 0
[WARN] Portal auth required. Session expired or login page detected.
[DEBUG] reason=microsoft_login_page_detected_after_session
[NEXT] Run: python src/run_once.py --init-session
[NEXT] Then run: python src/run_once.py
[INFO] scraped notices: 0
[WARN] Portal auth required. Session expired or login page detected.
[DEBUG] reason=microsoft_login_page_detected_after_session
[NEXT] Run: python src/run_once.py --init-session
[NEXT] Then run: python src/run_once.py
[INFO] scraped notices: 0
[WARN] Portal auth required. Session expired or login page detected.
[DEBUG] reason=microsoft_login_page_detected_after_session
[NEXT] Run: python src/run_once.py --init-session
[NEXT] Then run: python src/run_once.py
[INFO] scraped notices: 0
[WARN] Portal auth required. Session expired or login page detected.
[DEBUG] reason=microsoft_login_page_detected_after_session
[NEXT] Run: python src/run_once.py --init-session
[NEXT] Then run: python src/run_once.py
[INFO] scraped notices: 0
[WARN] Portal auth required. Session expired or login page detected.
[DEBUG] reason=microsoft_login_page_detected_after_session
[NEXT] Run: python src/run_once.py --init-session
[NEXT] Then run: python src/run_once.py
[INFO] scraped notices: 0
[WARN] Portal auth required. Session expired or login page detected.
[DEBUG] reason=microsoft_login_page_detected_after_session
[NEXT] Run: python src/run_once.py --init-session
[NEXT] Then run: python src/run_once.py
[INFO] scraped notices: 0
[WARN] Portal auth required. Session expired or login page detected.
[DEBUG] reason=login_flow_failed
[NEXT] Run: python src/run_once.py --init-session
[NEXT] Then run: python src/run_once.py
[INFO] scraped notices: 0
[WARN] Portal auth required. Session expired or login page detected.
[DEBUG] reason=login_flow_failed
[NEXT] Run: python src/run_once.py --init-session
[NEXT] Then run: python src/run_once.py
[INFO] scraped notices: 0
[WARN] Portal auth required. Session expired or login page detected.
[DEBUG] reason=login_flow_failed
[NEXT] Run: python src/run_once.py --init-session
[NEXT] Then run: python src/run_once.py
[INFO] scraped notices: 0
[WARN] Portal auth required. Session expired or login page detected.
[DEBUG] reason=login_flow_failed
[NEXT] Run: python src/run_once.py --init-session
[NEXT] Then run: python src/run_once.py
[INFO] scraped notices: 0
[WARN] Portal auth required. Session expired or login page detected.
[DEBUG] reason=login_flow_failed
[NEXT] Run: python src/run_once.py --init-session
[NEXT] Then run: python src/run_once.py
[INFO] scraped notices: 0
[WARN] Portal auth required. Session expired or login page detected.
[DEBUG] reason=login_flow_failed
[NEXT] Run: python src/run_once.py --init-session
[NEXT] Then run: python src/run_once.py
[INFO] scraped notices: 0
[WARN] Portal auth required. Session expired or login page detected.
[DEBUG] reason=login_flow_failed
[NEXT] Run: python src/run_once.py --init-session
[NEXT] Then run: python src/run_once.py
[INFO] scraped notices: 0
[WARN] Portal auth required. Session expired or login page detected.
[DEBUG] reason=login_flow_failed
[NEXT] Run: python src/run_once.py --init-session
[NEXT] Then run: python src/run_once.py
[INFO] scraped notices: 0
[WARN] Portal auth required. Session expired or login page detected.
[DEBUG] reason=login_flow_failed
[NEXT] Run: python src/run_once.py --init-session
[NEXT] Then run: python src/run_once.py
[INFO] scraped notices: 0
[WARN] Portal auth required. Session expired or login page detected.
[DEBUG] reason=login_flow_failed
[NEXT] Run: python src/run_once.py --init-session
[NEXT] Then run: python src/run_once.py
[INFO] scraped notices: 0
[WARN] Portal auth required. Session expired or login page detected.
[DEBUG] reason=login_flow_failed
[NEXT] Run: python src/run_once.py --init-session
[NEXT] Then run: python src/run_once.py
[INFO] scraped notices: 0
[WARN] Portal auth required. Session expired or login page detected.
[DEBUG] reason=login_flow_failed
[NEXT] Run: python src/run_once.py --init-session
[NEXT] Then run: python src/run_once.py
[INFO] scraped notices: 0
[WARN] Portal auth required. Session expired or login page detected.
[DEBUG] reason=login_flow_failed
[NEXT] Run: python src/run_once.py --init-session
[NEXT] Then run: python src/run_once.py
[INFO] scraped notices: 0
[WARN] Portal auth required. Session expired or login page detected.
[DEBUG] reason=login_flow_failed
[NEXT] Run: python src/run_once.py --init-session
[NEXT] Then run: python src/run_once.py
[INFO] scraped notices: 0
[WARN] Portal auth required. Session expired or login page detected.
[DEBUG] reason=login_flow_failed
[NEXT] Run: python src/run_once.py --init-session
[NEXT] Then run: python src/run_once.py
[INFO] scraped notices: 0
[WARN] Portal auth required. Session expired or login page detected.
[DEBUG] reason=login_flow_failed
[NEXT] Run: python src/run_once.py --init-session
[NEXT] Then run: python src/run_once.py
[INFO] scraped notices: 0
[WARN] Portal auth required. Session expired or login page detected.
[DEBUG] reason=microsoft_login_page_detected_after_session
[NEXT] Run: python src/run_once.py --init-session
[NEXT] Then run: python src/run_once.py
[INFO] scraped notices: 0
[WARN] Portal auth required. Session expired or login page detected.
[DEBUG] reason=microsoft_login_page_detected_after_session
[NEXT] Run: python src/run_once.py --init-session
[NEXT] Then run: python src/run_once.py
[INFO] scraped notices: 0
[WARN] Portal auth required. Session expired or login page detected.
[DEBUG] reason=microsoft_login_page_detected_after_session
[NEXT] Run: python src/run_once.py --init-session
[NEXT] Then run: python src/run_once.py
[INFO] scraped notices: 0
[WARN] Portal auth required. Session expired or login page detected.
[DEBUG] reason=microsoft_login_page_detected_after_session
[NEXT] Run: python src/run_once.py --init-session
[NEXT] Then run: python src/run_once.py
[INFO] scraped notices: 0
[WARN] Portal auth required. Session expired or login page detected.
[DEBUG] reason=microsoft_login_page_detected_after_session
[NEXT] Run: python src/run_once.py --init-session
[NEXT] Then run: python src/run_once.py
[INFO] scraped notices: 0
[WARN] Portal auth required. Session expired or login page detected.
[DEBUG] reason=microsoft_login_page_detected_after_session
[NEXT] Run: python src/run_once.py --init-session
[NEXT] Then run: python src/run_once.py
[INFO] scraped notices: 0
[WARN] Portal auth required. Session expired or login page detected.
[DEBUG] reason=microsoft_login_page_detected_after_session
[NEXT] Run: python src/run_once.py --init-session
[NEXT] Then run: python src/run_once.py
[INFO] scraped notices: 0
[WARN] Portal auth required. Session expired or login page detected.
[DEBUG] reason=microsoft_login_page_detected_after_session
[NEXT] Run: python src/run_once.py --init-session
[NEXT] Then run: python src/run_once.py
[INFO] scraped notices: 0
[WARN] Portal auth required. Session expired or login page detected.
[DEBUG] reason=microsoft_login_page_detected_after_session
[NEXT] Run: python src/run_once.py --init-session
[NEXT] Then run: python src/run_once.py
[INFO] scraped notices: 0
[WARN] Portal auth required. Session expired or login page detected.
[DEBUG] reason=microsoft_login_page_detected_after_session
[NEXT] Run: python src/run_once.py --init-session
[NEXT] Then run: python src/run_once.py
[INFO] scraped notices: 0
[WARN] Portal auth required. Session expired or login page detected.
[DEBUG] reason=microsoft_login_page_detected_after_session
[NEXT] Run: python src/run_once.py --init-session
[NEXT] Then run: python src/run_once.py
[INFO] scraped notices: 0
[WARN] Portal auth required. Session expired or login page detected.
[DEBUG] reason=microsoft_login_page_detected_after_session
[NEXT] Run: python src/run_once.py --init-session
[NEXT] Then run: python src/run_once.py
[INFO] scraped notices: 0
[WARN] Portal auth required. Session expired or login page detected.
[DEBUG] reason=microsoft_login_page_detected_after_session
[NEXT] Run: python src/run_once.py --init-session
[NEXT] Then run: python src/run_once.py
[INFO] scraped notices: 0
[WARN] Portal auth required. Session expired or login page detected.
[DEBUG] reason=microsoft_login_page_detected_after_session
[NEXT] Run: python src/run_once.py --init-session
[NEXT] Then run: python src/run_once.py
[INFO] scraped notices: 0
[WARN] Portal auth required. Session expired or login page detected.
[DEBUG] reason=microsoft_login_page_detected_after_session
[NEXT] Run: python src/run_once.py --init-session
[NEXT] Then run: python src/run_once.py
[INFO] scraped notices: 0
[WARN] Portal auth required. Session expired or login page detected.
[DEBUG] reason=microsoft_login_page_detected_after_session
[NEXT] Run: python src/run_once.py --init-session
[NEXT] Then run: python src/run_once.py
[INFO] scraped notices: 0
[WARN] Portal auth required. Session expired or login page detected.
[DEBUG] reason=microsoft_login_page_detected_after_session
[NEXT] Run: python src/run_once.py --init-session
[NEXT] Then run: python src/run_once.py
[INFO] scraped notices: 0
[WARN] Portal auth required. Session expired or login page detected.
[DEBUG] reason=microsoft_login_page_detected_after_session
[NEXT] Run: python src/run_once.py --init-session
[NEXT] Then run: python src/run_once.py
[INFO] scraped notices: 0
[WARN] Portal auth required. Session expired or login page detected.
[DEBUG] reason=microsoft_login_page_detected_after_session
[NEXT] Run: python src/run_once.py --init-session
[NEXT] Then run: python src/run_once.py
[INFO] scraped notices: 0
[WARN] Portal auth required. Session expired or login page detected.
[DEBUG] reason=microsoft_login_page_detected_after_session
[NEXT] Run: python src/run_once.py --init-session
[NEXT] Then run: python src/run_once.py
[INFO] scraped notices: 0
[WARN] Portal auth required. Session expired or login page detected.
[DEBUG] reason=login_flow_failed
[NEXT] Run: python src/run_once.py --init-session
[NEXT] Then run: python src/run_once.py
[INFO] scraped notices: 0
[WARN] Portal auth required. Session expired or login page detected.
[DEBUG] reason=login_flow_failed
[NEXT] Run: python src/run_once.py --init-session
[NEXT] Then run: python src/run_once.py
[INFO] scraped notices: 0
[WARN] Portal auth required. Session expired or login page detected.
[DEBUG] reason=login_flow_failed
[NEXT] Run: python src/run_once.py --init-session
[NEXT] Then run: python src/run_once.py
[INFO] scraped notices: 0
[WARN] Portal auth required. Session expired or login page detected.
[DEBUG] reason=login_flow_failed
[NEXT] Run: python src/run_once.py --init-session
[NEXT] Then run: python src/run_once.py
[INFO] scraped notices: 0
[WARN] Portal auth required. Session expired or login page detected.
[DEBUG] reason=login_flow_failed
[NEXT] Run: python src/run_once.py --init-session
[NEXT] Then run: python src/run_once.py
[INFO] scraped notices: 0
[WARN] Portal auth required. Session expired or login page detected.
[DEBUG] reason=microsoft_login_page_detected_after_session
[NEXT] Run: python src/run_once.py --init-session
[NEXT] Then run: python src/run_once.py
[INFO] scraped notices: 0
[WARN] Portal auth required. Session expired or login page detected.
[DEBUG] reason=microsoft_login_page_detected_after_session
[NEXT] Run: python src/run_once.py --init-session
[NEXT] Then run: python src/run_once.py
[INFO] scraped notices: 0
[WARN] Portal auth required. Session expired or login page detected.
[DEBUG] reason=microsoft_login_page_detected_after_session
[NEXT] Run: python src/run_once.py --init-session
[NEXT] Then run: python src/run_once.py
[INFO] scraped notices: 0
[WARN] Portal auth required. Session expired or login page detected.
[DEBUG] reason=microsoft_login_page_detected_after_session
[NEXT] Run: python src/run_once.py --init-session
[NEXT] Then run: python src/run_once.py
[INFO] scraped notices: 0
[WARN] Portal auth required. Session expired or login page detected.
[DEBUG] reason=microsoft_login_page_detected_after_session
[NEXT] Run: python src/run_once.py --init-session
[NEXT] Then run: python src/run_once.py
[INFO] scraped notices: 0
[WARN] Portal auth required. Session expired or login page detected.
[DEBUG] reason=microsoft_login_page_detected_after_session
[NEXT] Run: python src/run_once.py --init-session
[NEXT] Then run: python src/run_once.py
[INFO] scraped notices: 0
[WARN] Portal auth required. Session expired or login page detected.
[DEBUG] reason=microsoft_login_page_detected_after_session
[NEXT] Run: python src/run_once.py --init-session
[NEXT] Then run: python src/run_once.py
[INFO] scraped notices: 0
[WARN] Portal auth required. Session expired or login page detected.
[DEBUG] reason=microsoft_login_page_detected_after_session
[NEXT] Run: python src/run_once.py --init-session
[NEXT] Then run: python src/run_once.py
[INFO] scraped notices: 0
[WARN] Portal auth required. Session expired or login page detected.
[DEBUG] reason=microsoft_login_page_detected_after_session
[NEXT] Run: python src/run_once.py --init-session
[NEXT] Then run: python src/run_once.py
[INFO] scraped notices: 0
[WARN] Portal auth required. Session expired or login page detected.
[DEBUG] reason=microsoft_login_page_detected_after_session
[NEXT] Run: python src/run_once.py --init-session
[NEXT] Then run: python src/run_once.py
[INFO] scraped notices: 0
[WARN] Portal auth required. Session expired or login page detected.
[DEBUG] reason=microsoft_login_page_detected_after_session
[NEXT] Run: python src/run_once.py --init-session
[NEXT] Then run: python src/run_once.py
[INFO] scraped notices: 0
[WARN] Portal auth required. Session expired or login page detected.
[DEBUG] reason=microsoft_login_page_detected_after_session
[NEXT] Run: python src/run_once.py --init-session
[NEXT] Then run: python src/run_once.py
[INFO] scraped notices: 0
[WARN] Portal auth required. Session expired or login page detected.
[DEBUG] reason=microsoft_login_page_detected_after_session
[NEXT] Run: python src/run_once.py --init-session
[NEXT] Then run: python src/run_once.py
[INFO] scraped notices: 0
[WARN] Portal auth required. Session expired or login page detected.
[DEBUG] reason=microsoft_login_page_detected_after_session
[NEXT] Run: python src/run_once.py --init-session
[NEXT] Then run: python src/run_once.py
[INFO] scraped notices: 49
[INFO] created=0 updated=49
[INFO] No new notice documents. Push skipped.
[sample 1] 2026/04/17 18:41 | キャリアより）公務員ガイダンスのご案内（4/23(木)開催!）
[sample 2] 2026/04/17 17:24 | 各教室の照明・空調の自動電源オフ設定について
[sample 3] 2026/04/17 16:29 | 【明日開催！】夢キャンコミュニケーター新入生交流会のお知らせ
[INFO] section_counts 伝言:2, 大学からのお知らせ:29, 教員からのお知らせ:2, 誰でも投稿:16
[INFO] scraped notices: 49
[INFO] created=0 updated=49
[INFO] No new notice documents. Push skipped.
[sample 1] 2026/04/17 18:41 | キャリアより）公務員ガイダンスのご案内（4/23(木)開催!）
[sample 2] 2026/04/17 17:24 | 各教室の照明・空調の自動電源オフ設定について
[sample 3] 2026/04/17 16:29 | 【明日開催！】夢キャンコミュニケーター新入生交流会のお知らせ
[INFO] section_counts 伝言:2, 大学からのお知らせ:29, 教員からのお知らせ:2, 誰でも投稿:16
[INFO] scraped notices: 49
[INFO] created=0 updated=49
[INFO] No new notice documents. Push skipped.
[sample 1] 2026/04/17 18:41 | キャリアより）公務員ガイダンスのご案内（4/23(木)開催!）
[sample 2] 2026/04/17 17:24 | 各教室の照明・空調の自動電源オフ設定について
[sample 3] 2026/04/17 16:29 | 【明日開催！】夢キャンコミュニケーター新入生交流会のお知らせ
[INFO] section_counts 伝言:2, 大学からのお知らせ:29, 教員からのお知らせ:2, 誰でも投稿:16
[INFO] scraped notices: 49
[INFO] created=0 updated=49
[INFO] No new notice documents. Push skipped.
[sample 1] 2026/04/17 18:41 | キャリアより）公務員ガイダンスのご案内（4/23(木)開催!）
[sample 2] 2026/04/17 17:24 | 各教室の照明・空調の自動電源オフ設定について
[sample 3] 2026/04/17 16:29 | 【明日開催！】夢キャンコミュニケーター新入生交流会のお知らせ
[INFO] section_counts 伝言:2, 大学からのお知らせ:29, 教員からのお知らせ:2, 誰でも投稿:16
[INFO] scraped notices: 49
[INFO] created=0 updated=49
[INFO] No new notice documents. Push skipped.
[sample 1] 2026/04/17 18:41 | キャリアより）公務員ガイダンスのご案内（4/23(木)開催!）
[sample 2] 2026/04/17 17:24 | 各教室の照明・空調の自動電源オフ設定について
[sample 3] 2026/04/17 16:29 | 【明日開催！】夢キャンコミュニケーター新入生交流会のお知らせ
[INFO] section_counts 伝言:2, 大学からのお知らせ:29, 教員からのお知らせ:2, 誰でも投稿:16
[INFO] scraped notices: 49
[INFO] created=0 updated=49
[INFO] No new notice documents. Push skipped.
[sample 1] 2026/04/17 18:41 | キャリアより）公務員ガイダンスのご案内（4/23(木)開催!）
[sample 2] 2026/04/17 17:24 | 各教室の照明・空調の自動電源オフ設定について
[sample 3] 2026/04/17 16:29 | 【明日開催！】夢キャンコミュニケーター新入生交流会のお知らせ
[INFO] section_counts 伝言:2, 大学からのお知らせ:29, 教員からのお知らせ:2, 誰でも投稿:16
[INFO] scraped notices: 0
[INFO] auth alert push sent=0 failed=0 targets=0
[WARN] Portal auth required. Session expired or login page detected.
[DEBUG] reason=login_flow_failed
[NEXT] Run: python src/run_once.py --init-session
[NEXT] Then run: python src/run_once.py
[INFO] scraped notices: 0
[WARN] Portal auth required. Session expired or login page detected.
[DEBUG] reason=login_flow_failed
[NEXT] Run: python src/run_once.py --init-session
[NEXT] Then run: python src/run_once.py
[INFO] scraped notices: 0
[WARN] Portal auth required. Session expired or login page detected.
[DEBUG] reason=login_flow_failed
[NEXT] Run: python src/run_once.py --init-session
[NEXT] Then run: python src/run_once.py
[INFO] scraped notices: 0
[WARN] Portal auth required. Session expired or login page detected.
[DEBUG] reason=login_flow_failed
[NEXT] Run: python src/run_once.py --init-session
[NEXT] Then run: python src/run_once.py
[INFO] scraped notices: 0
[WARN] Portal auth required. Session expired or login page detected.
[DEBUG] reason=login_flow_failed
[NEXT] Run: python src/run_once.py --init-session
[NEXT] Then run: python src/run_once.py
[INFO] scraped notices: 0
[WARN] Portal auth required. Session expired or login page detected.
[DEBUG] reason=login_flow_failed
[NEXT] Run: python src/run_once.py --init-session
[NEXT] Then run: python src/run_once.py
[INFO] scraped notices: 0
[WARN] Portal auth required. Session expired or login page detected.
[DEBUG] reason=login_flow_failed
[NEXT] Run: python src/run_once.py --init-session
[NEXT] Then run: python src/run_once.py
[INFO] scraped notices: 0
[WARN] Portal auth required. Session expired or login page detected.
[DEBUG] reason=login_flow_failed
[NEXT] Run: python src/run_once.py --init-session
[NEXT] Then run: python src/run_once.py
[INFO] scraped notices: 0
[WARN] Portal auth required. Session expired or login page detected.
[DEBUG] reason=login_flow_failed
[NEXT] Run: python src/run_once.py --init-session
[NEXT] Then run: python src/run_once.py
[INFO] scraped notices: 0
[WARN] Portal auth required. Session expired or login page detected.
[DEBUG] reason=login_flow_failed
[NEXT] Run: python src/run_once.py --init-session
[NEXT] Then run: python src/run_once.py
[INFO] scraped notices: 0
[WARN] Portal auth required. Session expired or login page detected.
[DEBUG] reason=login_flow_failed
[NEXT] Run: python src/run_once.py --init-session
[NEXT] Then run: python src/run_once.py
[INFO] scraped notices: 0
[WARN] Portal auth required. Session expired or login page detected.
[DEBUG] reason=login_flow_failed
[NEXT] Run: python src/run_once.py --init-session
[NEXT] Then run: python src/run_once.py
[INFO] scraped notices: 0
[WARN] Portal auth required. Session expired or login page detected.
[DEBUG] reason=login_flow_failed
[NEXT] Run: python src/run_once.py --init-session
[NEXT] Then run: python src/run_once.py
[INFO] scraped notices: 0
[WARN] Portal auth required. Session expired or login page detected.
[DEBUG] reason=login_flow_failed
[NEXT] Run: python src/run_once.py --init-session
[NEXT] Then run: python src/run_once.py
[INFO] scraped notices: 0
[WARN] Portal auth required. Session expired or login page detected.
[DEBUG] reason=login_flow_failed
[NEXT] Run: python src/run_once.py --init-session
[NEXT] Then run: python src/run_once.py
[INFO] scraped notices: 0
[WARN] Portal auth required. Session expired or login page detected.
[DEBUG] reason=login_flow_failed
[NEXT] Run: python src/run_once.py --init-session
[NEXT] Then run: python src/run_once.py
[INFO] scraped notices: 0
[WARN] Portal auth required. Session expired or login page detected.
[DEBUG] reason=login_flow_failed
[NEXT] Run: python src/run_once.py --init-session
[NEXT] Then run: python src/run_once.py
[INFO] scraped notices: 0
[WARN] Portal auth required. Session expired or login page detected.
[DEBUG] reason=login_flow_failed
[NEXT] Run: python src/run_once.py --init-session
[NEXT] Then run: python src/run_once.py
[INFO] scraped notices: 0
[WARN] Portal auth required. Session expired or login page detected.
[DEBUG] reason=login_flow_failed
[NEXT] Run: python src/run_once.py --init-session
[NEXT] Then run: python src/run_once.py
[INFO] scraped notices: 0
[WARN] Portal auth required. Session expired or login page detected.
[DEBUG] reason=login_flow_failed
[NEXT] Run: python src/run_once.py --init-session
[NEXT] Then run: python src/run_once.py
[INFO] scraped notices: 0
[WARN] Portal auth required. Session expired or login page detected.
[DEBUG] reason=login_flow_failed
[NEXT] Run: python src/run_once.py --init-session
[NEXT] Then run: python src/run_once.py
[INFO] scraped notices: 0
[WARN] Portal auth required. Session expired or login page detected.
[DEBUG] reason=login_flow_failed
[NEXT] Run: python src/run_once.py --init-session
[NEXT] Then run: python src/run_once.py
[INFO] scraped notices: 0
[WARN] Portal auth required. Session expired or login page detected.
[DEBUG] reason=login_flow_failed
[NEXT] Run: python src/run_once.py --init-session
[NEXT] Then run: python src/run_once.py
[INFO] scraped notices: 0
[WARN] Portal auth required. Session expired or login page detected.
[DEBUG] reason=login_flow_failed
[NEXT] Run: python src/run_once.py --init-session
[NEXT] Then run: python src/run_once.py
[INFO] scraped notices: 0
[WARN] Portal auth required. Session expired or login page detected.
[DEBUG] reason=login_flow_failed
[NEXT] Run: python src/run_once.py --init-session
[NEXT] Then run: python src/run_once.py
[INFO] scraped notices: 0
[WARN] Portal auth required. Session expired or login page detected.
[DEBUG] reason=login_flow_failed
[NEXT] Run: python src/run_once.py --init-session
[NEXT] Then run: python src/run_once.py
[INFO] scraped notices: 0
[WARN] Portal auth required. Session expired or login page detected.
[DEBUG] reason=login_flow_failed
[NEXT] Run: python src/run_once.py --init-session
[NEXT] Then run: python src/run_once.py
[INFO] scraped notices: 0
[WARN] Portal auth required. Session expired or login page detected.
[DEBUG] reason=login_flow_failed
[NEXT] Run: python src/run_once.py --init-session
[NEXT] Then run: python src/run_once.py
[INFO] scraped notices: 0
[WARN] Portal auth required. Session expired or login page detected.
[DEBUG] reason=login_flow_failed
[NEXT] Run: python src/run_once.py --init-session
[NEXT] Then run: python src/run_once.py
[INFO] scraped notices: 0
[WARN] Portal auth required. Session expired or login page detected.
[DEBUG] reason=login_flow_failed
[NEXT] Run: python src/run_once.py --init-session
[NEXT] Then run: python src/run_once.py
[INFO] scraped notices: 0
[WARN] Portal auth required. Session expired or login page detected.
[DEBUG] reason=login_flow_failed
[NEXT] Run: python src/run_once.py --init-session
[NEXT] Then run: python src/run_once.py
[INFO] scraped notices: 0
[WARN] Portal auth required. Session expired or login page detected.
[DEBUG] reason=login_flow_failed
[NEXT] Run: python src/run_once.py --init-session
[NEXT] Then run: python src/run_once.py
[INFO] scraped notices: 0
[WARN] Portal auth required. Session expired or login page detected.
[DEBUG] reason=login_flow_failed
[NEXT] Run: python src/run_once.py --init-session
[NEXT] Then run: python src/run_once.py
[INFO] scraped notices: 0
[WARN] Portal auth required. Session expired or login page detected.
[DEBUG] reason=login_flow_failed
[NEXT] Run: python src/run_once.py --init-session
[NEXT] Then run: python src/run_once.py
[INFO] scraped notices: 0
[WARN] Portal auth required. Session expired or login page detected.
[DEBUG] reason=login_flow_failed
[NEXT] Run: python src/run_once.py --init-session
[NEXT] Then run: python src/run_once.py
[INFO] scraped notices: 0
[WARN] Portal auth required. Session expired or login page detected.
[DEBUG] reason=login_flow_failed
[NEXT] Run: python src/run_once.py --init-session
[NEXT] Then run: python src/run_once.py
[INFO] scraped notices: 0
[WARN] Portal auth required. Session expired or login page detected.
[DEBUG] reason=login_flow_failed
[NEXT] Run: python src/run_once.py --init-session
[NEXT] Then run: python src/run_once.py
[INFO] scraped notices: 0
[WARN] Portal auth required. Session expired or login page detected.
[DEBUG] reason=login_flow_failed
[NEXT] Run: python src/run_once.py --init-session
[NEXT] Then run: python src/run_once.py
[INFO] scraped notices: 0
[WARN] Portal auth required. Session expired or login page detected.
[DEBUG] reason=login_flow_failed
[NEXT] Run: python src/run_once.py --init-session
[NEXT] Then run: python src/run_once.py
[INFO] scraped notices: 0
[WARN] Portal auth required. Session expired or login page detected.
[DEBUG] reason=login_flow_failed
[NEXT] Run: python src/run_once.py --init-session
[NEXT] Then run: python src/run_once.py
[INFO] scraped notices: 0
[WARN] Portal auth required. Session expired or login page detected.
[DEBUG] reason=login_flow_failed
[NEXT] Run: python src/run_once.py --init-session
[NEXT] Then run: python src/run_once.py
[INFO] scraped notices: 0
[WARN] Portal auth required. Session expired or login page detected.
[DEBUG] reason=login_flow_failed
[NEXT] Run: python src/run_once.py --init-session
[NEXT] Then run: python src/run_once.py
[INFO] scraped notices: 0
[WARN] Portal auth required. Session expired or login page detected.
[DEBUG] reason=login_flow_failed
[NEXT] Run: python src/run_once.py --init-session
[NEXT] Then run: python src/run_once.py
[INFO] scraped notices: 0
[WARN] Portal auth required. Session expired or login page detected.
[DEBUG] reason=login_flow_failed
[NEXT] Run: python src/run_once.py --init-session
[NEXT] Then run: python src/run_once.py
[INFO] scraped notices: 0
[WARN] Portal auth required. Session expired or login page detected.
[DEBUG] reason=login_flow_failed
[NEXT] Run: python src/run_once.py --init-session
[NEXT] Then run: python src/run_once.py
[INFO] scraped notices: 0
[WARN] Portal auth required. Session expired or login page detected.
[DEBUG] reason=login_flow_failed
[NEXT] Run: python src/run_once.py --init-session
[NEXT] Then run: python src/run_once.py
[INFO] scraped notices: 0
[WARN] Portal auth required. Session expired or login page detected.
[DEBUG] reason=login_flow_failed
[NEXT] Run: python src/run_once.py --init-session
[NEXT] Then run: python src/run_once.py
[INFO] scraped notices: 0
[WARN] Portal auth required. Session expired or login page detected.
[DEBUG] reason=login_flow_failed
[NEXT] Run: python src/run_once.py --init-session
[NEXT] Then run: python src/run_once.py
[INFO] scraped notices: 0
[WARN] Portal auth required. Session expired or login page detected.
[DEBUG] reason=login_flow_failed
[NEXT] Run: python src/run_once.py --init-session
[NEXT] Then run: python src/run_once.py
[INFO] scraped notices: 0
[WARN] Portal auth required. Session expired or login page detected.
[DEBUG] reason=login_flow_failed
[NEXT] Run: python src/run_once.py --init-session
[NEXT] Then run: python src/run_once.py
[INFO] scraped notices: 0
[WARN] Portal auth required. Session expired or login page detected.
[DEBUG] reason=login_flow_failed
[NEXT] Run: python src/run_once.py --init-session
[NEXT] Then run: python src/run_once.py
[INFO] scraped notices: 0
[WARN] Portal auth required. Session expired or login page detected.
[DEBUG] reason=login_flow_failed
[NEXT] Run: python src/run_once.py --init-session
[NEXT] Then run: python src/run_once.py
[INFO] scraped notices: 0
[WARN] Portal auth required. Session expired or login page detected.
[DEBUG] reason=login_flow_failed
[NEXT] Run: python src/run_once.py --init-session
[NEXT] Then run: python src/run_once.py
[INFO] scraped notices: 0
[WARN] Portal auth required. Session expired or login page detected.
[DEBUG] reason=login_flow_failed
[NEXT] Run: python src/run_once.py --init-session
[NEXT] Then run: python src/run_once.py
[INFO] scraped notices: 0
[WARN] Portal auth required. Session expired or login page detected.
[DEBUG] reason=login_flow_failed
[NEXT] Run: python src/run_once.py --init-session
[NEXT] Then run: python src/run_once.py
[INFO] scraped notices: 0
[WARN] Portal auth required. Session expired or login page detected.
[DEBUG] reason=login_flow_failed
[NEXT] Run: python src/run_once.py --init-session
[NEXT] Then run: python src/run_once.py
[INFO] scraped notices: 0
[WARN] Portal auth required. Session expired or login page detected.
[DEBUG] reason=login_flow_failed
[NEXT] Run: python src/run_once.py --init-session
[NEXT] Then run: python src/run_once.py
[INFO] scraped notices: 0
[WARN] Portal auth required. Session expired or login page detected.
[DEBUG] reason=login_flow_failed
[NEXT] Run: python src/run_once.py --init-session
[NEXT] Then run: python src/run_once.py
[INFO] scraped notices: 0
[WARN] Portal auth required. Session expired or login page detected.
[DEBUG] reason=login_flow_failed
[NEXT] Run: python src/run_once.py --init-session
[NEXT] Then run: python src/run_once.py
[INFO] scraped notices: 0
[WARN] Portal auth required. Session expired or login page detected.
[DEBUG] reason=login_flow_failed
[NEXT] Run: python src/run_once.py --init-session
[NEXT] Then run: python src/run_once.py
[INFO] scraped notices: 0
[WARN] Portal auth required. Session expired or login page detected.
[DEBUG] reason=login_flow_failed
[NEXT] Run: python src/run_once.py --init-session
[NEXT] Then run: python src/run_once.py
[INFO] scraped notices: 0
[WARN] Portal auth required. Session expired or login page detected.
[DEBUG] reason=login_flow_failed
[NEXT] Run: python src/run_once.py --init-session
[NEXT] Then run: python src/run_once.py
[INFO] scraped notices: 0
[WARN] Portal auth required. Session expired or login page detected.
[DEBUG] reason=login_flow_failed
[NEXT] Run: python src/run_once.py --init-session
[NEXT] Then run: python src/run_once.py
[INFO] scraped notices: 0
[WARN] Portal auth required. Session expired or login page detected.
[DEBUG] reason=login_flow_failed
[NEXT] Run: python src/run_once.py --init-session
[NEXT] Then run: python src/run_once.py
[INFO] scraped notices: 0
[WARN] Portal auth required. Session expired or login page detected.
[DEBUG] reason=login_flow_failed
[NEXT] Run: python src/run_once.py --init-session
[NEXT] Then run: python src/run_once.py
[INFO] scraped notices: 0
[WARN] Portal auth required. Session expired or login page detected.
[DEBUG] reason=login_flow_failed
[NEXT] Run: python src/run_once.py --init-session
[NEXT] Then run: python src/run_once.py
[INFO] scraped notices: 0
[WARN] Portal auth required. Session expired or login page detected.
[DEBUG] reason=login_flow_failed
[NEXT] Run: python src/run_once.py --init-session
[NEXT] Then run: python src/run_once.py
[INFO] scraped notices: 0
[WARN] Portal auth required. Session expired or login page detected.
[DEBUG] reason=login_flow_failed
[NEXT] Run: python src/run_once.py --init-session
[NEXT] Then run: python src/run_once.py
[INFO] scraped notices: 0
[WARN] Portal auth required. Session expired or login page detected.
[DEBUG] reason=login_flow_failed
[NEXT] Run: python src/run_once.py --init-session
[NEXT] Then run: python src/run_once.py
[INFO] scraped notices: 0
[WARN] Portal auth required. Session expired or login page detected.
[DEBUG] reason=login_flow_failed
[NEXT] Run: python src/run_once.py --init-session
[NEXT] Then run: python src/run_once.py
[INFO] scraped notices: 0
[WARN] Portal auth required. Session expired or login page detected.
[DEBUG] reason=login_flow_failed
[NEXT] Run: python src/run_once.py --init-session
[NEXT] Then run: python src/run_once.py
[INFO] scraped notices: 0
[WARN] Portal auth required. Session expired or login page detected.
[DEBUG] reason=login_flow_failed
[NEXT] Run: python src/run_once.py --init-session
[NEXT] Then run: python src/run_once.py
[INFO] scraped notices: 0
[WARN] Portal auth required. Session expired or login page detected.
[DEBUG] reason=login_flow_failed
[NEXT] Run: python src/run_once.py --init-session
[NEXT] Then run: python src/run_once.py
[INFO] scraped notices: 0
[WARN] Portal auth required. Session expired or login page detected.
[DEBUG] reason=login_flow_failed
[NEXT] Run: python src/run_once.py --init-session
[NEXT] Then run: python src/run_once.py
[INFO] scraped notices: 0
[WARN] Portal auth required. Session expired or login page detected.
[DEBUG] reason=login_flow_failed
[NEXT] Run: python src/run_once.py --init-session
[NEXT] Then run: python src/run_once.py
[INFO] scraped notices: 0
[WARN] Portal auth required. Session expired or login page detected.
[DEBUG] reason=login_flow_failed
[NEXT] Run: python src/run_once.py --init-session
[NEXT] Then run: python src/run_once.py
[INFO] scraped notices: 0
[WARN] Portal auth required. Session expired or login page detected.
[DEBUG] reason=login_flow_failed
[NEXT] Run: python src/run_once.py --init-session
[NEXT] Then run: python src/run_once.py
[INFO] scraped notices: 0
[WARN] Portal auth required. Session expired or login page detected.
[DEBUG] reason=login_flow_failed
[NEXT] Run: python src/run_once.py --init-session
[NEXT] Then run: python src/run_once.py
[INFO] scraped notices: 0
[WARN] Portal auth required. Session expired or login page detected.
[DEBUG] reason=login_flow_failed
[NEXT] Run: python src/run_once.py --init-session
[NEXT] Then run: python src/run_once.py
[INFO] scraped notices: 0
[WARN] Portal auth required. Session expired or login page detected.
[DEBUG] reason=login_flow_failed
[NEXT] Run: python src/run_once.py --init-session
[NEXT] Then run: python src/run_once.py
[INFO] scraped notices: 0
[WARN] Portal auth required. Session expired or login page detected.
[DEBUG] reason=login_flow_failed
[NEXT] Run: python src/run_once.py --init-session
[NEXT] Then run: python src/run_once.py
[INFO] scraped notices: 0
[WARN] Portal auth required. Session expired or login page detected.
[DEBUG] reason=login_flow_failed
[NEXT] Run: python src/run_once.py --init-session
[NEXT] Then run: python src/run_once.py
[INFO] scraped notices: 0
[WARN] Portal auth required. Session expired or login page detected.
[DEBUG] reason=login_flow_failed
[NEXT] Run: python src/run_once.py --init-session
[NEXT] Then run: python src/run_once.py
[INFO] scraped notices: 0
[WARN] Portal auth required. Session expired or login page detected.
[DEBUG] reason=login_flow_failed
[NEXT] Run: python src/run_once.py --init-session
[NEXT] Then run: python src/run_once.py
[INFO] scraped notices: 0
[WARN] Portal auth required. Session expired or login page detected.
[DEBUG] reason=login_flow_failed
[NEXT] Run: python src/run_once.py --init-session
[NEXT] Then run: python src/run_once.py
[INFO] scraped notices: 0
[WARN] Portal auth required. Session expired or login page detected.
[DEBUG] reason=login_flow_failed
[NEXT] Run: python src/run_once.py --init-session
[NEXT] Then run: python src/run_once.py
[INFO] scraped notices: 0
[WARN] Portal auth required. Session expired or login page detected.
[DEBUG] reason=login_flow_failed
[NEXT] Run: python src/run_once.py --init-session
[NEXT] Then run: python src/run_once.py
[INFO] scraped notices: 0
[WARN] Portal auth required. Session expired or login page detected.
[DEBUG] reason=login_flow_failed
[NEXT] Run: python src/run_once.py --init-session
[NEXT] Then run: python src/run_once.py
[INFO] scraped notices: 0
[WARN] Portal auth required. Session expired or login page detected.
[DEBUG] reason=login_flow_failed
[NEXT] Run: python src/run_once.py --init-session
[NEXT] Then run: python src/run_once.py
[INFO] scraped notices: 0
[WARN] Portal auth required. Session expired or login page detected.
[DEBUG] reason=login_flow_failed
[NEXT] Run: python src/run_once.py --init-session
[NEXT] Then run: python src/run_once.py
[INFO] scraped notices: 0
[WARN] Portal auth required. Session expired or login page detected.
[DEBUG] reason=login_flow_failed
[NEXT] Run: python src/run_once.py --init-session
[NEXT] Then run: python src/run_once.py
[INFO] scraped notices: 0
[WARN] Portal auth required. Session expired or login page detected.
[DEBUG] reason=login_flow_failed
[NEXT] Run: python src/run_once.py --init-session
[NEXT] Then run: python src/run_once.py
[INFO] scraped notices: 0
[WARN] Portal auth required. Session expired or login page detected.
[DEBUG] reason=login_flow_failed
[NEXT] Run: python src/run_once.py --init-session
[NEXT] Then run: python src/run_once.py
[INFO] scraped notices: 0
[WARN] Portal auth required. Session expired or login page detected.
[DEBUG] reason=login_flow_failed
[NEXT] Run: python src/run_once.py --init-session
[NEXT] Then run: python src/run_once.py
[INFO] scraped notices: 0
[WARN] Portal auth required. Session expired or login page detected.
[DEBUG] reason=login_flow_failed
[NEXT] Run: python src/run_once.py --init-session
[NEXT] Then run: python src/run_once.py
[INFO] scraped notices: 0
[WARN] Portal auth required. Session expired or login page detected.
[DEBUG] reason=login_flow_failed
[NEXT] Run: python src/run_once.py --init-session
[NEXT] Then run: python src/run_once.py
[INFO] scraped notices: 0
[WARN] Portal auth required. Session expired or login page detected.
[DEBUG] reason=login_flow_failed
[NEXT] Run: python src/run_once.py --init-session
[NEXT] Then run: python src/run_once.py
[INFO] scraped notices: 0
[WARN] Portal auth required. Session expired or login page detected.
[DEBUG] reason=login_flow_failed
[NEXT] Run: python src/run_once.py --init-session
[NEXT] Then run: python src/run_once.py
[INFO] scraped notices: 0
[WARN] Portal auth required. Session expired or login page detected.
[DEBUG] reason=login_flow_failed
[NEXT] Run: python src/run_once.py --init-session
[NEXT] Then run: python src/run_once.py
[INFO] scraped notices: 0
[WARN] Portal auth required. Session expired or login page detected.
[DEBUG] reason=login_flow_failed
[NEXT] Run: python src/run_once.py --init-session
[NEXT] Then run: python src/run_once.py
[INFO] scraped notices: 0
[WARN] Portal auth required. Session expired or login page detected.
[DEBUG] reason=login_flow_failed
[NEXT] Run: python src/run_once.py --init-session
[NEXT] Then run: python src/run_once.py
[INFO] scraped notices: 0
[WARN] Portal auth required. Session expired or login page detected.
[DEBUG] reason=login_flow_failed
[NEXT] Run: python src/run_once.py --init-session
[NEXT] Then run: python src/run_once.py
[INFO] scraped notices: 0
[WARN] Portal auth required. Session expired or login page detected.
[DEBUG] reason=login_flow_failed
[NEXT] Run: python src/run_once.py --init-session
[NEXT] Then run: python src/run_once.py
[INFO] scraped notices: 0
[WARN] Portal auth required. Session expired or login page detected.
[DEBUG] reason=login_flow_failed
[NEXT] Run: python src/run_once.py --init-session
[NEXT] Then run: python src/run_once.py
[INFO] scraped notices: 0
[WARN] Portal auth required. Session expired or login page detected.
[DEBUG] reason=login_flow_failed
[NEXT] Run: python src/run_once.py --init-session
[NEXT] Then run: python src/run_once.py
[INFO] scraped notices: 0
[WARN] Portal auth required. Session expired or login page detected.
[DEBUG] reason=login_flow_failed
[NEXT] Run: python src/run_once.py --init-session
[NEXT] Then run: python src/run_once.py
[INFO] scraped notices: 0
[WARN] Portal auth required. Session expired or login page detected.
[DEBUG] reason=login_flow_failed
[NEXT] Run: python src/run_once.py --init-session
[NEXT] Then run: python src/run_once.py
[INFO] scraped notices: 0
[WARN] Portal auth required. Session expired or login page detected.
[DEBUG] reason=login_flow_failed
[NEXT] Run: python src/run_once.py --init-session
[NEXT] Then run: python src/run_once.py
[INFO] scraped notices: 0
[WARN] Portal auth required. Session expired or login page detected.
[DEBUG] reason=login_flow_failed
[NEXT] Run: python src/run_once.py --init-session
[NEXT] Then run: python src/run_once.py
[INFO] scraped notices: 0
[WARN] Portal auth required. Session expired or login page detected.
[DEBUG] reason=login_flow_failed
[NEXT] Run: python src/run_once.py --init-session
[NEXT] Then run: python src/run_once.py
[INFO] scraped notices: 0
[WARN] Portal auth required. Session expired or login page detected.
[DEBUG] reason=login_flow_failed
[NEXT] Run: python src/run_once.py --init-session
[NEXT] Then run: python src/run_once.py
[INFO] scraped notices: 0
[WARN] Portal auth required. Session expired or login page detected.
[DEBUG] reason=login_flow_failed
[NEXT] Run: python src/run_once.py --init-session
[NEXT] Then run: python src/run_once.py
[INFO] scraped notices: 0
[WARN] Portal auth required. Session expired or login page detected.
[DEBUG] reason=login_flow_failed
[NEXT] Run: python src/run_once.py --init-session
[NEXT] Then run: python src/run_once.py
[INFO] scraped notices: 0
[WARN] Portal auth required. Session expired or login page detected.
[DEBUG] reason=login_flow_failed
[NEXT] Run: python src/run_once.py --init-session
[NEXT] Then run: python src/run_once.py
[INFO] scraped notices: 0
[WARN] Portal auth required. Session expired or login page detected.
[DEBUG] reason=login_flow_failed
[NEXT] Run: python src/run_once.py --init-session
[NEXT] Then run: python src/run_once.py
[INFO] scraped notices: 0
[WARN] Portal auth required. Session expired or login page detected.
[DEBUG] reason=login_flow_failed
[NEXT] Run: python src/run_once.py --init-session
[NEXT] Then run: python src/run_once.py
[INFO] scraped notices: 0
[WARN] Portal auth required. Session expired or login page detected.
[DEBUG] reason=login_flow_failed
[NEXT] Run: python src/run_once.py --init-session
[NEXT] Then run: python src/run_once.py
[INFO] scraped notices: 0
[WARN] Portal auth required. Session expired or login page detected.
[DEBUG] reason=login_flow_failed
[NEXT] Run: python src/run_once.py --init-session
[NEXT] Then run: python src/run_once.py
[INFO] scraped notices: 0
[WARN] Portal auth required. Session expired or login page detected.
[DEBUG] reason=login_flow_failed
[NEXT] Run: python src/run_once.py --init-session
[NEXT] Then run: python src/run_once.py
[INFO] scraped notices: 0
[WARN] Portal auth required. Session expired or login page detected.
[DEBUG] reason=login_flow_failed
[NEXT] Run: python src/run_once.py --init-session
[NEXT] Then run: python src/run_once.py
[INFO] scraped notices: 0
[WARN] Portal auth required. Session expired or login page detected.
[DEBUG] reason=login_flow_failed
[NEXT] Run: python src/run_once.py --init-session
[NEXT] Then run: python src/run_once.py
[INFO] scraped notices: 0
[WARN] Portal auth required. Session expired or login page detected.
[DEBUG] reason=login_flow_failed
[NEXT] Run: python src/run_once.py --init-session
[NEXT] Then run: python src/run_once.py
[INFO] scraped notices: 0
[WARN] Portal auth required. Session expired or login page detected.
[DEBUG] reason=login_flow_failed
[NEXT] Run: python src/run_once.py --init-session
[NEXT] Then run: python src/run_once.py
[INFO] scraped notices: 0
[WARN] Portal auth required. Session expired or login page detected.
[DEBUG] reason=login_flow_failed
[NEXT] Run: python src/run_once.py --init-session
[NEXT] Then run: python src/run_once.py
[INFO] scraped notices: 0
[WARN] Portal auth required. Session expired or login page detected.
[DEBUG] reason=login_flow_failed
[NEXT] Run: python src/run_once.py --init-session
[NEXT] Then run: python src/run_once.py
[INFO] scraped notices: 0
[WARN] Portal auth required. Session expired or login page detected.
[DEBUG] reason=login_flow_failed
[NEXT] Run: python src/run_once.py --init-session
[NEXT] Then run: python src/run_once.py
[INFO] scraped notices: 0
[WARN] Portal auth required. Session expired or login page detected.
[DEBUG] reason=login_flow_failed
[NEXT] Run: python src/run_once.py --init-session
[NEXT] Then run: python src/run_once.py
[INFO] scraped notices: 0
[WARN] Portal auth required. Session expired or login page detected.
[DEBUG] reason=login_flow_failed
[NEXT] Run: python src/run_once.py --init-session
[NEXT] Then run: python src/run_once.py
[INFO] scraped notices: 0
[WARN] Portal auth required. Session expired or login page detected.
[DEBUG] reason=login_flow_failed
[NEXT] Run: python src/run_once.py --init-session
[NEXT] Then run: python src/run_once.py
[INFO] scraped notices: 0
[WARN] Portal auth required. Session expired or login page detected.
[DEBUG] reason=login_flow_failed
[NEXT] Run: python src/run_once.py --init-session
[NEXT] Then run: python src/run_once.py
[INFO] scraped notices: 0
[WARN] Portal auth required. Session expired or login page detected.
[DEBUG] reason=login_flow_failed
[NEXT] Run: python src/run_once.py --init-session
[NEXT] Then run: python src/run_once.py
[INFO] scraped notices: 0
[WARN] Portal auth required. Session expired or login page detected.
[DEBUG] reason=login_flow_failed
[NEXT] Run: python src/run_once.py --init-session
[NEXT] Then run: python src/run_once.py
[INFO] scraped notices: 0
[WARN] Portal auth required. Session expired or login page detected.
[DEBUG] reason=login_flow_failed
[NEXT] Run: python src/run_once.py --init-session
[NEXT] Then run: python src/run_once.py
[INFO] scraped notices: 0
[WARN] Portal auth required. Session expired or login page detected.
[DEBUG] reason=login_flow_failed
[NEXT] Run: python src/run_once.py --init-session
[NEXT] Then run: python src/run_once.py
[INFO] scraped notices: 0
[WARN] Portal auth required. Session expired or login page detected.
[DEBUG] reason=login_flow_failed
[NEXT] Run: python src/run_once.py --init-session
[NEXT] Then run: python src/run_once.py
[INFO] scraped notices: 0
[WARN] Portal auth required. Session expired or login page detected.
[DEBUG] reason=login_flow_failed
[NEXT] Run: python src/run_once.py --init-session
[NEXT] Then run: python src/run_once.py
[INFO] scraped notices: 0
[WARN] Portal auth required. Session expired or login page detected.
[DEBUG] reason=login_flow_failed
[NEXT] Run: python src/run_once.py --init-session
[NEXT] Then run: python src/run_once.py
[INFO] scraped notices: 0
[WARN] Portal auth required. Session expired or login page detected.
[DEBUG] reason=login_flow_failed
[NEXT] Run: python src/run_once.py --init-session
[NEXT] Then run: python src/run_once.py
[INFO] scraped notices: 0
[WARN] Portal auth required. Session expired or login page detected.
[DEBUG] reason=login_flow_failed
[NEXT] Run: python src/run_once.py --init-session
[NEXT] Then run: python src/run_once.py
[INFO] scraped notices: 0
[WARN] Portal auth required. Session expired or login page detected.
[DEBUG] reason=login_flow_failed
[NEXT] Run: python src/run_once.py --init-session
[NEXT] Then run: python src/run_once.py
[INFO] scraped notices: 0
[WARN] Portal auth required. Session expired or login page detected.
[DEBUG] reason=login_flow_failed
[NEXT] Run: python src/run_once.py --init-session
[NEXT] Then run: python src/run_once.py
[INFO] scraped notices: 0
[WARN] Portal auth required. Session expired or login page detected.
[DEBUG] reason=login_flow_failed
[NEXT] Run: python src/run_once.py --init-session
[NEXT] Then run: python src/run_once.py
[INFO] scraped notices: 0
[WARN] Portal auth required. Session expired or login page detected.
[DEBUG] reason=login_flow_failed
[NEXT] Run: python src/run_once.py --init-session
[NEXT] Then run: python src/run_once.py
[INFO] scraped notices: 0
[WARN] Portal auth required. Session expired or login page detected.
[DEBUG] reason=login_flow_failed
[NEXT] Run: python src/run_once.py --init-session
[NEXT] Then run: python src/run_once.py
[INFO] scraped notices: 0
[WARN] Portal auth required. Session expired or login page detected.
[DEBUG] reason=login_flow_failed
[NEXT] Run: python src/run_once.py --init-session
[NEXT] Then run: python src/run_once.py
[INFO] scraped notices: 0
[WARN] Portal auth required. Session expired or login page detected.
[DEBUG] reason=login_flow_failed
[NEXT] Run: python src/run_once.py --init-session
[NEXT] Then run: python src/run_once.py
[INFO] scraped notices: 0
[WARN] Portal auth required. Session expired or login page detected.
[DEBUG] reason=login_flow_failed
[NEXT] Run: python src/run_once.py --init-session
[NEXT] Then run: python src/run_once.py
[INFO] scraped notices: 0
[WARN] Portal auth required. Session expired or login page detected.
[DEBUG] reason=login_flow_failed
[NEXT] Run: python src/run_once.py --init-session
[NEXT] Then run: python src/run_once.py
[INFO] scraped notices: 0
[WARN] Portal auth required. Session expired or login page detected.
[DEBUG] reason=login_flow_failed
[NEXT] Run: python src/run_once.py --init-session
[NEXT] Then run: python src/run_once.py
[INFO] scraped notices: 0
[WARN] Portal auth required. Session expired or login page detected.
[DEBUG] reason=login_flow_failed
[NEXT] Run: python src/run_once.py --init-session
[NEXT] Then run: python src/run_once.py
[INFO] scraped notices: 0
[WARN] Portal auth required. Session expired or login page detected.
[DEBUG] reason=login_flow_failed
[NEXT] Run: python src/run_once.py --init-session
[NEXT] Then run: python src/run_once.py
[INFO] scraped notices: 0
[WARN] Portal auth required. Session expired or login page detected.
[DEBUG] reason=login_flow_failed
[NEXT] Run: python src/run_once.py --init-session
[NEXT] Then run: python src/run_once.py
[INFO] scraped notices: 0
[WARN] Portal auth required. Session expired or login page detected.
[DEBUG] reason=login_flow_failed
[NEXT] Run: python src/run_once.py --init-session
[NEXT] Then run: python src/run_once.py
[INFO] scraped notices: 0
[WARN] Portal auth required. Session expired or login page detected.
[DEBUG] reason=login_flow_failed
[NEXT] Run: python src/run_once.py --init-session
[NEXT] Then run: python src/run_once.py
[INFO] scraped notices: 0
[WARN] Portal auth required. Session expired or login page detected.
[DEBUG] reason=login_flow_failed
[NEXT] Run: python src/run_once.py --init-session
[NEXT] Then run: python src/run_once.py
[INFO] scraped notices: 0
[WARN] Portal auth required. Session expired or login page detected.
[DEBUG] reason=login_flow_failed
[NEXT] Run: python src/run_once.py --init-session
[NEXT] Then run: python src/run_once.py
[INFO] scraped notices: 0
[WARN] Portal auth required. Session expired or login page detected.
[DEBUG] reason=login_flow_failed
[NEXT] Run: python src/run_once.py --init-session
[NEXT] Then run: python src/run_once.py
[INFO] scraped notices: 0
[WARN] Portal auth required. Session expired or login page detected.
[DEBUG] reason=login_flow_failed
[NEXT] Run: python src/run_once.py --init-session
[NEXT] Then run: python src/run_once.py
[INFO] scraped notices: 0
[WARN] Portal auth required. Session expired or login page detected.
[DEBUG] reason=login_flow_failed
[NEXT] Run: python src/run_once.py --init-session
[NEXT] Then run: python src/run_once.py
[INFO] scraped notices: 0
[WARN] Portal auth required. Session expired or login page detected.
[DEBUG] reason=login_flow_failed
[NEXT] Run: python src/run_once.py --init-session
[NEXT] Then run: python src/run_once.py
[INFO] scraped notices: 0
[WARN] Portal auth required. Session expired or login page detected.
[DEBUG] reason=login_flow_failed
[NEXT] Run: python src/run_once.py --init-session
[NEXT] Then run: python src/run_once.py
[INFO] scraped notices: 0
[WARN] Portal auth required. Session expired or login page detected.
[DEBUG] reason=login_flow_failed
[NEXT] Run: python src/run_once.py --init-session
[NEXT] Then run: python src/run_once.py
[INFO] scraped notices: 0
[WARN] Portal auth required. Session expired or login page detected.
[DEBUG] reason=login_flow_failed
[NEXT] Run: python src/run_once.py --init-session
[NEXT] Then run: python src/run_once.py
[INFO] scraped notices: 0
[WARN] Portal auth required. Session expired or login page detected.
[DEBUG] reason=login_flow_failed
[NEXT] Run: python src/run_once.py --init-session
[NEXT] Then run: python src/run_once.py
[INFO] scraped notices: 0
[WARN] Portal auth required. Session expired or login page detected.
[DEBUG] reason=login_flow_failed
[NEXT] Run: python src/run_once.py --init-session
[NEXT] Then run: python src/run_once.py
[INFO] scraped notices: 0
[WARN] Portal auth required. Session expired or login page detected.
[DEBUG] reason=login_flow_failed
[NEXT] Run: python src/run_once.py --init-session
[NEXT] Then run: python src/run_once.py
[INFO] scraped notices: 0
[WARN] Portal auth required. Session expired or login page detected.
[DEBUG] reason=login_flow_failed
[NEXT] Run: python src/run_once.py --init-session
[NEXT] Then run: python src/run_once.py
[INFO] scraped notices: 0
[WARN] Portal auth required. Session expired or login page detected.
[DEBUG] reason=login_flow_failed
[NEXT] Run: python src/run_once.py --init-session
[NEXT] Then run: python src/run_once.py
[INFO] scraped notices: 0
[WARN] Portal auth required. Session expired or login page detected.
[DEBUG] reason=login_flow_failed
[NEXT] Run: python src/run_once.py --init-session
[NEXT] Then run: python src/run_once.py
[INFO] scraped notices: 0
[WARN] Portal auth required. Session expired or login page detected.
[DEBUG] reason=login_flow_failed
[NEXT] Run: python src/run_once.py --init-session
[NEXT] Then run: python src/run_once.py
[INFO] scraped notices: 0
[WARN] Portal auth required. Session expired or login page detected.
[DEBUG] reason=login_flow_failed
[NEXT] Run: python src/run_once.py --init-session
[NEXT] Then run: python src/run_once.py
[INFO] scraped notices: 0
[WARN] Portal auth required. Session expired or login page detected.
[DEBUG] reason=login_flow_failed
[NEXT] Run: python src/run_once.py --init-session
[NEXT] Then run: python src/run_once.py
[INFO] scraped notices: 0
[WARN] Portal auth required. Session expired or login page detected.
[DEBUG] reason=login_flow_failed
[NEXT] Run: python src/run_once.py --init-session
[NEXT] Then run: python src/run_once.py
[INFO] scraped notices: 0
[WARN] Portal auth required. Session expired or login page detected.
[DEBUG] reason=login_flow_failed
[NEXT] Run: python src/run_once.py --init-session
[NEXT] Then run: python src/run_once.py
[INFO] scraped notices: 0
[WARN] Portal auth required. Session expired or login page detected.
[DEBUG] reason=login_flow_failed
[NEXT] Run: python src/run_once.py --init-session
[NEXT] Then run: python src/run_once.py
[INFO] scraped notices: 0
[WARN] Portal auth required. Session expired or login page detected.
[DEBUG] reason=login_flow_failed
[NEXT] Run: python src/run_once.py --init-session
[NEXT] Then run: python src/run_once.py
[INFO] scraped notices: 0
[WARN] Portal auth required. Session expired or login page detected.
[DEBUG] reason=login_flow_failed
[NEXT] Run: python src/run_once.py --init-session
[NEXT] Then run: python src/run_once.py
[INFO] scraped notices: 0
[WARN] Portal auth required. Session expired or login page detected.
[DEBUG] reason=login_flow_failed
[NEXT] Run: python src/run_once.py --init-session
[NEXT] Then run: python src/run_once.py
[INFO] scraped notices: 0
[WARN] Portal auth required. Session expired or login page detected.
[DEBUG] reason=login_flow_failed
[NEXT] Run: python src/run_once.py --init-session
[NEXT] Then run: python src/run_once.py
[INFO] scraped notices: 0
[WARN] Portal auth required. Session expired or login page detected.
[DEBUG] reason=login_flow_failed
[NEXT] Run: python src/run_once.py --init-session
[NEXT] Then run: python src/run_once.py
[INFO] scraped notices: 0
[WARN] Portal auth required. Session expired or login page detected.
[DEBUG] reason=login_flow_failed
[NEXT] Run: python src/run_once.py --init-session
[NEXT] Then run: python src/run_once.py
[INFO] scraped notices: 0
[WARN] Portal auth required. Session expired or login page detected.
[DEBUG] reason=login_flow_failed
[NEXT] Run: python src/run_once.py --init-session
[NEXT] Then run: python src/run_once.py
[INFO] scraped notices: 0
[WARN] Portal auth required. Session expired or login page detected.
[DEBUG] reason=login_flow_failed
[NEXT] Run: python src/run_once.py --init-session
[NEXT] Then run: python src/run_once.py
[INFO] scraped notices: 0
[WARN] Portal auth required. Session expired or login page detected.
[DEBUG] reason=login_flow_failed
[NEXT] Run: python src/run_once.py --init-session
[NEXT] Then run: python src/run_once.py
[INFO] scraped notices: 0
[WARN] Portal auth required. Session expired or login page detected.
[DEBUG] reason=login_flow_failed
[NEXT] Run: python src/run_once.py --init-session
[NEXT] Then run: python src/run_once.py
[INFO] scraped notices: 0
[WARN] Portal auth required. Session expired or login page detected.
[DEBUG] reason=login_flow_failed
[NEXT] Run: python src/run_once.py --init-session
[NEXT] Then run: python src/run_once.py
[INFO] scraped notices: 0
[WARN] Portal auth required. Session expired or login page detected.
[DEBUG] reason=login_flow_failed
[NEXT] Run: python src/run_once.py --init-session
[NEXT] Then run: python src/run_once.py
[INFO] scraped notices: 0
[WARN] Portal auth required. Session expired or login page detected.
[DEBUG] reason=login_flow_failed
[NEXT] Run: python src/run_once.py --init-session
[NEXT] Then run: python src/run_once.py
[INFO] scraped notices: 0
[WARN] Portal auth required. Session expired or login page detected.
[DEBUG] reason=login_flow_failed
[NEXT] Run: python src/run_once.py --init-session
[NEXT] Then run: python src/run_once.py
[INFO] scraped notices: 0
[WARN] Portal auth required. Session expired or login page detected.
[DEBUG] reason=login_flow_failed
[NEXT] Run: python src/run_once.py --init-session
[NEXT] Then run: python src/run_once.py
[INFO] scraped notices: 0
[WARN] Portal auth required. Session expired or login page detected.
[DEBUG] reason=login_flow_failed
[NEXT] Run: python src/run_once.py --init-session
[NEXT] Then run: python src/run_once.py
[INFO] scraped notices: 0
[WARN] Portal auth required. Session expired or login page detected.
[DEBUG] reason=login_flow_failed
[NEXT] Run: python src/run_once.py --init-session
[NEXT] Then run: python src/run_once.py
[INFO] scraped notices: 0
[WARN] Portal auth required. Session expired or login page detected.
[DEBUG] reason=login_flow_failed
[NEXT] Run: python src/run_once.py --init-session
[NEXT] Then run: python src/run_once.py
[INFO] scraped notices: 0
[WARN] Portal auth required. Session expired or login page detected.
[DEBUG] reason=login_flow_failed
[NEXT] Run: python src/run_once.py --init-session
[NEXT] Then run: python src/run_once.py
[INFO] scraped notices: 0
[WARN] Portal auth required. Session expired or login page detected.
[DEBUG] reason=login_flow_failed
[NEXT] Run: python src/run_once.py --init-session
[NEXT] Then run: python src/run_once.py
[INFO] scraped notices: 0
[WARN] Portal auth required. Session expired or login page detected.
[DEBUG] reason=login_flow_failed
[NEXT] Run: python src/run_once.py --init-session
[NEXT] Then run: python src/run_once.py
[INFO] scraped notices: 0
[WARN] Portal auth required. Session expired or login page detected.
[DEBUG] reason=login_flow_failed
[NEXT] Run: python src/run_once.py --init-session
[NEXT] Then run: python src/run_once.py
[INFO] scraped notices: 0
[WARN] Portal auth required. Session expired or login page detected.
[DEBUG] reason=login_flow_failed
[NEXT] Run: python src/run_once.py --init-session
[NEXT] Then run: python src/run_once.py
[INFO] scraped notices: 0
[WARN] Portal auth required. Session expired or login page detected.
[DEBUG] reason=login_flow_failed
[NEXT] Run: python src/run_once.py --init-session
[NEXT] Then run: python src/run_once.py
[INFO] scraped notices: 0
[WARN] Portal auth required. Session expired or login page detected.
[DEBUG] reason=login_flow_failed
[NEXT] Run: python src/run_once.py --init-session
[NEXT] Then run: python src/run_once.py
[INFO] scraped notices: 0
[WARN] Portal auth required. Session expired or login page detected.
[DEBUG] reason=login_flow_failed
[NEXT] Run: python src/run_once.py --init-session
[NEXT] Then run: python src/run_once.py
[INFO] scraped notices: 0
[WARN] Portal auth required. Session expired or login page detected.
[DEBUG] reason=login_flow_failed
[NEXT] Run: python src/run_once.py --init-session
[NEXT] Then run: python src/run_once.py
[INFO] scraped notices: 0
[WARN] Portal auth required. Session expired or login page detected.
[DEBUG] reason=login_flow_failed
[NEXT] Run: python src/run_once.py --init-session
[NEXT] Then run: python src/run_once.py
[INFO] scraped notices: 0
[WARN] Portal auth required. Session expired or login page detected.
[DEBUG] reason=login_flow_failed
[NEXT] Run: python src/run_once.py --init-session
[NEXT] Then run: python src/run_once.py
[INFO] scraped notices: 0
[WARN] Portal auth required. Session expired or login page detected.
[DEBUG] reason=login_flow_failed
[NEXT] Run: python src/run_once.py --init-session
[NEXT] Then run: python src/run_once.py
[INFO] scraped notices: 0
[WARN] Portal auth required. Session expired or login page detected.
[DEBUG] reason=login_flow_failed
[NEXT] Run: python src/run_once.py --init-session
[NEXT] Then run: python src/run_once.py
[INFO] scraped notices: 0
[WARN] Portal auth required. Session expired or login page detected.
[DEBUG] reason=login_flow_failed
[NEXT] Run: python src/run_once.py --init-session
[NEXT] Then run: python src/run_once.py
[INFO] scraped notices: 0
[WARN] Portal auth required. Session expired or login page detected.
[DEBUG] reason=login_flow_failed
[NEXT] Run: python src/run_once.py --init-session
[NEXT] Then run: python src/run_once.py
[INFO] scraped notices: 0
[WARN] Portal auth required. Session expired or login page detected.
[DEBUG] reason=login_flow_failed
[NEXT] Run: python src/run_once.py --init-session
[NEXT] Then run: python src/run_once.py
[INFO] scraped notices: 0
[WARN] Portal auth required. Session expired or login page detected.
[DEBUG] reason=login_flow_failed
[NEXT] Run: python src/run_once.py --init-session
[NEXT] Then run: python src/run_once.py
[INFO] scraped notices: 0
[WARN] Portal auth required. Session expired or login page detected.
[DEBUG] reason=login_flow_failed
[NEXT] Run: python src/run_once.py --init-session
[NEXT] Then run: python src/run_once.py
[INFO] scraped notices: 0
[WARN] Portal auth required. Session expired or login page detected.
[DEBUG] reason=login_flow_failed
[NEXT] Run: python src/run_once.py --init-session
[NEXT] Then run: python src/run_once.py
[INFO] scraped notices: 0
[WARN] Portal auth required. Session expired or login page detected.
[DEBUG] reason=login_flow_failed
[NEXT] Run: python src/run_once.py --init-session
[NEXT] Then run: python src/run_once.py
[INFO] scraped notices: 0
[WARN] Portal auth required. Session expired or login page detected.
[DEBUG] reason=login_flow_failed
[NEXT] Run: python src/run_once.py --init-session
[NEXT] Then run: python src/run_once.py
[INFO] scraped notices: 0
[WARN] Portal auth required. Session expired or login page detected.
[DEBUG] reason=login_flow_failed
[NEXT] Run: python src/run_once.py --init-session
[NEXT] Then run: python src/run_once.py
[INFO] scraped notices: 0
[WARN] Portal auth required. Session expired or login page detected.
[DEBUG] reason=login_flow_failed
[NEXT] Run: python src/run_once.py --init-session
[NEXT] Then run: python src/run_once.py
[INFO] scraped notices: 0
[WARN] Portal auth required. Session expired or login page detected.
[DEBUG] reason=login_flow_failed
[NEXT] Run: python src/run_once.py --init-session
[NEXT] Then run: python src/run_once.py
[INFO] scraped notices: 0
[WARN] Portal auth required. Session expired or login page detected.
[DEBUG] reason=login_flow_failed
[NEXT] Run: python src/run_once.py --init-session
[NEXT] Then run: python src/run_once.py
[INFO] scraped notices: 0
[WARN] Portal auth required. Session expired or login page detected.
[DEBUG] reason=login_flow_failed
[NEXT] Run: python src/run_once.py --init-session
[NEXT] Then run: python src/run_once.py
[INFO] scraped notices: 0
[WARN] Portal auth required. Session expired or login page detected.
[DEBUG] reason=login_flow_failed
[NEXT] Run: python src/run_once.py --init-session
[NEXT] Then run: python src/run_once.py
[INFO] scraped notices: 0
[WARN] Portal auth required. Session expired or login page detected.
[DEBUG] reason=login_flow_failed
[NEXT] Run: python src/run_once.py --init-session
[NEXT] Then run: python src/run_once.py
[INFO] scraped notices: 0
[WARN] Portal auth required. Session expired or login page detected.
[DEBUG] reason=login_flow_failed
[NEXT] Run: python src/run_once.py --init-session
[NEXT] Then run: python src/run_once.py
[INFO] scraped notices: 0
[WARN] Portal auth required. Session expired or login page detected.
[DEBUG] reason=login_flow_failed
[NEXT] Run: python src/run_once.py --init-session
[NEXT] Then run: python src/run_once.py
[INFO] scraped notices: 0
[WARN] Portal auth required. Session expired or login page detected.
[DEBUG] reason=login_flow_failed
[NEXT] Run: python src/run_once.py --init-session
[NEXT] Then run: python src/run_once.py
[INFO] scraped notices: 0
[WARN] Portal auth required. Session expired or login page detected.
[DEBUG] reason=login_flow_failed
[NEXT] Run: python src/run_once.py --init-session
[NEXT] Then run: python src/run_once.py
[INFO] scraped notices: 0
[WARN] Portal auth required. Session expired or login page detected.
[DEBUG] reason=login_flow_failed
[NEXT] Run: python src/run_once.py --init-session
[NEXT] Then run: python src/run_once.py
[INFO] scraped notices: 0
[WARN] Portal auth required. Session expired or login page detected.
[DEBUG] reason=login_flow_failed
[NEXT] Run: python src/run_once.py --init-session
[NEXT] Then run: python src/run_once.py
[INFO] scraped notices: 0
[WARN] Portal auth required. Session expired or login page detected.
[DEBUG] reason=login_flow_failed
[NEXT] Run: python src/run_once.py --init-session
[NEXT] Then run: python src/run_once.py
[INFO] scraped notices: 0
[WARN] Portal auth required. Session expired or login page detected.
[DEBUG] reason=login_flow_failed
[NEXT] Run: python src/run_once.py --init-session
[NEXT] Then run: python src/run_once.py
[INFO] scraped notices: 0
[WARN] Portal auth required. Session expired or login page detected.
[DEBUG] reason=login_flow_failed
[NEXT] Run: python src/run_once.py --init-session
[NEXT] Then run: python src/run_once.py
[INFO] scraped notices: 0
[WARN] Portal auth required. Session expired or login page detected.
[DEBUG] reason=login_flow_failed
[NEXT] Run: python src/run_once.py --init-session
[NEXT] Then run: python src/run_once.py
[INFO] scraped notices: 0
[WARN] Portal auth required. Session expired or login page detected.
[DEBUG] reason=login_flow_failed
[NEXT] Run: python src/run_once.py --init-session
[NEXT] Then run: python src/run_once.py
[INFO] scraped notices: 0
[WARN] Portal auth required. Session expired or login page detected.
[DEBUG] reason=login_flow_failed
[NEXT] Run: python src/run_once.py --init-session
[NEXT] Then run: python src/run_once.py
[INFO] scraped notices: 0
[WARN] Portal auth required. Session expired or login page detected.
[DEBUG] reason=login_flow_failed
[NEXT] Run: python src/run_once.py --init-session
[NEXT] Then run: python src/run_once.py
[INFO] scraped notices: 0
[WARN] Portal auth required. Session expired or login page detected.
[DEBUG] reason=login_flow_failed
[NEXT] Run: python src/run_once.py --init-session
[NEXT] Then run: python src/run_once.py
[INFO] scraped notices: 0
[WARN] Portal auth required. Session expired or login page detected.
[DEBUG] reason=login_flow_failed
[NEXT] Run: python src/run_once.py --init-session
[NEXT] Then run: python src/run_once.py
[INFO] scraped notices: 0
[WARN] Portal auth required. Session expired or login page detected.
[DEBUG] reason=login_flow_failed
[NEXT] Run: python src/run_once.py --init-session
[NEXT] Then run: python src/run_once.py
[INFO] scraped notices: 0
[WARN] Portal auth required. Session expired or login page detected.
[DEBUG] reason=login_flow_failed
[NEXT] Run: python src/run_once.py --init-session
[NEXT] Then run: python src/run_once.py
[INFO] scraped notices: 0
[WARN] Portal auth required. Session expired or login page detected.
[DEBUG] reason=login_flow_failed
[NEXT] Run: python src/run_once.py --init-session
[NEXT] Then run: python src/run_once.py
[INFO] scraped notices: 0
[WARN] Portal auth required. Session expired or login page detected.
[DEBUG] reason=login_flow_failed
[NEXT] Run: python src/run_once.py --init-session
[NEXT] Then run: python src/run_once.py
[INFO] scraped notices: 0
[WARN] Portal auth required. Session expired or login page detected.
[DEBUG] reason=login_flow_failed
[NEXT] Run: python src/run_once.py --init-session
[NEXT] Then run: python src/run_once.py
[INFO] scraped notices: 0
[WARN] Portal auth required. Session expired or login page detected.
[DEBUG] reason=login_flow_failed
[NEXT] Run: python src/run_once.py --init-session
[NEXT] Then run: python src/run_once.py
[INFO] scraped notices: 0
[WARN] Portal auth required. Session expired or login page detected.
[DEBUG] reason=login_flow_failed
[NEXT] Run: python src/run_once.py --init-session
[NEXT] Then run: python src/run_once.py
[INFO] scraped notices: 0
[WARN] Portal auth required. Session expired or login page detected.
[DEBUG] reason=login_flow_failed
[NEXT] Run: python src/run_once.py --init-session
[NEXT] Then run: python src/run_once.py
[INFO] scraped notices: 0
[WARN] Portal auth required. Session expired or login page detected.
[DEBUG] reason=login_flow_failed
[NEXT] Run: python src/run_once.py --init-session
[NEXT] Then run: python src/run_once.py
[INFO] scraped notices: 0
[WARN] Portal auth required. Session expired or login page detected.
[DEBUG] reason=login_flow_failed
[NEXT] Run: python src/run_once.py --init-session
[NEXT] Then run: python src/run_once.py
[INFO] scraped notices: 0
[WARN] Portal auth required. Session expired or login page detected.
[DEBUG] reason=login_flow_failed
[NEXT] Run: python src/run_once.py --init-session
[NEXT] Then run: python src/run_once.py
[INFO] scraped notices: 0
[WARN] Portal auth required. Session expired or login page detected.
[DEBUG] reason=login_flow_failed
[NEXT] Run: python src/run_once.py --init-session
[NEXT] Then run: python src/run_once.py
[INFO] scraped notices: 0
[WARN] Portal auth required. Session expired or login page detected.
[DEBUG] reason=login_flow_failed
[NEXT] Run: python src/run_once.py --init-session
[NEXT] Then run: python src/run_once.py
[INFO] scraped notices: 0
[WARN] Portal auth required. Session expired or login page detected.
[DEBUG] reason=login_flow_failed
[NEXT] Run: python src/run_once.py --init-session
[NEXT] Then run: python src/run_once.py
[INFO] scraped notices: 0
[WARN] Portal auth required. Session expired or login page detected.
[DEBUG] reason=login_flow_failed
[NEXT] Run: python src/run_once.py --init-session
[NEXT] Then run: python src/run_once.py
[INFO] scraped notices: 0
[INFO] scraped notices: 0
[WARN] Portal auth required. Session expired or login page detected.
[DEBUG] reason=login_flow_failed
[NEXT] Run: python src/run_once.py --init-session
[NEXT] Then run: python src/run_once.py
[INFO] scraped notices: 0
[WARN] Portal auth required. Session expired or login page detected.
[DEBUG] reason=login_flow_failed
[NEXT] Run: python src/run_once.py --init-session
[NEXT] Then run: python src/run_once.py
[INFO] scraped notices: 0
[WARN] Portal auth required. Session expired or login page detected.
[DEBUG] reason=login_flow_failed
[NEXT] Run: python src/run_once.py --init-session
[NEXT] Then run: python src/run_once.py
[INFO] scraped notices: 0
[WARN] Portal auth required. Session expired or login page detected.
[DEBUG] reason=login_flow_failed
[NEXT] Run: python src/run_once.py --init-session
[NEXT] Then run: python src/run_once.py
[INFO] scraped notices: 0
[WARN] Portal auth required. Session expired or login page detected.
[DEBUG] reason=login_flow_failed
[NEXT] Run: python src/run_once.py --init-session
[NEXT] Then run: python src/run_once.py
[INFO] scraped notices: 0
[WARN] Portal auth required. Session expired or login page detected.
[DEBUG] reason=login_flow_failed
[NEXT] Run: python src/run_once.py --init-session
[NEXT] Then run: python src/run_once.py
[INFO] scraped notices: 0
[WARN] Portal auth required. Session expired or login page detected.
[DEBUG] reason=login_flow_failed
[NEXT] Run: python src/run_once.py --init-session
[NEXT] Then run: python src/run_once.py
[INFO] scraped notices: 0
[WARN] Portal auth required. Session expired or login page detected.
[DEBUG] reason=login_flow_failed
[NEXT] Run: python src/run_once.py --init-session
[NEXT] Then run: python src/run_once.py
[INFO] scraped notices: 0
[WARN] Portal auth required. Session expired or login page detected.
[DEBUG] reason=login_flow_failed
[NEXT] Run: python src/run_once.py --init-session
[NEXT] Then run: python src/run_once.py
[INFO] scraped notices: 0
[WARN] Portal auth required. Session expired or login page detected.
[DEBUG] reason=login_flow_failed
[NEXT] Run: python src/run_once.py --init-session
[NEXT] Then run: python src/run_once.py
[INFO] scraped notices: 0
[WARN] Portal auth required. Session expired or login page detected.
[DEBUG] reason=login_flow_failed
[NEXT] Run: python src/run_once.py --init-session
[NEXT] Then run: python src/run_once.py
[INFO] scraped notices: 0
[WARN] Portal auth required. Session expired or login page detected.
[DEBUG] reason=login_flow_failed
[NEXT] Run: python src/run_once.py --init-session
[NEXT] Then run: python src/run_once.py
[INFO] scraped notices: 0
[WARN] Portal auth required. Session expired or login page detected.
[DEBUG] reason=login_flow_failed
[NEXT] Run: python src/run_once.py --init-session
[NEXT] Then run: python src/run_once.py
[INFO] scraped notices: 0
[WARN] Portal auth required. Session expired or login page detected.
[DEBUG] reason=login_flow_failed
[NEXT] Run: python src/run_once.py --init-session
[NEXT] Then run: python src/run_once.py
[INFO] scraped notices: 0
[WARN] Portal auth required. Session expired or login page detected.
[DEBUG] reason=login_flow_failed
[NEXT] Run: python src/run_once.py --init-session
[NEXT] Then run: python src/run_once.py
[INFO] scraped notices: 0
[WARN] Portal auth required. Session expired or login page detected.
[DEBUG] reason=login_flow_failed
[NEXT] Run: python src/run_once.py --init-session
[NEXT] Then run: python src/run_once.py
[INFO] scraped notices: 0
[WARN] Portal auth required. Session expired or login page detected.
[DEBUG] reason=login_flow_failed
[NEXT] Run: python src/run_once.py --init-session
[NEXT] Then run: python src/run_once.py
[INFO] scraped notices: 0
[WARN] Portal auth required. Session expired or login page detected.
[DEBUG] reason=login_flow_failed
[NEXT] Run: python src/run_once.py --init-session
[NEXT] Then run: python src/run_once.py
[INFO] scraped notices: 0
[WARN] Portal auth required. Session expired or login page detected.
[DEBUG] reason=login_flow_failed
[NEXT] Run: python src/run_once.py --init-session
[NEXT] Then run: python src/run_once.py
[INFO] scraped notices: 0
[WARN] Portal auth required. Session expired or login page detected.
[DEBUG] reason=login_flow_failed
[NEXT] Run: python src/run_once.py --init-session
[NEXT] Then run: python src/run_once.py
[INFO] scraped notices: 0
[WARN] Portal auth required. Session expired or login page detected.
[DEBUG] reason=login_flow_failed
[NEXT] Run: python src/run_once.py --init-session
[NEXT] Then run: python src/run_once.py
[INFO] scraped notices: 0
[WARN] Portal auth required. Session expired or login page detected.
[DEBUG] reason=login_flow_failed
[NEXT] Run: python src/run_once.py --init-session
[NEXT] Then run: python src/run_once.py
[INFO] scraped notices: 0
[WARN] Portal auth required. Session expired or login page detected.
[DEBUG] reason=login_flow_failed
[NEXT] Run: python src/run_once.py --init-session
[NEXT] Then run: python src/run_once.py
[INFO] scraped notices: 0
[WARN] Portal auth required. Session expired or login page detected.
[DEBUG] reason=login_flow_failed
[NEXT] Run: python src/run_once.py --init-session
[NEXT] Then run: python src/run_once.py
[INFO] scraped notices: 0
[WARN] Portal auth required. Session expired or login page detected.
[DEBUG] reason=login_flow_failed
[NEXT] Run: python src/run_once.py --init-session
[NEXT] Then run: python src/run_once.py
[INFO] scraped notices: 0
[WARN] Portal auth required. Session expired or login page detected.
[DEBUG] reason=login_flow_failed
[NEXT] Run: python src/run_once.py --init-session
[NEXT] Then run: python src/run_once.py
[INFO] scraped notices: 0
[WARN] Portal auth required. Session expired or login page detected.
[DEBUG] reason=login_flow_failed
[NEXT] Run: python src/run_once.py --init-session
[NEXT] Then run: python src/run_once.py
[INFO] scraped notices: 0
[WARN] Portal auth required. Session expired or login page detected.
[DEBUG] reason=login_flow_failed
[NEXT] Run: python src/run_once.py --init-session
[NEXT] Then run: python src/run_once.py
[INFO] scraped notices: 0
[WARN] Portal auth required. Session expired or login page detected.
[DEBUG] reason=login_flow_failed
[NEXT] Run: python src/run_once.py --init-session
[NEXT] Then run: python src/run_once.py
[INFO] scraped notices: 0
[WARN] Portal auth required. Session expired or login page detected.
[DEBUG] reason=login_flow_failed
[NEXT] Run: python src/run_once.py --init-session
[NEXT] Then run: python src/run_once.py
[INFO] scraped notices: 0
[WARN] Portal auth required. Session expired or login page detected.
[DEBUG] reason=login_flow_failed
[NEXT] Run: python src/run_once.py --init-session
[NEXT] Then run: python src/run_once.py
[INFO] scraped notices: 0
[WARN] Portal auth required. Session expired or login page detected.
[DEBUG] reason=login_flow_failed
[NEXT] Run: python src/run_once.py --init-session
[NEXT] Then run: python src/run_once.py
[INFO] scraped notices: 0
[WARN] Portal auth required. Session expired or login page detected.
[DEBUG] reason=login_flow_failed
[NEXT] Run: python src/run_once.py --init-session
[NEXT] Then run: python src/run_once.py
[INFO] scraped notices: 0
[WARN] Portal auth required. Session expired or login page detected.
[DEBUG] reason=login_flow_failed
[NEXT] Run: python src/run_once.py --init-session
[NEXT] Then run: python src/run_once.py
[INFO] scraped notices: 0
[WARN] Portal auth required. Session expired or login page detected.
[DEBUG] reason=login_flow_failed
[NEXT] Run: python src/run_once.py --init-session
[NEXT] Then run: python src/run_once.py
[INFO] scraped notices: 0
[WARN] Portal auth required. Session expired or login page detected.
[DEBUG] reason=login_flow_failed
[NEXT] Run: python src/run_once.py --init-session
[NEXT] Then run: python src/run_once.py
[INFO] scraped notices: 0
[WARN] Portal auth required. Session expired or login page detected.
[DEBUG] reason=login_flow_failed
[NEXT] Run: python src/run_once.py --init-session
[NEXT] Then run: python src/run_once.py
[INFO] scraped notices: 0
[WARN] Portal auth required. Session expired or login page detected.
[DEBUG] reason=login_flow_failed
[NEXT] Run: python src/run_once.py --init-session
[NEXT] Then run: python src/run_once.py
[INFO] scraped notices: 0
[WARN] Portal auth required. Session expired or login page detected.
[DEBUG] reason=login_flow_failed
[NEXT] Run: python src/run_once.py --init-session
[NEXT] Then run: python src/run_once.py
[INFO] scraped notices: 0
[WARN] Portal auth required. Session expired or login page detected.
[DEBUG] reason=login_flow_failed
[NEXT] Run: python src/run_once.py --init-session
[NEXT] Then run: python src/run_once.py
[INFO] scraped notices: 0
[WARN] Portal auth required. Session expired or login page detected.
[DEBUG] reason=login_flow_failed
[NEXT] Run: python src/run_once.py --init-session
[NEXT] Then run: python src/run_once.py
[INFO] scraped notices: 0
[WARN] Portal auth required. Session expired or login page detected.
[DEBUG] reason=login_flow_failed
[NEXT] Run: python src/run_once.py --init-session
[NEXT] Then run: python src/run_once.py
[INFO] scraped notices: 0
[WARN] Portal auth required. Session expired or login page detected.
[DEBUG] reason=login_flow_failed
[NEXT] Run: python src/run_once.py --init-session
[NEXT] Then run: python src/run_once.py
[INFO] scraped notices: 0
[WARN] Portal auth required. Session expired or login page detected.
[DEBUG] reason=login_flow_failed
[NEXT] Run: python src/run_once.py --init-session
[NEXT] Then run: python src/run_once.py
[INFO] scraped notices: 0
[WARN] Portal auth required. Session expired or login page detected.
[DEBUG] reason=login_flow_failed
[NEXT] Run: python src/run_once.py --init-session
[NEXT] Then run: python src/run_once.py
[INFO] scraped notices: 0
[WARN] Portal auth required. Session expired or login page detected.
[DEBUG] reason=login_flow_failed
[NEXT] Run: python src/run_once.py --init-session
[NEXT] Then run: python src/run_once.py
[INFO] scraped notices: 0
[WARN] Portal auth required. Session expired or login page detected.
[DEBUG] reason=login_flow_failed
[NEXT] Run: python src/run_once.py --init-session
[NEXT] Then run: python src/run_once.py
[INFO] scraped notices: 0
[WARN] Portal auth required. Session expired or login page detected.
[DEBUG] reason=login_flow_failed
[NEXT] Run: python src/run_once.py --init-session
[NEXT] Then run: python src/run_once.py
[INFO] scraped notices: 0
[WARN] Portal auth required. Session expired or login page detected.
[DEBUG] reason=login_flow_failed
[NEXT] Run: python src/run_once.py --init-session
[NEXT] Then run: python src/run_once.py
[INFO] scraped notices: 0
[WARN] Portal auth required. Session expired or login page detected.
[DEBUG] reason=login_flow_failed
[NEXT] Run: python src/run_once.py --init-session
[NEXT] Then run: python src/run_once.py
[INFO] scraped notices: 0
[WARN] Portal auth required. Session expired or login page detected.
[DEBUG] reason=login_flow_failed
[NEXT] Run: python src/run_once.py --init-session
[NEXT] Then run: python src/run_once.py
[INFO] scraped notices: 0
[WARN] Portal auth required. Session expired or login page detected.
[DEBUG] reason=login_flow_failed
[NEXT] Run: python src/run_once.py --init-session
[NEXT] Then run: python src/run_once.py
[INFO] scraped notices: 0
[WARN] Portal auth required. Session expired or login page detected.
[DEBUG] reason=login_flow_failed
[NEXT] Run: python src/run_once.py --init-session
[NEXT] Then run: python src/run_once.py
[INFO] scraped notices: 0
[WARN] Portal auth required. Session expired or login page detected.
[DEBUG] reason=login_flow_failed
[NEXT] Run: python src/run_once.py --init-session
[NEXT] Then run: python src/run_once.py
[INFO] scraped notices: 0
[WARN] Portal auth required. Session expired or login page detected.
[DEBUG] reason=login_flow_failed
[NEXT] Run: python src/run_once.py --init-session
[NEXT] Then run: python src/run_once.py
[INFO] scraped notices: 0
[WARN] Portal auth required. Session expired or login page detected.
[DEBUG] reason=login_flow_failed
[NEXT] Run: python src/run_once.py --init-session
[NEXT] Then run: python src/run_once.py
[INFO] scraped notices: 0
[WARN] Portal auth required. Session expired or login page detected.
[DEBUG] reason=login_flow_failed
[NEXT] Run: python src/run_once.py --init-session
[NEXT] Then run: python src/run_once.py
[INFO] scraped notices: 0
[WARN] Portal auth required. Session expired or login page detected.
[DEBUG] reason=login_flow_failed
[NEXT] Run: python src/run_once.py --init-session
[NEXT] Then run: python src/run_once.py
[INFO] scraped notices: 0
[WARN] Portal auth required. Session expired or login page detected.
[DEBUG] reason=login_flow_failed
[NEXT] Run: python src/run_once.py --init-session
[NEXT] Then run: python src/run_once.py
[INFO] scraped notices: 0
[WARN] Portal auth required. Session expired or login page detected.
[DEBUG] reason=login_flow_failed
[NEXT] Run: python src/run_once.py --init-session
[NEXT] Then run: python src/run_once.py
[INFO] scraped notices: 0
[WARN] Portal auth required. Session expired or login page detected.
[DEBUG] reason=login_flow_failed
[NEXT] Run: python src/run_once.py --init-session
[NEXT] Then run: python src/run_once.py
[INFO] scraped notices: 0
[WARN] Portal auth required. Session expired or login page detected.
[DEBUG] reason=login_flow_failed
[NEXT] Run: python src/run_once.py --init-session
[NEXT] Then run: python src/run_once.py
[INFO] scraped notices: 0
[WARN] Portal auth required. Session expired or login page detected.
[DEBUG] reason=login_flow_failed
[NEXT] Run: python src/run_once.py --init-session
[NEXT] Then run: python src/run_once.py
[INFO] scraped notices: 0
[WARN] Portal auth required. Session expired or login page detected.
[DEBUG] reason=login_flow_failed
[NEXT] Run: python src/run_once.py --init-session
[NEXT] Then run: python src/run_once.py
[INFO] scraped notices: 0
[WARN] Portal auth required. Session expired or login page detected.
[DEBUG] reason=login_flow_failed
[NEXT] Run: python src/run_once.py --init-session
[NEXT] Then run: python src/run_once.py
[INFO] scraped notices: 0
[WARN] Portal auth required. Session expired or login page detected.
[DEBUG] reason=login_flow_failed
[NEXT] Run: python src/run_once.py --init-session
[NEXT] Then run: python src/run_once.py
[INFO] scraped notices: 0
[WARN] Portal auth required. Session expired or login page detected.
[DEBUG] reason=login_flow_failed
[NEXT] Run: python src/run_once.py --init-session
[NEXT] Then run: python src/run_once.py
[INFO] scraped notices: 0
[WARN] Portal auth required. Session expired or login page detected.
[DEBUG] reason=login_flow_failed
[NEXT] Run: python src/run_once.py --init-session
[NEXT] Then run: python src/run_once.py
[INFO] scraped notices: 0
[WARN] Portal auth required. Session expired or login page detected.
[DEBUG] reason=login_flow_failed
[NEXT] Run: python src/run_once.py --init-session
[NEXT] Then run: python src/run_once.py
[INFO] scraped notices: 0
[WARN] Portal auth required. Session expired or login page detected.
[DEBUG] reason=login_flow_failed
[NEXT] Run: python src/run_once.py --init-session
[NEXT] Then run: python src/run_once.py
[INFO] scraped notices: 0
[WARN] Portal auth required. Session expired or login page detected.
[DEBUG] reason=login_flow_failed
[NEXT] Run: python src/run_once.py --init-session
[NEXT] Then run: python src/run_once.py
[INFO] scraped notices: 0
[WARN] Portal auth required. Session expired or login page detected.
[DEBUG] reason=login_flow_failed
[NEXT] Run: python src/run_once.py --init-session
[NEXT] Then run: python src/run_once.py
[INFO] scraped notices: 0
[WARN] Portal auth required. Session expired or login page detected.
[DEBUG] reason=login_flow_failed
[NEXT] Run: python src/run_once.py --init-session
[NEXT] Then run: python src/run_once.py
[INFO] scraped notices: 0
[WARN] Portal auth required. Session expired or login page detected.
[DEBUG] reason=login_flow_failed
[NEXT] Run: python src/run_once.py --init-session
[NEXT] Then run: python src/run_once.py
[INFO] scraped notices: 0
[WARN] Portal auth required. Session expired or login page detected.
[DEBUG] reason=login_flow_failed
[NEXT] Run: python src/run_once.py --init-session
[NEXT] Then run: python src/run_once.py
[INFO] scraped notices: 0
[WARN] Portal auth required. Session expired or login page detected.
[DEBUG] reason=login_flow_failed
[NEXT] Run: python src/run_once.py --init-session
[NEXT] Then run: python src/run_once.py
[INFO] scraped notices: 0
[WARN] Portal auth required. Session expired or login page detected.
[DEBUG] reason=login_flow_failed
[NEXT] Run: python src/run_once.py --init-session
[NEXT] Then run: python src/run_once.py
[INFO] scraped notices: 0
[WARN] Portal auth required. Session expired or login page detected.
[DEBUG] reason=login_flow_failed
[NEXT] Run: python src/run_once.py --init-session
[NEXT] Then run: python src/run_once.py
[INFO] scraped notices: 0
[WARN] Portal auth required. Session expired or login page detected.
[DEBUG] reason=login_flow_failed
[NEXT] Run: python src/run_once.py --init-session
[NEXT] Then run: python src/run_once.py
[INFO] scraped notices: 0
[WARN] Portal auth required. Session expired or login page detected.
[DEBUG] reason=login_flow_failed
[NEXT] Run: python src/run_once.py --init-session
[NEXT] Then run: python src/run_once.py
[INFO] scraped notices: 0
[WARN] Portal auth required. Session expired or login page detected.
[DEBUG] reason=login_flow_failed
[NEXT] Run: python src/run_once.py --init-session
[NEXT] Then run: python src/run_once.py
[INFO] scraped notices: 0
[WARN] Portal auth required. Session expired or login page detected.
[DEBUG] reason=login_flow_failed
[NEXT] Run: python src/run_once.py --init-session
[NEXT] Then run: python src/run_once.py
[INFO] scraped notices: 0
[WARN] Portal auth required. Session expired or login page detected.
[DEBUG] reason=login_flow_failed
[NEXT] Run: python src/run_once.py --init-session
[NEXT] Then run: python src/run_once.py
[INFO] scraped notices: 0
[WARN] Portal auth required. Session expired or login page detected.
[DEBUG] reason=login_flow_failed
[NEXT] Run: python src/run_once.py --init-session
[NEXT] Then run: python src/run_once.py
[INFO] scraped notices: 0
[WARN] Portal auth required. Session expired or login page detected.
[DEBUG] reason=login_flow_failed
[NEXT] Run: python src/run_once.py --init-session
[NEXT] Then run: python src/run_once.py
[INFO] scraped notices: 0
[WARN] Portal auth required. Session expired or login page detected.
[DEBUG] reason=login_flow_failed
[NEXT] Run: python src/run_once.py --init-session
[NEXT] Then run: python src/run_once.py
[INFO] scraped notices: 0
[WARN] Portal auth required. Session expired or login page detected.
[DEBUG] reason=login_flow_failed
[NEXT] Run: python src/run_once.py --init-session
[NEXT] Then run: python src/run_once.py
[INFO] scraped notices: 0
[WARN] Portal auth required. Session expired or login page detected.
[DEBUG] reason=login_flow_failed
[NEXT] Run: python src/run_once.py --init-session
[NEXT] Then run: python src/run_once.py
[INFO] scraped notices: 0
[WARN] Portal auth required. Session expired or login page detected.
[DEBUG] reason=login_flow_failed
[NEXT] Run: python src/run_once.py --init-session
[NEXT] Then run: python src/run_once.py
[INFO] scraped notices: 0
[WARN] Portal auth required. Session expired or login page detected.
[DEBUG] reason=login_flow_failed
[NEXT] Run: python src/run_once.py --init-session
[NEXT] Then run: python src/run_once.py
[INFO] scraped notices: 0
[WARN] Portal auth required. Session expired or login page detected.
[DEBUG] reason=login_flow_failed
[NEXT] Run: python src/run_once.py --init-session
[NEXT] Then run: python src/run_once.py
[INFO] scraped notices: 0
[WARN] Portal auth required. Session expired or login page detected.
[DEBUG] reason=login_flow_failed
[NEXT] Run: python src/run_once.py --init-session
[NEXT] Then run: python src/run_once.py
[INFO] scraped notices: 0
[WARN] Portal auth required. Session expired or login page detected.
[DEBUG] reason=login_flow_failed
[NEXT] Run: python src/run_once.py --init-session
[NEXT] Then run: python src/run_once.py
[INFO] scraped notices: 0
[WARN] Portal auth required. Session expired or login page detected.
[DEBUG] reason=login_flow_failed
[NEXT] Run: python src/run_once.py --init-session
[NEXT] Then run: python src/run_once.py
[INFO] scraped notices: 0
[WARN] Portal auth required. Session expired or login page detected.
[DEBUG] reason=login_flow_failed
[NEXT] Run: python src/run_once.py --init-session
[NEXT] Then run: python src/run_once.py
[INFO] scraped notices: 0
[WARN] Portal auth required. Session expired or login page detected.
[DEBUG] reason=login_flow_failed
[NEXT] Run: python src/run_once.py --init-session
[NEXT] Then run: python src/run_once.py
[INFO] scraped notices: 0
[WARN] Portal auth required. Session expired or login page detected.
[DEBUG] reason=login_flow_failed
[NEXT] Run: python src/run_once.py --init-session
[NEXT] Then run: python src/run_once.py
[INFO] scraped notices: 0
[WARN] Portal auth required. Session expired or login page detected.
[DEBUG] reason=login_flow_failed
[NEXT] Run: python src/run_once.py --init-session
[NEXT] Then run: python src/run_once.py
[INFO] scraped notices: 0
[WARN] Portal auth required. Session expired or login page detected.
[DEBUG] reason=login_flow_failed
[NEXT] Run: python src/run_once.py --init-session
[NEXT] Then run: python src/run_once.py
[INFO] scraped notices: 0
[WARN] Portal auth required. Session expired or login page detected.
[DEBUG] reason=login_flow_failed
[NEXT] Run: python src/run_once.py --init-session
[NEXT] Then run: python src/run_once.py
[INFO] scraped notices: 0
[WARN] Portal auth required. Session expired or login page detected.
[DEBUG] reason=login_flow_failed
[NEXT] Run: python src/run_once.py --init-session
[NEXT] Then run: python src/run_once.py
[INFO] scraped notices: 0
[WARN] Portal auth required. Session expired or login page detected.
[DEBUG] reason=login_flow_failed
[NEXT] Run: python src/run_once.py --init-session
[NEXT] Then run: python src/run_once.py
[INFO] scraped notices: 0
[WARN] Portal auth required. Session expired or login page detected.
[DEBUG] reason=login_flow_failed
[NEXT] Run: python src/run_once.py --init-session
[NEXT] Then run: python src/run_once.py
[INFO] scraped notices: 0
[WARN] Portal auth required. Session expired or login page detected.
[DEBUG] reason=login_flow_failed
[NEXT] Run: python src/run_once.py --init-session
[NEXT] Then run: python src/run_once.py
[INFO] scraped notices: 0
[WARN] Portal auth required. Session expired or login page detected.
[DEBUG] reason=login_flow_failed
[NEXT] Run: python src/run_once.py --init-session
[NEXT] Then run: python src/run_once.py
[INFO] scraped notices: 0
[WARN] Portal auth required. Session expired or login page detected.
[DEBUG] reason=login_flow_failed
[NEXT] Run: python src/run_once.py --init-session
[NEXT] Then run: python src/run_once.py
[INFO] scraped notices: 0
[WARN] Portal auth required. Session expired or login page detected.
[DEBUG] reason=login_flow_failed
[NEXT] Run: python src/run_once.py --init-session
[NEXT] Then run: python src/run_once.py
[INFO] scraped notices: 0
[WARN] Portal auth required. Session expired or login page detected.
[DEBUG] reason=login_flow_failed
[NEXT] Run: python src/run_once.py --init-session
[NEXT] Then run: python src/run_once.py
[INFO] scraped notices: 0
[WARN] Portal auth required. Session expired or login page detected.
[DEBUG] reason=login_flow_failed
[NEXT] Run: python src/run_once.py --init-session
[NEXT] Then run: python src/run_once.py
[INFO] scraped notices: 0
[WARN] Portal auth required. Session expired or login page detected.
[DEBUG] reason=login_flow_failed
[NEXT] Run: python src/run_once.py --init-session
[NEXT] Then run: python src/run_once.py
[INFO] scraped notices: 0
[WARN] Portal auth required. Session expired or login page detected.
[DEBUG] reason=login_flow_failed
[NEXT] Run: python src/run_once.py --init-session
[NEXT] Then run: python src/run_once.py
[INFO] scraped notices: 0
[WARN] Portal auth required. Session expired or login page detected.
[DEBUG] reason=login_flow_failed
[NEXT] Run: python src/run_once.py --init-session
[NEXT] Then run: python src/run_once.py
[INFO] scraped notices: 0
[WARN] Portal auth required. Session expired or login page detected.
[DEBUG] reason=login_flow_failed
[NEXT] Run: python src/run_once.py --init-session
[NEXT] Then run: python src/run_once.py
[INFO] scraped notices: 0
[WARN] Portal auth required. Session expired or login page detected.
[DEBUG] reason=login_flow_failed
[NEXT] Run: python src/run_once.py --init-session
[NEXT] Then run: python src/run_once.py
[INFO] scraped notices: 0
[WARN] Portal auth required. Session expired or login page detected.
[DEBUG] reason=login_flow_failed
[NEXT] Run: python src/run_once.py --init-session
[NEXT] Then run: python src/run_once.py
[INFO] scraped notices: 0
[WARN] Portal auth required. Session expired or login page detected.
[DEBUG] reason=login_flow_failed
[NEXT] Run: python src/run_once.py --init-session
[NEXT] Then run: python src/run_once.py
[INFO] scraped notices: 0
[WARN] Portal auth required. Session expired or login page detected.
[DEBUG] reason=login_flow_failed
[NEXT] Run: python src/run_once.py --init-session
[NEXT] Then run: python src/run_once.py
[INFO] scraped notices: 0
[WARN] Portal auth required. Session expired or login page detected.
[DEBUG] reason=login_flow_failed
[NEXT] Run: python src/run_once.py --init-session
[NEXT] Then run: python src/run_once.py
[INFO] scraped notices: 0
[WARN] Portal auth required. Session expired or login page detected.
[DEBUG] reason=login_flow_failed
[NEXT] Run: python src/run_once.py --init-session
[NEXT] Then run: python src/run_once.py
[INFO] scraped notices: 0
[WARN] Portal auth required. Session expired or login page detected.
[DEBUG] reason=login_flow_failed
[NEXT] Run: python src/run_once.py --init-session
[NEXT] Then run: python src/run_once.py
[INFO] scraped notices: 0
[WARN] Portal auth required. Session expired or login page detected.
[DEBUG] reason=login_flow_failed
[NEXT] Run: python src/run_once.py --init-session
[NEXT] Then run: python src/run_once.py
[INFO] scraped notices: 0
[WARN] Portal auth required. Session expired or login page detected.
[DEBUG] reason=login_flow_failed
[NEXT] Run: python src/run_once.py --init-session
[NEXT] Then run: python src/run_once.py
[INFO] scraped notices: 0
[WARN] Portal auth required. Session expired or login page detected.
[DEBUG] reason=login_flow_failed
[NEXT] Run: python src/run_once.py --init-session
[NEXT] Then run: python src/run_once.py
[INFO] scraped notices: 0
[WARN] Portal auth required. Session expired or login page detected.
[DEBUG] reason=login_flow_failed
[NEXT] Run: python src/run_once.py --init-session
[NEXT] Then run: python src/run_once.py
[INFO] scraped notices: 0
[WARN] Portal auth required. Session expired or login page detected.
[DEBUG] reason=login_flow_failed
[NEXT] Run: python src/run_once.py --init-session
[NEXT] Then run: python src/run_once.py
[INFO] scraped notices: 0
[WARN] Portal auth required. Session expired or login page detected.
[DEBUG] reason=login_flow_failed
[NEXT] Run: python src/run_once.py --init-session
[NEXT] Then run: python src/run_once.py
[INFO] scraped notices: 0
[WARN] Portal auth required. Session expired or login page detected.
[DEBUG] reason=login_flow_failed
[NEXT] Run: python src/run_once.py --init-session
[NEXT] Then run: python src/run_once.py
[INFO] scraped notices: 0
[WARN] Portal auth required. Session expired or login page detected.
[DEBUG] reason=login_flow_failed
[NEXT] Run: python src/run_once.py --init-session
[NEXT] Then run: python src/run_once.py
[INFO] scraped notices: 0
[WARN] Portal auth required. Session expired or login page detected.
[DEBUG] reason=login_flow_failed
[NEXT] Run: python src/run_once.py --init-session
[NEXT] Then run: python src/run_once.py
[INFO] scraped notices: 0
[WARN] Portal auth required. Session expired or login page detected.
[DEBUG] reason=login_flow_failed
[NEXT] Run: python src/run_once.py --init-session
[NEXT] Then run: python src/run_once.py
[INFO] scraped notices: 0
[WARN] Portal auth required. Session expired or login page detected.
[DEBUG] reason=login_flow_failed
[NEXT] Run: python src/run_once.py --init-session
[NEXT] Then run: python src/run_once.py
[INFO] scraped notices: 0
[WARN] Portal auth required. Session expired or login page detected.
[DEBUG] reason=login_flow_failed
[NEXT] Run: python src/run_once.py --init-session
[NEXT] Then run: python src/run_once.py
[INFO] scraped notices: 0
[WARN] Portal auth required. Session expired or login page detected.
[DEBUG] reason=login_flow_failed
[NEXT] Run: python src/run_once.py --init-session
[NEXT] Then run: python src/run_once.py
[INFO] scraped notices: 0
[WARN] Portal auth required. Session expired or login page detected.
[DEBUG] reason=login_flow_failed
[NEXT] Run: python src/run_once.py --init-session
[NEXT] Then run: python src/run_once.py
[INFO] scraped notices: 0
[WARN] Portal auth required. Session expired or login page detected.
[DEBUG] reason=login_flow_failed
[NEXT] Run: python src/run_once.py --init-session
[NEXT] Then run: python src/run_once.py
[INFO] scraped notices: 0
[WARN] Portal auth required. Session expired or login page detected.
[DEBUG] reason=login_flow_failed
[NEXT] Run: python src/run_once.py --init-session
[NEXT] Then run: python src/run_once.py
[INFO] scraped notices: 0
[WARN] Portal auth required. Session expired or login page detected.
[DEBUG] reason=login_flow_failed
[NEXT] Run: python src/run_once.py --init-session
[NEXT] Then run: python src/run_once.py
[INFO] scraped notices: 0
[WARN] Portal auth required. Session expired or login page detected.
[DEBUG] reason=login_flow_failed
[NEXT] Run: python src/run_once.py --init-session
[NEXT] Then run: python src/run_once.py
[INFO] scraped notices: 0
[WARN] Portal auth required. Session expired or login page detected.
[DEBUG] reason=login_flow_failed
[NEXT] Run: python src/run_once.py --init-session
[NEXT] Then run: python src/run_once.py
[INFO] scraped notices: 0
[WARN] Portal auth required. Session expired or login page detected.
[DEBUG] reason=login_flow_failed
[NEXT] Run: python src/run_once.py --init-session
[NEXT] Then run: python src/run_once.py
[INFO] scraped notices: 0
[WARN] Portal auth required. Session expired or login page detected.
[DEBUG] reason=login_flow_failed
[NEXT] Run: python src/run_once.py --init-session
[NEXT] Then run: python src/run_once.py
[INFO] scraped notices: 0
[WARN] Portal auth required. Session expired or login page detected.
[DEBUG] reason=login_flow_failed
[NEXT] Run: python src/run_once.py --init-session
[NEXT] Then run: python src/run_once.py
[INFO] scraped notices: 0
[WARN] Portal auth required. Session expired or login page detected.
[DEBUG] reason=login_flow_failed
[NEXT] Run: python src/run_once.py --init-session
[NEXT] Then run: python src/run_once.py
[INFO] scraped notices: 0
[WARN] Portal auth required. Session expired or login page detected.
[DEBUG] reason=login_flow_failed
[NEXT] Run: python src/run_once.py --init-session
[NEXT] Then run: python src/run_once.py
[INFO] scraped notices: 0
[WARN] Portal auth required. Session expired or login page detected.
[DEBUG] reason=login_flow_failed
[NEXT] Run: python src/run_once.py --init-session
[NEXT] Then run: python src/run_once.py
[INFO] scraped notices: 0
[WARN] Portal auth required. Session expired or login page detected.
[DEBUG] reason=login_flow_failed
[NEXT] Run: python src/run_once.py --init-session
[NEXT] Then run: python src/run_once.py
[INFO] scraped notices: 0
[WARN] Portal auth required. Session expired or login page detected.
[DEBUG] reason=login_flow_failed
[NEXT] Run: python src/run_once.py --init-session
[NEXT] Then run: python src/run_once.py
[INFO] scraped notices: 0
[WARN] Portal auth required. Session expired or login page detected.
[DEBUG] reason=login_flow_failed
[NEXT] Run: python src/run_once.py --init-session
[NEXT] Then run: python src/run_once.py
[INFO] scraped notices: 0
[WARN] Portal auth required. Session expired or login page detected.
[DEBUG] reason=login_flow_failed
[NEXT] Run: python src/run_once.py --init-session
[NEXT] Then run: python src/run_once.py
[INFO] scraped notices: 0
[WARN] Portal auth required. Session expired or login page detected.
[DEBUG] reason=login_flow_failed
[NEXT] Run: python src/run_once.py --init-session
[NEXT] Then run: python src/run_once.py
[INFO] scraped notices: 0
[WARN] Portal auth required. Session expired or login page detected.
[DEBUG] reason=login_flow_failed
[NEXT] Run: python src/run_once.py --init-session
[NEXT] Then run: python src/run_once.py
[INFO] scraped notices: 0
[WARN] Portal auth required. Session expired or login page detected.
[DEBUG] reason=login_flow_failed
[NEXT] Run: python src/run_once.py --init-session
[NEXT] Then run: python src/run_once.py
[INFO] scraped notices: 0
[WARN] Portal auth required. Session expired or login page detected.
[DEBUG] reason=login_flow_failed
[NEXT] Run: python src/run_once.py --init-session
[NEXT] Then run: python src/run_once.py
[INFO] scraped notices: 0
[WARN] Portal auth required. Session expired or login page detected.
[DEBUG] reason=login_flow_failed
[NEXT] Run: python src/run_once.py --init-session
[NEXT] Then run: python src/run_once.py
[INFO] scraped notices: 0
[WARN] Portal auth required. Session expired or login page detected.
[DEBUG] reason=login_flow_failed
[NEXT] Run: python src/run_once.py --init-session
[NEXT] Then run: python src/run_once.py
[INFO] scraped notices: 0
[WARN] Portal auth required. Session expired or login page detected.
[DEBUG] reason=login_flow_failed
[NEXT] Run: python src/run_once.py --init-session
[NEXT] Then run: python src/run_once.py
[INFO] scraped notices: 0
[WARN] Portal auth required. Session expired or login page detected.
[DEBUG] reason=login_flow_failed
[NEXT] Run: python src/run_once.py --init-session
[NEXT] Then run: python src/run_once.py
[INFO] scraped notices: 0
[WARN] Portal auth required. Session expired or login page detected.
[DEBUG] reason=login_flow_failed
[NEXT] Run: python src/run_once.py --init-session
[NEXT] Then run: python src/run_once.py
[INFO] scraped notices: 0
[WARN] Portal auth required. Session expired or login page detected.
[DEBUG] reason=login_flow_failed
[NEXT] Run: python src/run_once.py --init-session
[NEXT] Then run: python src/run_once.py
[INFO] scraped notices: 0
[WARN] Portal auth required. Session expired or login page detected.
[DEBUG] reason=login_flow_failed
[NEXT] Run: python src/run_once.py --init-session
[NEXT] Then run: python src/run_once.py
[INFO] scraped notices: 0
[WARN] Portal auth required. Session expired or login page detected.
[DEBUG] reason=login_flow_failed
[NEXT] Run: python src/run_once.py --init-session
[NEXT] Then run: python src/run_once.py
[INFO] scraped notices: 0
[WARN] Portal auth required. Session expired or login page detected.
[DEBUG] reason=login_flow_failed
[NEXT] Run: python src/run_once.py --init-session
[NEXT] Then run: python src/run_once.py
[INFO] scraped notices: 0
[WARN] Portal auth required. Session expired or login page detected.
[DEBUG] reason=login_flow_failed
[NEXT] Run: python src/run_once.py --init-session
[NEXT] Then run: python src/run_once.py
[INFO] scraped notices: 0
[WARN] Portal auth required. Session expired or login page detected.
[DEBUG] reason=login_flow_failed
[NEXT] Run: python src/run_once.py --init-session
[NEXT] Then run: python src/run_once.py
[INFO] scraped notices: 0
[WARN] Portal auth required. Session expired or login page detected.
[DEBUG] reason=login_flow_failed
[NEXT] Run: python src/run_once.py --init-session
[NEXT] Then run: python src/run_once.py
[INFO] scraped notices: 0
[WARN] Portal auth required. Session expired or login page detected.
[DEBUG] reason=login_flow_failed
[NEXT] Run: python src/run_once.py --init-session
[NEXT] Then run: python src/run_once.py
[INFO] scraped notices: 0
[WARN] Portal auth required. Session expired or login page detected.
[DEBUG] reason=login_flow_failed
[NEXT] Run: python src/run_once.py --init-session
[NEXT] Then run: python src/run_once.py
[INFO] scraped notices: 0
[WARN] Portal auth required. Session expired or login page detected.
[DEBUG] reason=login_flow_failed
[NEXT] Run: python src/run_once.py --init-session
[NEXT] Then run: python src/run_once.py
[INFO] scraped notices: 0
[WARN] Portal auth required. Session expired or login page detected.
[DEBUG] reason=login_flow_failed
[NEXT] Run: python src/run_once.py --init-session
[NEXT] Then run: python src/run_once.py
[INFO] scraped notices: 0
[WARN] Portal auth required. Session expired or login page detected.
[DEBUG] reason=login_flow_failed
[NEXT] Run: python src/run_once.py --init-session
[NEXT] Then run: python src/run_once.py
[INFO] scraped notices: 0
[WARN] Portal auth required. Session expired or login page detected.
[DEBUG] reason=login_flow_failed
[NEXT] Run: python src/run_once.py --init-session
[NEXT] Then run: python src/run_once.py
[INFO] scraped notices: 0
[WARN] Portal auth required. Session expired or login page detected.
[DEBUG] reason=login_flow_failed
[NEXT] Run: python src/run_once.py --init-session
[NEXT] Then run: python src/run_once.py
[INFO] scraped notices: 0
[WARN] Portal auth required. Session expired or login page detected.
[DEBUG] reason=login_flow_failed
[NEXT] Run: python src/run_once.py --init-session
[NEXT] Then run: python src/run_once.py
[INFO] scraped notices: 0
[WARN] Portal auth required. Session expired or login page detected.
[DEBUG] reason=login_flow_failed
[NEXT] Run: python src/run_once.py --init-session
[NEXT] Then run: python src/run_once.py
[INFO] scraped notices: 0
[WARN] Portal auth required. Session expired or login page detected.
[DEBUG] reason=login_flow_failed
[NEXT] Run: python src/run_once.py --init-session
[NEXT] Then run: python src/run_once.py
[INFO] scraped notices: 0
[WARN] Portal auth required. Session expired or login page detected.
[DEBUG] reason=login_flow_failed
[NEXT] Run: python src/run_once.py --init-session
[NEXT] Then run: python src/run_once.py
[INFO] scraped notices: 0
[WARN] Portal auth required. Session expired or login page detected.
[DEBUG] reason=login_flow_failed
[NEXT] Run: python src/run_once.py --init-session
[NEXT] Then run: python src/run_once.py
[INFO] scraped notices: 0
[WARN] Portal auth required. Session expired or login page detected.
[DEBUG] reason=login_flow_failed
[NEXT] Run: python src/run_once.py --init-session
[NEXT] Then run: python src/run_once.py
[INFO] scraped notices: 0
[WARN] Portal auth required. Session expired or login page detected.
[DEBUG] reason=login_flow_failed
[NEXT] Run: python src/run_once.py --init-session
[NEXT] Then run: python src/run_once.py
[INFO] scraped notices: 0
[WARN] Portal auth required. Session expired or login page detected.
[DEBUG] reason=login_flow_failed
[NEXT] Run: python src/run_once.py --init-session
[NEXT] Then run: python src/run_once.py
[INFO] scraped notices: 0
[WARN] Portal auth required. Session expired or login page detected.
[DEBUG] reason=login_flow_failed
[NEXT] Run: python src/run_once.py --init-session
[NEXT] Then run: python src/run_once.py
[INFO] scraped notices: 0
[WARN] Portal auth required. Session expired or login page detected.
[DEBUG] reason=login_flow_failed
[NEXT] Run: python src/run_once.py --init-session
[NEXT] Then run: python src/run_once.py
[INFO] scraped notices: 0
[WARN] Portal auth required. Session expired or login page detected.
[DEBUG] reason=login_flow_failed
[NEXT] Run: python src/run_once.py --init-session
[NEXT] Then run: python src/run_once.py
[INFO] scraped notices: 0
[WARN] Portal auth required. Session expired or login page detected.
[DEBUG] reason=login_flow_failed
[NEXT] Run: python src/run_once.py --init-session
[NEXT] Then run: python src/run_once.py
[INFO] scraped notices: 0
[WARN] Portal auth required. Session expired or login page detected.
[DEBUG] reason=login_flow_failed
[NEXT] Run: python src/run_once.py --init-session
[NEXT] Then run: python src/run_once.py
[INFO] scraped notices: 0
[WARN] Portal auth required. Session expired or login page detected.
[DEBUG] reason=login_flow_failed
[NEXT] Run: python src/run_once.py --init-session
[NEXT] Then run: python src/run_once.py
[INFO] scraped notices: 0
[WARN] Portal auth required. Session expired or login page detected.
[DEBUG] reason=login_flow_failed
[NEXT] Run: python src/run_once.py --init-session
[NEXT] Then run: python src/run_once.py
[INFO] scraped notices: 0
[WARN] Portal auth required. Session expired or login page detected.
[DEBUG] reason=login_flow_failed
[NEXT] Run: python src/run_once.py --init-session
[NEXT] Then run: python src/run_once.py
[INFO] scraped notices: 0
[WARN] Portal auth required. Session expired or login page detected.
[DEBUG] reason=login_flow_failed
[NEXT] Run: python src/run_once.py --init-session
[NEXT] Then run: python src/run_once.py
[INFO] scraped notices: 0
[WARN] Portal auth required. Session expired or login page detected.
[DEBUG] reason=login_flow_failed
[NEXT] Run: python src/run_once.py --init-session
[NEXT] Then run: python src/run_once.py
[INFO] scraped notices: 0
[WARN] Portal auth required. Session expired or login page detected.
[DEBUG] reason=login_flow_failed
[NEXT] Run: python src/run_once.py --init-session
[NEXT] Then run: python src/run_once.py
[INFO] scraped notices: 0
[WARN] Portal auth required. Session expired or login page detected.
[DEBUG] reason=login_flow_failed
[NEXT] Run: python src/run_once.py --init-session
[NEXT] Then run: python src/run_once.py
[INFO] scraped notices: 0
[WARN] Portal auth required. Session expired or login page detected.
[DEBUG] reason=login_flow_failed
[NEXT] Run: python src/run_once.py --init-session
[NEXT] Then run: python src/run_once.py
[INFO] scraped notices: 0
[WARN] Portal auth required. Session expired or login page detected.
[DEBUG] reason=login_flow_failed
[NEXT] Run: python src/run_once.py --init-session
[NEXT] Then run: python src/run_once.py
[INFO] scraped notices: 0
[WARN] Portal auth required. Session expired or login page detected.
[DEBUG] reason=login_flow_failed
[NEXT] Run: python src/run_once.py --init-session
[NEXT] Then run: python src/run_once.py
[INFO] scraped notices: 0
[WARN] Portal auth required. Session expired or login page detected.
[DEBUG] reason=login_flow_failed
[NEXT] Run: python src/run_once.py --init-session
[NEXT] Then run: python src/run_once.py
[INFO] scraped notices: 0
[WARN] Portal auth required. Session expired or login page detected.
[DEBUG] reason=login_flow_failed
[NEXT] Run: python src/run_once.py --init-session
[NEXT] Then run: python src/run_once.py
[INFO] scraped notices: 0
[WARN] Portal auth required. Session expired or login page detected.
[DEBUG] reason=login_flow_failed
[NEXT] Run: python src/run_once.py --init-session
[NEXT] Then run: python src/run_once.py
[INFO] scraped notices: 0
[WARN] Portal auth required. Session expired or login page detected.
[DEBUG] reason=login_flow_failed
[NEXT] Run: python src/run_once.py --init-session
[NEXT] Then run: python src/run_once.py
[INFO] scraped notices: 0
[WARN] Portal auth required. Session expired or login page detected.
[DEBUG] reason=login_flow_failed
[NEXT] Run: python src/run_once.py --init-session
[NEXT] Then run: python src/run_once.py
[INFO] scraped notices: 0
[WARN] Portal auth required. Session expired or login page detected.
[DEBUG] reason=login_flow_failed
[NEXT] Run: python src/run_once.py --init-session
[NEXT] Then run: python src/run_once.py
[INFO] scraped notices: 0
[WARN] Portal auth required. Session expired or login page detected.
[DEBUG] reason=login_flow_failed
[NEXT] Run: python src/run_once.py --init-session
[NEXT] Then run: python src/run_once.py
[INFO] scraped notices: 0
[WARN] Portal auth required. Session expired or login page detected.
[DEBUG] reason=login_flow_failed
[NEXT] Run: python src/run_once.py --init-session
[NEXT] Then run: python src/run_once.py
[INFO] scraped notices: 0
[WARN] Portal auth required. Session expired or login page detected.
[DEBUG] reason=login_flow_failed
[NEXT] Run: python src/run_once.py --init-session
[NEXT] Then run: python src/run_once.py
[INFO] scraped notices: 0
[WARN] Portal auth required. Session expired or login page detected.
[DEBUG] reason=login_flow_failed
[NEXT] Run: python src/run_once.py --init-session
[NEXT] Then run: python src/run_once.py
[INFO] scraped notices: 0
[WARN] Portal auth required. Session expired or login page detected.
[DEBUG] reason=login_flow_failed
[NEXT] Run: python src/run_once.py --init-session
[NEXT] Then run: python src/run_once.py
[INFO] scraped notices: 0
[WARN] Portal auth required. Session expired or login page detected.
[DEBUG] reason=login_flow_failed
[NEXT] Run: python src/run_once.py --init-session
[NEXT] Then run: python src/run_once.py
[INFO] scraped notices: 0
[WARN] Portal auth required. Session expired or login page detected.
[DEBUG] reason=login_flow_failed
[NEXT] Run: python src/run_once.py --init-session
[NEXT] Then run: python src/run_once.py
[INFO] scraped notices: 0
[WARN] Portal auth required. Session expired or login page detected.
[DEBUG] reason=login_flow_failed
[NEXT] Run: python src/run_once.py --init-session
[NEXT] Then run: python src/run_once.py
[INFO] scraped notices: 0
[WARN] Portal auth required. Session expired or login page detected.
[DEBUG] reason=login_flow_failed
[NEXT] Run: python src/run_once.py --init-session
[NEXT] Then run: python src/run_once.py
[INFO] scraped notices: 0
[WARN] Portal auth required. Session expired or login page detected.
[DEBUG] reason=login_flow_failed
[NEXT] Run: python src/run_once.py --init-session
[NEXT] Then run: python src/run_once.py
[INFO] scraped notices: 0
[WARN] Portal auth required. Session expired or login page detected.
[DEBUG] reason=login_flow_failed
[NEXT] Run: python src/run_once.py --init-session
[NEXT] Then run: python src/run_once.py
[INFO] scraped notices: 0
[WARN] Portal auth required. Session expired or login page detected.
[DEBUG] reason=login_flow_failed
[NEXT] Run: python src/run_once.py --init-session
[NEXT] Then run: python src/run_once.py
[INFO] scraped notices: 0
[WARN] Portal auth required. Session expired or login page detected.
[DEBUG] reason=login_flow_failed
[NEXT] Run: python src/run_once.py --init-session
[NEXT] Then run: python src/run_once.py
[INFO] scraped notices: 0
[WARN] Portal auth required. Session expired or login page detected.
[DEBUG] reason=login_flow_failed
[NEXT] Run: python src/run_once.py --init-session
[NEXT] Then run: python src/run_once.py
[INFO] scraped notices: 0
[WARN] Portal auth required. Session expired or login page detected.
[DEBUG] reason=login_flow_failed
[NEXT] Run: python src/run_once.py --init-session
[NEXT] Then run: python src/run_once.py
[INFO] scraped notices: 0
[WARN] Portal auth required. Session expired or login page detected.
[DEBUG] reason=login_flow_failed
[NEXT] Run: python src/run_once.py --init-session
[NEXT] Then run: python src/run_once.py
[INFO] scraped notices: 0
[WARN] Portal auth required. Session expired or login page detected.
[DEBUG] reason=login_flow_failed
[NEXT] Run: python src/run_once.py --init-session
[NEXT] Then run: python src/run_once.py
[INFO] scraped notices: 0
[WARN] Portal auth required. Session expired or login page detected.
[DEBUG] reason=login_flow_failed
[NEXT] Run: python src/run_once.py --init-session
[NEXT] Then run: python src/run_once.py
[INFO] scraped notices: 0
[WARN] Portal auth required. Session expired or login page detected.
[DEBUG] reason=login_flow_failed
[NEXT] Run: python src/run_once.py --init-session
[NEXT] Then run: python src/run_once.py
[INFO] scraped notices: 0
[WARN] Portal auth required. Session expired or login page detected.
[DEBUG] reason=login_flow_failed
[NEXT] Run: python src/run_once.py --init-session
[NEXT] Then run: python src/run_once.py
[INFO] scraped notices: 0
[WARN] Portal auth required. Session expired or login page detected.
[DEBUG] reason=login_flow_failed
[NEXT] Run: python src/run_once.py --init-session
[NEXT] Then run: python src/run_once.py
[INFO] scraped notices: 0
[WARN] Portal auth required. Session expired or login page detected.
[DEBUG] reason=login_flow_failed
[NEXT] Run: python src/run_once.py --init-session
[NEXT] Then run: python src/run_once.py
[INFO] scraped notices: 0
[WARN] Portal auth required. Session expired or login page detected.
[DEBUG] reason=login_flow_failed
[NEXT] Run: python src/run_once.py --init-session
[NEXT] Then run: python src/run_once.py
[INFO] scraped notices: 0
[WARN] Portal auth required. Session expired or login page detected.
[DEBUG] reason=login_flow_failed
[NEXT] Run: python src/run_once.py --init-session
[NEXT] Then run: python src/run_once.py
[INFO] scraped notices: 0
[WARN] Portal auth required. Session expired or login page detected.
[DEBUG] reason=login_flow_failed
[NEXT] Run: python src/run_once.py --init-session
[NEXT] Then run: python src/run_once.py
[INFO] scraped notices: 0
[WARN] Portal auth required. Session expired or login page detected.
[DEBUG] reason=login_flow_failed
[NEXT] Run: python src/run_once.py --init-session
[NEXT] Then run: python src/run_once.py
[INFO] scraped notices: 0
[WARN] Portal auth required. Session expired or login page detected.
[DEBUG] reason=login_flow_failed
[NEXT] Run: python src/run_once.py --init-session
[NEXT] Then run: python src/run_once.py
[INFO] scraped notices: 0
[WARN] Portal auth required. Session expired or login page detected.
[DEBUG] reason=login_flow_failed
[NEXT] Run: python src/run_once.py --init-session
[NEXT] Then run: python src/run_once.py
[INFO] scraped notices: 0
[WARN] Portal auth required. Session expired or login page detected.
[DEBUG] reason=login_flow_failed
[NEXT] Run: python src/run_once.py --init-session
[NEXT] Then run: python src/run_once.py
[INFO] scraped notices: 0
[WARN] Portal auth required. Session expired or login page detected.
[DEBUG] reason=login_flow_failed
[NEXT] Run: python src/run_once.py --init-session
[NEXT] Then run: python src/run_once.py
[INFO] scraped notices: 0
[WARN] Portal auth required. Session expired or login page detected.
[DEBUG] reason=login_flow_failed
[NEXT] Run: python src/run_once.py --init-session
[NEXT] Then run: python src/run_once.py
[INFO] scraped notices: 0
[WARN] Portal auth required. Session expired or login page detected.
[DEBUG] reason=login_flow_failed
[NEXT] Run: python src/run_once.py --init-session
[NEXT] Then run: python src/run_once.py
[INFO] scraped notices: 0
[WARN] Portal auth required. Session expired or login page detected.
[DEBUG] reason=login_flow_failed
[NEXT] Run: python src/run_once.py --init-session
[NEXT] Then run: python src/run_once.py
[INFO] scraped notices: 0
[WARN] Portal auth required. Session expired or login page detected.
[DEBUG] reason=login_flow_failed
[NEXT] Run: python src/run_once.py --init-session
[NEXT] Then run: python src/run_once.py
[INFO] scraped notices: 0
[WARN] Portal auth required. Session expired or login page detected.
[DEBUG] reason=login_flow_failed
[NEXT] Run: python src/run_once.py --init-session
[NEXT] Then run: python src/run_once.py
[INFO] scraped notices: 0
[WARN] Portal auth required. Session expired or login page detected.
[DEBUG] reason=login_flow_failed
[NEXT] Run: python src/run_once.py --init-session
[NEXT] Then run: python src/run_once.py
[INFO] scraped notices: 0
[WARN] Portal auth required. Session expired or login page detected.
[DEBUG] reason=login_flow_failed
[NEXT] Run: python src/run_once.py --init-session
[NEXT] Then run: python src/run_once.py
[INFO] scraped notices: 0
[WARN] Portal auth required. Session expired or login page detected.
[DEBUG] reason=login_flow_failed
[NEXT] Run: python src/run_once.py --init-session
[NEXT] Then run: python src/run_once.py
[INFO] scraped notices: 0
[WARN] Portal auth required. Session expired or login page detected.
[DEBUG] reason=login_flow_failed
[NEXT] Run: python src/run_once.py --init-session
[NEXT] Then run: python src/run_once.py
[INFO] scraped notices: 0
[WARN] Portal auth required. Session expired or login page detected.
[DEBUG] reason=login_flow_failed
[NEXT] Run: python src/run_once.py --init-session
[NEXT] Then run: python src/run_once.py
[INFO] scraped notices: 0
[WARN] Portal auth required. Session expired or login page detected.
[DEBUG] reason=login_flow_failed
[NEXT] Run: python src/run_once.py --init-session
[NEXT] Then run: python src/run_once.py
[INFO] scraped notices: 0
[WARN] Portal auth required. Session expired or login page detected.
[DEBUG] reason=login_flow_failed
[NEXT] Run: python src/run_once.py --init-session
[NEXT] Then run: python src/run_once.py
[INFO] scraped notices: 0
[WARN] Portal auth required. Session expired or login page detected.
[DEBUG] reason=login_flow_failed
[NEXT] Run: python src/run_once.py --init-session
[NEXT] Then run: python src/run_once.py
[INFO] scraped notices: 0
[WARN] Portal auth required. Session expired or login page detected.
[DEBUG] reason=login_flow_failed
[NEXT] Run: python src/run_once.py --init-session
[NEXT] Then run: python src/run_once.py
[INFO] scraped notices: 0
[WARN] Portal auth required. Session expired or login page detected.
[DEBUG] reason=login_flow_failed
[NEXT] Run: python src/run_once.py --init-session
[NEXT] Then run: python src/run_once.py
[INFO] scraped notices: 0
[WARN] Portal auth required. Session expired or login page detected.
[DEBUG] reason=login_flow_failed
[NEXT] Run: python src/run_once.py --init-session
[NEXT] Then run: python src/run_once.py
[INFO] scraped notices: 0
[WARN] Portal auth required. Session expired or login page detected.
[DEBUG] reason=login_flow_failed
[NEXT] Run: python src/run_once.py --init-session
[NEXT] Then run: python src/run_once.py
[INFO] scraped notices: 0
[WARN] Portal auth required. Session expired or login page detected.
[DEBUG] reason=login_flow_failed
[NEXT] Run: python src/run_once.py --init-session
[NEXT] Then run: python src/run_once.py
[INFO] scraped notices: 0
[WARN] Portal auth required. Session expired or login page detected.
[DEBUG] reason=login_flow_failed
[NEXT] Run: python src/run_once.py --init-session
[NEXT] Then run: python src/run_once.py
[INFO] scraped notices: 0
[WARN] Portal auth required. Session expired or login page detected.
[DEBUG] reason=login_flow_failed
[NEXT] Run: python src/run_once.py --init-session
[NEXT] Then run: python src/run_once.py
[INFO] scraped notices: 0
[WARN] Portal auth required. Session expired or login page detected.
[DEBUG] reason=login_flow_failed
[NEXT] Run: python src/run_once.py --init-session
[NEXT] Then run: python src/run_once.py
[INFO] scraped notices: 0
[WARN] Portal auth required. Session expired or login page detected.
[DEBUG] reason=login_flow_failed
[NEXT] Run: python src/run_once.py --init-session
[NEXT] Then run: python src/run_once.py
[INFO] scraped notices: 0
[WARN] Portal auth required. Session expired or login page detected.
[DEBUG] reason=login_flow_failed
[NEXT] Run: python src/run_once.py --init-session
[NEXT] Then run: python src/run_once.py
[INFO] scraped notices: 0
[WARN] Portal auth required. Session expired or login page detected.
[DEBUG] reason=login_flow_failed
[NEXT] Run: python src/run_once.py --init-session
[NEXT] Then run: python src/run_once.py
[INFO] scraped notices: 0
[WARN] Portal auth required. Session expired or login page detected.
[DEBUG] reason=login_flow_failed
[NEXT] Run: python src/run_once.py --init-session
[NEXT] Then run: python src/run_once.py
[INFO] scraped notices: 0
[WARN] Portal auth required. Session expired or login page detected.
[DEBUG] reason=login_flow_failed
[NEXT] Run: python src/run_once.py --init-session
[NEXT] Then run: python src/run_once.py
[INFO] scraped notices: 0
[WARN] Portal auth required. Session expired or login page detected.
[DEBUG] reason=login_flow_failed
[NEXT] Run: python src/run_once.py --init-session
[NEXT] Then run: python src/run_once.py
[INFO] scraped notices: 0
[WARN] Portal auth required. Session expired or login page detected.
[DEBUG] reason=login_flow_failed
[NEXT] Run: python src/run_once.py --init-session
[NEXT] Then run: python src/run_once.py
[INFO] scraped notices: 0
[WARN] Portal auth required. Session expired or login page detected.
[DEBUG] reason=login_flow_failed
[NEXT] Run: python src/run_once.py --init-session
[NEXT] Then run: python src/run_once.py
[INFO] scraped notices: 0
[WARN] Portal auth required. Session expired or login page detected.
[DEBUG] reason=login_flow_failed
[NEXT] Run: python src/run_once.py --init-session
[NEXT] Then run: python src/run_once.py
[INFO] scraped notices: 0
[WARN] Portal auth required. Session expired or login page detected.
[DEBUG] reason=login_flow_failed
[NEXT] Run: python src/run_once.py --init-session
[NEXT] Then run: python src/run_once.py
[INFO] scraped notices: 0
[WARN] Portal auth required. Session expired or login page detected.
[DEBUG] reason=login_flow_failed
[NEXT] Run: python src/run_once.py --init-session
[NEXT] Then run: python src/run_once.py
[INFO] scraped notices: 0
[WARN] Portal auth required. Session expired or login page detected.
[DEBUG] reason=login_flow_failed
[NEXT] Run: python src/run_once.py --init-session
[NEXT] Then run: python src/run_once.py
[INFO] scraped notices: 0
[WARN] Portal auth required. Session expired or login page detected.
[DEBUG] reason=login_flow_failed
[NEXT] Run: python src/run_once.py --init-session
[NEXT] Then run: python src/run_once.py
[INFO] scraped notices: 0
[WARN] Portal auth required. Session expired or login page detected.
[DEBUG] reason=login_flow_failed
[NEXT] Run: python src/run_once.py --init-session
[NEXT] Then run: python src/run_once.py
[INFO] scraped notices: 0
[WARN] Portal auth required. Session expired or login page detected.
[DEBUG] reason=login_flow_failed
[NEXT] Run: python src/run_once.py --init-session
[NEXT] Then run: python src/run_once.py
[INFO] scraped notices: 0
[WARN] Portal auth required. Session expired or login page detected.
[DEBUG] reason=login_flow_failed
[NEXT] Run: python src/run_once.py --init-session
[NEXT] Then run: python src/run_once.py
[INFO] scraped notices: 0
[WARN] Portal auth required. Session expired or login page detected.
[DEBUG] reason=login_flow_failed
[NEXT] Run: python src/run_once.py --init-session
[NEXT] Then run: python src/run_once.py
[INFO] scraped notices: 0
[WARN] Portal auth required. Session expired or login page detected.
[DEBUG] reason=login_flow_failed
[NEXT] Run: python src/run_once.py --init-session
[NEXT] Then run: python src/run_once.py
[INFO] scraped notices: 0
[WARN] Portal auth required. Session expired or login page detected.
[DEBUG] reason=login_flow_failed
[NEXT] Run: python src/run_once.py --init-session
[NEXT] Then run: python src/run_once.py
[INFO] scraped notices: 0
[WARN] Portal auth required. Session expired or login page detected.
[DEBUG] reason=login_flow_failed
[NEXT] Run: python src/run_once.py --init-session
[NEXT] Then run: python src/run_once.py
[INFO] scraped notices: 0
[WARN] Portal auth required. Session expired or login page detected.
[DEBUG] reason=login_flow_failed
[NEXT] Run: python src/run_once.py --init-session
[NEXT] Then run: python src/run_once.py
[INFO] scraped notices: 0
[WARN] Portal auth required. Session expired or login page detected.
[DEBUG] reason=login_flow_failed
[NEXT] Run: python src/run_once.py --init-session
[NEXT] Then run: python src/run_once.py
[INFO] scraped notices: 0
[WARN] Portal auth required. Session expired or login page detected.
[DEBUG] reason=login_flow_failed
[NEXT] Run: python src/run_once.py --init-session
[NEXT] Then run: python src/run_once.py
[INFO] scraped notices: 0
[INFO] scraped notices: 0
[WARN] Portal auth required. Session expired or login page detected.
[DEBUG] reason=login_flow_failed
[NEXT] Run: python src/run_once.py --init-session
[NEXT] Then run: python src/run_once.py
[INFO] scraped notices: 0
[WARN] Portal auth required. Session expired or login page detected.
[DEBUG] reason=login_flow_failed
[NEXT] Run: python src/run_once.py --init-session
[NEXT] Then run: python src/run_once.py
[INFO] scraped notices: 0
[WARN] Portal auth required. Session expired or login page detected.
[DEBUG] reason=login_flow_failed
[NEXT] Run: python src/run_once.py --init-session
[NEXT] Then run: python src/run_once.py
[INFO] scraped notices: 0
[WARN] Portal auth required. Session expired or login page detected.
[DEBUG] reason=login_flow_failed
[NEXT] Run: python src/run_once.py --init-session
[NEXT] Then run: python src/run_once.py
[INFO] scraped notices: 0
[WARN] Portal auth required. Session expired or login page detected.
[DEBUG] reason=login_flow_failed
[NEXT] Run: python src/run_once.py --init-session
[NEXT] Then run: python src/run_once.py
[INFO] scraped notices: 0
[WARN] Portal auth required. Session expired or login page detected.
[DEBUG] reason=login_flow_failed
[NEXT] Run: python src/run_once.py --init-session
[NEXT] Then run: python src/run_once.py
[INFO] scraped notices: 0
[WARN] Portal auth required. Session expired or login page detected.
[DEBUG] reason=login_flow_failed
[NEXT] Run: python src/run_once.py --init-session
[NEXT] Then run: python src/run_once.py
[INFO] scraped notices: 0
[WARN] Portal auth required. Session expired or login page detected.
[DEBUG] reason=login_flow_failed
[NEXT] Run: python src/run_once.py --init-session
[NEXT] Then run: python src/run_once.py
[INFO] scraped notices: 0
[WARN] Portal auth required. Session expired or login page detected.
[DEBUG] reason=login_flow_failed
[NEXT] Run: python src/run_once.py --init-session
[NEXT] Then run: python src/run_once.py
[INFO] scraped notices: 0
[WARN] Portal auth required. Session expired or login page detected.
[DEBUG] reason=login_flow_failed
[NEXT] Run: python src/run_once.py --init-session
[NEXT] Then run: python src/run_once.py
[INFO] scraped notices: 0
[WARN] Portal auth required. Session expired or login page detected.
[DEBUG] reason=login_flow_failed
[NEXT] Run: python src/run_once.py --init-session
[NEXT] Then run: python src/run_once.py
[INFO] scraped notices: 0
[WARN] Portal auth required. Session expired or login page detected.
[DEBUG] reason=login_flow_failed
[NEXT] Run: python src/run_once.py --init-session
[NEXT] Then run: python src/run_once.py
[INFO] scraped notices: 0
[WARN] Portal auth required. Session expired or login page detected.
[DEBUG] reason=login_flow_failed
[NEXT] Run: python src/run_once.py --init-session
[NEXT] Then run: python src/run_once.py
[INFO] scraped notices: 0
[WARN] Portal auth required. Session expired or login page detected.
[DEBUG] reason=login_flow_failed
[NEXT] Run: python src/run_once.py --init-session
[NEXT] Then run: python src/run_once.py
[INFO] scraped notices: 0
[WARN] Portal auth required. Session expired or login page detected.
[DEBUG] reason=login_flow_failed
[NEXT] Run: python src/run_once.py --init-session
[NEXT] Then run: python src/run_once.py
[INFO] scraped notices: 0
[WARN] Portal auth required. Session expired or login page detected.
[DEBUG] reason=login_flow_failed
[NEXT] Run: python src/run_once.py --init-session
[NEXT] Then run: python src/run_once.py
[INFO] scraped notices: 0
[WARN] Portal auth required. Session expired or login page detected.
[DEBUG] reason=login_flow_failed
[NEXT] Run: python src/run_once.py --init-session
[NEXT] Then run: python src/run_once.py
[INFO] scraped notices: 0
[WARN] Portal auth required. Session expired or login page detected.
[DEBUG] reason=login_flow_failed
[NEXT] Run: python src/run_once.py --init-session
[NEXT] Then run: python src/run_once.py
[INFO] scraped notices: 0
[WARN] Portal auth required. Session expired or login page detected.
[DEBUG] reason=login_flow_failed
[NEXT] Run: python src/run_once.py --init-session
[NEXT] Then run: python src/run_once.py
[INFO] scraped notices: 0
[WARN] Portal auth required. Session expired or login page detected.
[DEBUG] reason=login_flow_failed
[NEXT] Run: python src/run_once.py --init-session
[NEXT] Then run: python src/run_once.py
[INFO] scraped notices: 0
[WARN] Portal auth required. Session expired or login page detected.
[DEBUG] reason=microsoft_login_page_detected_after_session
[NEXT] Run: python src/run_once.py --init-session
[NEXT] Then run: python src/run_once.py
[INFO] scraped notices: 0
[WARN] Portal auth required. Session expired or login page detected.
[DEBUG] reason=microsoft_login_page_detected_after_session
[NEXT] Run: python src/run_once.py --init-session
[NEXT] Then run: python src/run_once.py
[INFO] scraped notices: 0
[WARN] Portal auth required. Session expired or login page detected.
[DEBUG] reason=microsoft_login_page_detected_after_session
[NEXT] Run: python src/run_once.py --init-session
[NEXT] Then run: python src/run_once.py
[INFO] scraped notices: 0
[WARN] Portal auth required. Session expired or login page detected.
[DEBUG] reason=microsoft_login_page_detected_after_session
[NEXT] Run: python src/run_once.py --init-session
[NEXT] Then run: python src/run_once.py
[INFO] scraped notices: 0
[WARN] Portal auth required. Session expired or login page detected.
[DEBUG] reason=microsoft_login_page_detected_after_session
[NEXT] Run: python src/run_once.py --init-session
[NEXT] Then run: python src/run_once.py
[INFO] scraped notices: 0
[WARN] Portal auth required. Session expired or login page detected.
[DEBUG] reason=microsoft_login_page_detected_after_session
[NEXT] Run: python src/run_once.py --init-session
[NEXT] Then run: python src/run_once.py
[INFO] scraped notices: 0
[WARN] Portal auth required. Session expired or login page detected.
[DEBUG] reason=login_flow_failed
[NEXT] Run: python src/run_once.py --init-session
[NEXT] Then run: python src/run_once.py
[INFO] scraped notices: 0
[WARN] Portal auth required. Session expired or login page detected.
[DEBUG] reason=login_flow_failed
[NEXT] Run: python src/run_once.py --init-session
[NEXT] Then run: python src/run_once.py
[INFO] scraped notices: 0
[WARN] Portal auth required. Session expired or login page detected.
[DEBUG] reason=login_flow_failed
[NEXT] Run: python src/run_once.py --init-session
[NEXT] Then run: python src/run_once.py
[INFO] scraped notices: 0
[WARN] Portal auth required. Session expired or login page detected.
[DEBUG] reason=login_flow_failed
[NEXT] Run: python src/run_once.py --init-session
[NEXT] Then run: python src/run_once.py
[INFO] scraped notices: 0
[WARN] Portal auth required. Session expired or login page detected.
[DEBUG] reason=login_flow_failed
[NEXT] Run: python src/run_once.py --init-session
[NEXT] Then run: python src/run_once.py
[INFO] scraped notices: 0
[WARN] Portal auth required. Session expired or login page detected.
[DEBUG] reason=login_flow_failed
[NEXT] Run: python src/run_once.py --init-session
[NEXT] Then run: python src/run_once.py
[INFO] scraped notices: 0
[WARN] Portal auth required. Session expired or login page detected.
[DEBUG] reason=login_flow_failed
[NEXT] Run: python src/run_once.py --init-session
[NEXT] Then run: python src/run_once.py
[INFO] scraped notices: 0
[WARN] Portal auth required. Session expired or login page detected.
[DEBUG] reason=login_flow_failed
[NEXT] Run: python src/run_once.py --init-session
[NEXT] Then run: python src/run_once.py
[INFO] scraped notices: 0
[WARN] Portal auth required. Session expired or login page detected.
[DEBUG] reason=login_flow_failed
[NEXT] Run: python src/run_once.py --init-session
[NEXT] Then run: python src/run_once.py
[INFO] scraped notices: 0
[WARN] Portal auth required. Session expired or login page detected.
[DEBUG] reason=login_flow_failed
[NEXT] Run: python src/run_once.py --init-session
[NEXT] Then run: python src/run_once.py
[INFO] scraped notices: 0
[WARN] Portal auth required. Session expired or login page detected.
[DEBUG] reason=login_flow_failed
[NEXT] Run: python src/run_once.py --init-session
[NEXT] Then run: python src/run_once.py
[INFO] scraped notices: 0
[WARN] Portal auth required. Session expired or login page detected.
[DEBUG] reason=login_flow_failed
[NEXT] Run: python src/run_once.py --init-session
[NEXT] Then run: python src/run_once.py
[INFO] scraped notices: 0
[WARN] Portal auth required. Session expired or login page detected.
[DEBUG] reason=login_flow_failed
[NEXT] Run: python src/run_once.py --init-session
[NEXT] Then run: python src/run_once.py
[INFO] scraped notices: 0
[WARN] Portal auth required. Session expired or login page detected.
[DEBUG] reason=login_flow_failed
[NEXT] Run: python src/run_once.py --init-session
[NEXT] Then run: python src/run_once.py
[INFO] scraped notices: 0
[WARN] Portal auth required. Session expired or login page detected.
[DEBUG] reason=login_flow_failed
[NEXT] Run: python src/run_once.py --init-session
[NEXT] Then run: python src/run_once.py
[INFO] scraped notices: 0
[WARN] Portal auth required. Session expired or login page detected.
[DEBUG] reason=login_flow_failed
[NEXT] Run: python src/run_once.py --init-session
[NEXT] Then run: python src/run_once.py
[INFO] scraped notices: 0
[WARN] Portal auth required. Session expired or login page detected.
[DEBUG] reason=login_flow_failed
[NEXT] Run: python src/run_once.py --init-session
[NEXT] Then run: python src/run_once.py
[INFO] scraped notices: 0
[WARN] Portal auth required. Session expired or login page detected.
[DEBUG] reason=login_flow_failed
[NEXT] Run: python src/run_once.py --init-session
[NEXT] Then run: python src/run_once.py
[INFO] scraped notices: 0
[WARN] Portal auth required. Session expired or login page detected.
[DEBUG] reason=login_flow_failed
[NEXT] Run: python src/run_once.py --init-session
[NEXT] Then run: python src/run_once.py
[INFO] scraped notices: 0
[WARN] Portal auth required. Session expired or login page detected.
[DEBUG] reason=login_flow_failed
[NEXT] Run: python src/run_once.py --init-session
[NEXT] Then run: python src/run_once.py
[INFO] scraped notices: 0
[WARN] Portal auth required. Session expired or login page detected.
[DEBUG] reason=login_flow_failed
[NEXT] Run: python src/run_once.py --init-session
[NEXT] Then run: python src/run_once.py
[INFO] scraped notices: 0
[WARN] Portal auth required. Session expired or login page detected.
[DEBUG] reason=microsoft_login_page_detected_after_session
[NEXT] Run: python src/run_once.py --init-session
[NEXT] Then run: python src/run_once.py
[INFO] scraped notices: 0
[WARN] Portal auth required. Session expired or login page detected.
[DEBUG] reason=microsoft_login_page_detected_after_session
[NEXT] Run: python src/run_once.py --init-session
[NEXT] Then run: python src/run_once.py
[INFO] scraped notices: 0
[WARN] Portal auth required. Session expired or login page detected.
[DEBUG] reason=microsoft_login_page_detected_after_session
[NEXT] Run: python src/run_once.py --init-session
[NEXT] Then run: python src/run_once.py
[INFO] scraped notices: 0
[WARN] Portal auth required. Session expired or login page detected.
[DEBUG] reason=microsoft_login_page_detected_after_session
[NEXT] Run: python src/run_once.py --init-session
[NEXT] Then run: python src/run_once.py
[INFO] scraped notices: 0
[WARN] Portal auth required. Session expired or login page detected.
[DEBUG] reason=microsoft_login_page_detected_after_session
[NEXT] Run: python src/run_once.py --init-session
[NEXT] Then run: python src/run_once.py
[INFO] scraped notices: 0
[WARN] Portal auth required. Session expired or login page detected.
[DEBUG] reason=microsoft_login_page_detected_after_session
[NEXT] Run: python src/run_once.py --init-session
[NEXT] Then run: python src/run_once.py
[INFO] scraped notices: 0
[WARN] Portal auth required. Session expired or login page detected.
[DEBUG] reason=microsoft_login_page_detected_after_session
[NEXT] Run: python src/run_once.py --init-session
[NEXT] Then run: python src/run_once.py
[INFO] scraped notices: 0
[WARN] Portal auth required. Session expired or login page detected.
[DEBUG] reason=microsoft_login_page_detected_after_session
[NEXT] Run: python src/run_once.py --init-session
[NEXT] Then run: python src/run_once.py
[INFO] scraped notices: 0
[WARN] Portal auth required. Session expired or login page detected.
[DEBUG] reason=microsoft_login_page_detected_after_session
[NEXT] Run: python src/run_once.py --init-session
[NEXT] Then run: python src/run_once.py
[INFO] scraped notices: 0
[WARN] Portal auth required. Session expired or login page detected.
[DEBUG] reason=microsoft_login_page_detected_after_session
[NEXT] Run: python src/run_once.py --init-session
[NEXT] Then run: python src/run_once.py
[INFO] scraped notices: 0
[WARN] Portal auth required. Session expired or login page detected.
[DEBUG] reason=microsoft_login_page_detected_after_session
[NEXT] Run: python src/run_once.py --init-session
[NEXT] Then run: python src/run_once.py
[INFO] scraped notices: 0
[WARN] Portal auth required. Session expired or login page detected.
[DEBUG] reason=microsoft_login_page_detected_after_session
[NEXT] Run: python src/run_once.py --init-session
[NEXT] Then run: python src/run_once.py
[INFO] scraped notices: 0
[WARN] Portal auth required. Session expired or login page detected.
[DEBUG] reason=microsoft_login_page_detected_after_session
[NEXT] Run: python src/run_once.py --init-session
[NEXT] Then run: python src/run_once.py
[INFO] scraped notices: 0
[WARN] Portal auth required. Session expired or login page detected.
[DEBUG] reason=login_flow_failed
[NEXT] Run: python src/run_once.py --init-session
[NEXT] Then run: python src/run_once.py
[INFO] scraped notices: 0
[WARN] Portal auth required. Session expired or login page detected.
[DEBUG] reason=login_flow_failed
[NEXT] Run: python src/run_once.py --init-session
[NEXT] Then run: python src/run_once.py
[INFO] scraped notices: 0
[WARN] Portal auth required. Session expired or login page detected.
[DEBUG] reason=login_flow_failed
[NEXT] Run: python src/run_once.py --init-session
[NEXT] Then run: python src/run_once.py
[INFO] scraped notices: 0
[WARN] Portal auth required. Session expired or login page detected.
[DEBUG] reason=login_flow_failed
[NEXT] Run: python src/run_once.py --init-session
[NEXT] Then run: python src/run_once.py
[INFO] scraped notices: 0
[WARN] Portal auth required. Session expired or login page detected.
[DEBUG] reason=login_flow_failed
[NEXT] Run: python src/run_once.py --init-session
[NEXT] Then run: python src/run_once.py
[INFO] scraped notices: 0
[WARN] Portal auth required. Session expired or login page detected.
[DEBUG] reason=login_flow_failed
[NEXT] Run: python src/run_once.py --init-session
[NEXT] Then run: python src/run_once.py
[INFO] scraped notices: 0
[WARN] Portal auth required. Session expired or login page detected.
[DEBUG] reason=login_flow_failed
[NEXT] Run: python src/run_once.py --init-session
[NEXT] Then run: python src/run_once.py
[INFO] scraped notices: 0
[WARN] Portal auth required. Session expired or login page detected.
[DEBUG] reason=login_flow_failed
[NEXT] Run: python src/run_once.py --init-session
[NEXT] Then run: python src/run_once.py
[INFO] scraped notices: 0
[WARN] Portal auth required. Session expired or login page detected.
[DEBUG] reason=login_flow_failed
[NEXT] Run: python src/run_once.py --init-session
[NEXT] Then run: python src/run_once.py
[INFO] scraped notices: 0
[WARN] Portal auth required. Session expired or login page detected.
[DEBUG] reason=login_flow_failed
[NEXT] Run: python src/run_once.py --init-session
[NEXT] Then run: python src/run_once.py
[INFO] scraped notices: 0
[WARN] Portal auth required. Session expired or login page detected.
[DEBUG] reason=microsoft_login_page_detected_after_session
[NEXT] Run: python src/run_once.py --init-session
[NEXT] Then run: python src/run_once.py
[INFO] scraped notices: 0
[WARN] Portal auth required. Session expired or login page detected.
[DEBUG] reason=microsoft_login_page_detected_after_session
[NEXT] Run: python src/run_once.py --init-session
[NEXT] Then run: python src/run_once.py
[INFO] scraped notices: 0
[WARN] Portal auth required. Session expired or login page detected.
[DEBUG] reason=microsoft_login_page_detected_after_session
[NEXT] Run: python src/run_once.py --init-session
[NEXT] Then run: python src/run_once.py
[INFO] scraped notices: 0
[WARN] Portal auth required. Session expired or login page detected.
[DEBUG] reason=login_flow_failed
[NEXT] Run: python src/run_once.py --init-session
[NEXT] Then run: python src/run_once.py
[INFO] scraped notices: 0
[WARN] Portal auth required. Session expired or login page detected.
[DEBUG] reason=login_flow_failed
[NEXT] Run: python src/run_once.py --init-session
[NEXT] Then run: python src/run_once.py
[INFO] scraped notices: 0
[WARN] Portal auth required. Session expired or login page detected.
[DEBUG] reason=login_flow_failed
[NEXT] Run: python src/run_once.py --init-session
[NEXT] Then run: python src/run_once.py
[INFO] scraped notices: 0
[WARN] Portal auth required. Session expired or login page detected.
[DEBUG] reason=login_flow_failed
[NEXT] Run: python src/run_once.py --init-session
[NEXT] Then run: python src/run_once.py
[INFO] scraped notices: 0
[WARN] Portal auth required. Session expired or login page detected.
[DEBUG] reason=login_flow_failed
[NEXT] Run: python src/run_once.py --init-session
[NEXT] Then run: python src/run_once.py
[INFO] scraped notices: 0
[WARN] Portal auth required. Session expired or login page detected.
[DEBUG] reason=login_flow_failed
[NEXT] Run: python src/run_once.py --init-session
[NEXT] Then run: python src/run_once.py
[INFO] scraped notices: 0
[WARN] Portal auth required. Session expired or login page detected.
[DEBUG] reason=login_flow_failed
[NEXT] Run: python src/run_once.py --init-session
[NEXT] Then run: python src/run_once.py
[INFO] scraped notices: 0
[WARN] Portal auth required. Session expired or login page detected.
[DEBUG] reason=microsoft_login_page_detected_after_session
[NEXT] Run: python src/run_once.py --init-session
[NEXT] Then run: python src/run_once.py
[INFO] scraped notices: 0
[WARN] Portal auth required. Session expired or login page detected.
[DEBUG] reason=microsoft_login_page_detected_after_session
[NEXT] Run: python src/run_once.py --init-session
[NEXT] Then run: python src/run_once.py
[INFO] scraped notices: 0
[WARN] Portal auth required. Session expired or login page detected.
[DEBUG] reason=microsoft_login_page_detected_after_session
[NEXT] Run: python src/run_once.py --init-session
[NEXT] Then run: python src/run_once.py
[INFO] scraped notices: 0
[WARN] Portal auth required. Session expired or login page detected.
[DEBUG] reason=login_flow_failed
[NEXT] Run: python src/run_once.py --init-session
[NEXT] Then run: python src/run_once.py
[INFO] scraped notices: 0
[WARN] Portal auth required. Session expired or login page detected.
[DEBUG] reason=login_flow_failed
[NEXT] Run: python src/run_once.py --init-session
[NEXT] Then run: python src/run_once.py
[INFO] scraped notices: 0
[WARN] Portal auth required. Session expired or login page detected.
[DEBUG] reason=login_flow_failed
[NEXT] Run: python src/run_once.py --init-session
[NEXT] Then run: python src/run_once.py
[INFO] scraped notices: 0
[WARN] Portal auth required. Session expired or login page detected.
[DEBUG] reason=login_flow_failed
[NEXT] Run: python src/run_once.py --init-session
[NEXT] Then run: python src/run_once.py
[INFO] scraped notices: 0
[WARN] Portal auth required. Session expired or login page detected.
[DEBUG] reason=login_flow_failed
[NEXT] Run: python src/run_once.py --init-session
[NEXT] Then run: python src/run_once.py
[INFO] scraped notices: 0
[WARN] Portal auth required. Session expired or login page detected.
[DEBUG] reason=login_flow_failed
[NEXT] Run: python src/run_once.py --init-session
[NEXT] Then run: python src/run_once.py
[INFO] scraped notices: 0
[WARN] Portal auth required. Session expired or login page detected.
[DEBUG] reason=login_flow_failed
[NEXT] Run: python src/run_once.py --init-session
[NEXT] Then run: python src/run_once.py
[INFO] scraped notices: 0
[WARN] Portal auth required. Session expired or login page detected.
[DEBUG] reason=login_flow_failed
[NEXT] Run: python src/run_once.py --init-session
[NEXT] Then run: python src/run_once.py
[INFO] scraped notices: 0
[WARN] Portal auth required. Session expired or login page detected.
[DEBUG] reason=login_flow_failed
[NEXT] Run: python src/run_once.py --init-session
[NEXT] Then run: python src/run_once.py
[INFO] scraped notices: 0
[WARN] Portal auth required. Session expired or login page detected.
[DEBUG] reason=login_flow_failed
[NEXT] Run: python src/run_once.py --init-session
[NEXT] Then run: python src/run_once.py
[INFO] scraped notices: 0
[WARN] Portal auth required. Session expired or login page detected.
[DEBUG] reason=login_flow_failed
[NEXT] Run: python src/run_once.py --init-session
[NEXT] Then run: python src/run_once.py
[INFO] scraped notices: 0
[WARN] Portal auth required. Session expired or login page detected.
[DEBUG] reason=login_flow_failed
[NEXT] Run: python src/run_once.py --init-session
[NEXT] Then run: python src/run_once.py
[INFO] scraped notices: 0
[WARN] Portal auth required. Session expired or login page detected.
[DEBUG] reason=microsoft_login_page_detected_after_session
[NEXT] Run: python src/run_once.py --init-session
[NEXT] Then run: python src/run_once.py
[INFO] scraped notices: 0
[WARN] Portal auth required. Session expired or login page detected.
[DEBUG] reason=microsoft_login_page_detected_after_session
[NEXT] Run: python src/run_once.py --init-session
[NEXT] Then run: python src/run_once.py
[INFO] scraped notices: 0
[WARN] Portal auth required. Session expired or login page detected.
[DEBUG] reason=login_flow_failed
[NEXT] Run: python src/run_once.py --init-session
[NEXT] Then run: python src/run_once.py
[INFO] scraped notices: 0
[WARN] Portal auth required. Session expired or login page detected.
[DEBUG] reason=microsoft_login_page_detected_after_session
[NEXT] Run: python src/run_once.py --init-session
[NEXT] Then run: python src/run_once.py
[INFO] scraped notices: 0
[WARN] Portal auth required. Session expired or login page detected.
[DEBUG] reason=microsoft_login_page_detected_after_session
[NEXT] Run: python src/run_once.py --init-session
[NEXT] Then run: python src/run_once.py
[INFO] scraped notices: 0
[WARN] Portal auth required. Session expired or login page detected.
[DEBUG] reason=microsoft_login_page_detected_after_session
[NEXT] Run: python src/run_once.py --init-session
[NEXT] Then run: python src/run_once.py
[INFO] scraped notices: 0
[WARN] Portal auth required. Session expired or login page detected.
[DEBUG] reason=microsoft_login_page_detected_after_session
[NEXT] Run: python src/run_once.py --init-session
[NEXT] Then run: python src/run_once.py
[INFO] scraped notices: 0
[WARN] Portal auth required. Session expired or login page detected.
[DEBUG] reason=microsoft_login_page_detected_after_session
[NEXT] Run: python src/run_once.py --init-session
[NEXT] Then run: python src/run_once.py
[INFO] scraped notices: 0
[WARN] Portal auth required. Session expired or login page detected.
[DEBUG] reason=microsoft_login_page_detected_after_session
[NEXT] Run: python src/run_once.py --init-session
[NEXT] Then run: python src/run_once.py
[INFO] scraped notices: 0
[WARN] Portal auth required. Session expired or login page detected.
[DEBUG] reason=microsoft_login_page_detected_after_session
[NEXT] Run: python src/run_once.py --init-session
[NEXT] Then run: python src/run_once.py
[INFO] scraped notices: 0
[WARN] Portal auth required. Session expired or login page detected.
[DEBUG] reason=microsoft_login_page_detected_after_session
[NEXT] Run: python src/run_once.py --init-session
[NEXT] Then run: python src/run_once.py
[INFO] scraped notices: 0
[WARN] Portal auth required. Session expired or login page detected.
[DEBUG] reason=microsoft_login_page_detected_after_session
[NEXT] Run: python src/run_once.py --init-session
[NEXT] Then run: python src/run_once.py
[INFO] scraped notices: 0
[WARN] Portal auth required. Session expired or login page detected.
[DEBUG] reason=microsoft_login_page_detected_after_session
[NEXT] Run: python src/run_once.py --init-session
[NEXT] Then run: python src/run_once.py
[INFO] scraped notices: 0
[WARN] Portal auth required. Session expired or login page detected.
[DEBUG] reason=microsoft_login_page_detected_after_session
[NEXT] Run: python src/run_once.py --init-session
[NEXT] Then run: python src/run_once.py
[INFO] scraped notices: 0
[WARN] Portal auth required. Session expired or login page detected.
[DEBUG] reason=microsoft_login_page_detected_after_session
[NEXT] Run: python src/run_once.py --init-session
[NEXT] Then run: python src/run_once.py
[INFO] scraped notices: 0
[WARN] Portal auth required. Session expired or login page detected.
[DEBUG] reason=microsoft_login_page_detected_after_session
[NEXT] Run: python src/run_once.py --init-session
[NEXT] Then run: python src/run_once.py
[INFO] scraped notices: 0
[WARN] Portal auth required. Session expired or login page detected.
[DEBUG] reason=microsoft_login_page_detected_after_session
[NEXT] Run: python src/run_once.py --init-session
[NEXT] Then run: python src/run_once.py
[INFO] scraped notices: 0
[WARN] Portal auth required. Session expired or login page detected.
[DEBUG] reason=microsoft_login_page_detected_after_session
[NEXT] Run: python src/run_once.py --init-session
[NEXT] Then run: python src/run_once.py
[INFO] scraped notices: 0
[WARN] Portal auth required. Session expired or login page detected.
[DEBUG] reason=microsoft_login_page_detected_after_session
[NEXT] Run: python src/run_once.py --init-session
[NEXT] Then run: python src/run_once.py
[INFO] scraped notices: 0
[WARN] Portal auth required. Session expired or login page detected.
[DEBUG] reason=microsoft_login_page_detected_after_session
[NEXT] Run: python src/run_once.py --init-session
[NEXT] Then run: python src/run_once.py
[INFO] scraped notices: 0
[WARN] Portal auth required. Session expired or login page detected.
[DEBUG] reason=microsoft_login_page_detected_after_session
[NEXT] Run: python src/run_once.py --init-session
[NEXT] Then run: python src/run_once.py
[INFO] scraped notices: 0
[WARN] Portal auth required. Session expired or login page detected.
[DEBUG] reason=microsoft_login_page_detected_after_session
[NEXT] Run: python src/run_once.py --init-session
[NEXT] Then run: python src/run_once.py
[INFO] scraped notices: 0
[WARN] Portal auth required. Session expired or login page detected.
[DEBUG] reason=microsoft_login_page_detected_after_session
[NEXT] Run: python src/run_once.py --init-session
[NEXT] Then run: python src/run_once.py
[INFO] scraped notices: 0
[WARN] Portal auth required. Session expired or login page detected.
[DEBUG] reason=microsoft_login_page_detected_after_session
[NEXT] Run: python src/run_once.py --init-session
[NEXT] Then run: python src/run_once.py
[INFO] scraped notices: 0
[WARN] Portal auth required. Session expired or login page detected.
[DEBUG] reason=microsoft_login_page_detected_after_session
[NEXT] Run: python src/run_once.py --init-session
[NEXT] Then run: python src/run_once.py
[INFO] scraped notices: 0
[WARN] Portal auth required. Session expired or login page detected.
[DEBUG] reason=microsoft_login_page_detected_after_session
[NEXT] Run: python src/run_once.py --init-session
[NEXT] Then run: python src/run_once.py
[INFO] scraped notices: 0
[WARN] Portal auth required. Session expired or login page detected.
[DEBUG] reason=microsoft_login_page_detected_after_session
[NEXT] Run: python src/run_once.py --init-session
[NEXT] Then run: python src/run_once.py
[INFO] scraped notices: 0
[WARN] Portal auth required. Session expired or login page detected.
[DEBUG] reason=microsoft_login_page_detected_after_session
[NEXT] Run: python src/run_once.py --init-session
[NEXT] Then run: python src/run_once.py
[INFO] scraped notices: 0
[WARN] Portal auth required. Session expired or login page detected.
[DEBUG] reason=microsoft_login_page_detected_after_session
[NEXT] Run: python src/run_once.py --init-session
[NEXT] Then run: python src/run_once.py
[INFO] scraped notices: 0
[WARN] Portal auth required. Session expired or login page detected.
[DEBUG] reason=microsoft_login_page_detected_after_session
[NEXT] Run: python src/run_once.py --init-session
[NEXT] Then run: python src/run_once.py
[INFO] scraped notices: 0
[WARN] Portal auth required. Session expired or login page detected.
[DEBUG] reason=microsoft_login_page_detected_after_session
[NEXT] Run: python src/run_once.py --init-session
[NEXT] Then run: python src/run_once.py
[INFO] scraped notices: 0
[WARN] Portal auth required. Session expired or login page detected.
[DEBUG] reason=microsoft_login_page_detected_after_session
[NEXT] Run: python src/run_once.py --init-session
[NEXT] Then run: python src/run_once.py
[INFO] scraped notices: 0
[WARN] Portal auth required. Session expired or login page detected.
[DEBUG] reason=microsoft_login_page_detected_after_session
[NEXT] Run: python src/run_once.py --init-session
[NEXT] Then run: python src/run_once.py
[INFO] scraped notices: 0
[WARN] Portal auth required. Session expired or login page detected.
[DEBUG] reason=microsoft_login_page_detected_after_session
[NEXT] Run: python src/run_once.py --init-session
[NEXT] Then run: python src/run_once.py
[INFO] scraped notices: 0
[WARN] Portal auth required. Session expired or login page detected.
[DEBUG] reason=microsoft_login_page_detected_after_session
[NEXT] Run: python src/run_once.py --init-session
[NEXT] Then run: python src/run_once.py
[INFO] scraped notices: 0
[WARN] Portal auth required. Session expired or login page detected.
[DEBUG] reason=microsoft_login_page_detected_after_session
[NEXT] Run: python src/run_once.py --init-session
[NEXT] Then run: python src/run_once.py
[INFO] scraped notices: 0
[WARN] Portal auth required. Session expired or login page detected.
[DEBUG] reason=microsoft_login_page_detected_after_session
[NEXT] Run: python src/run_once.py --init-session
[NEXT] Then run: python src/run_once.py
[INFO] scraped notices: 0
[WARN] Portal auth required. Session expired or login page detected.
[DEBUG] reason=microsoft_login_page_detected_after_session
[NEXT] Run: python src/run_once.py --init-session
[NEXT] Then run: python src/run_once.py
[INFO] scraped notices: 0
[WARN] Portal auth required. Session expired or login page detected.
[DEBUG] reason=microsoft_login_page_detected_after_session
[NEXT] Run: python src/run_once.py --init-session
[NEXT] Then run: python src/run_once.py
[INFO] scraped notices: 0
[WARN] Portal auth required. Session expired or login page detected.
[DEBUG] reason=microsoft_login_page_detected_after_session
[NEXT] Run: python src/run_once.py --init-session
[NEXT] Then run: python src/run_once.py
[INFO] scraped notices: 0
[WARN] Portal auth required. Session expired or login page detected.
[DEBUG] reason=microsoft_login_page_detected_after_session
[NEXT] Run: python src/run_once.py --init-session
[NEXT] Then run: python src/run_once.py
[INFO] scraped notices: 0
[WARN] Portal auth required. Session expired or login page detected.
[DEBUG] reason=microsoft_login_page_detected_after_session
[NEXT] Run: python src/run_once.py --init-session
[NEXT] Then run: python src/run_once.py
[INFO] scraped notices: 0
[WARN] Portal auth required. Session expired or login page detected.
[DEBUG] reason=microsoft_login_page_detected_after_session
[NEXT] Run: python src/run_once.py --init-session
[NEXT] Then run: python src/run_once.py
[INFO] scraped notices: 0
[WARN] Portal auth required. Session expired or login page detected.
[DEBUG] reason=microsoft_login_page_detected_after_session
[NEXT] Run: python src/run_once.py --init-session
[NEXT] Then run: python src/run_once.py
[INFO] scraped notices: 0
[WARN] Portal auth required. Session expired or login page detected.
[DEBUG] reason=microsoft_login_page_detected_after_session
[NEXT] Run: python src/run_once.py --init-session
[NEXT] Then run: python src/run_once.py
[INFO] scraped notices: 0
[WARN] Portal auth required. Session expired or login page detected.
[DEBUG] reason=microsoft_login_page_detected_after_session
[NEXT] Run: python src/run_once.py --init-session
[NEXT] Then run: python src/run_once.py
[INFO] scraped notices: 0
[WARN] Portal auth required. Session expired or login page detected.
[DEBUG] reason=microsoft_login_page_detected_after_session
[NEXT] Run: python src/run_once.py --init-session
[NEXT] Then run: python src/run_once.py
[INFO] scraped notices: 0
[WARN] Portal auth required. Session expired or login page detected.
[DEBUG] reason=microsoft_login_page_detected_after_session
[NEXT] Run: python src/run_once.py --init-session
[NEXT] Then run: python src/run_once.py
[INFO] scraped notices: 0
[WARN] Portal auth required. Session expired or login page detected.
[DEBUG] reason=microsoft_login_page_detected_after_session
[NEXT] Run: python src/run_once.py --init-session
[NEXT] Then run: python src/run_once.py
[INFO] scraped notices: 0
[WARN] Portal auth required. Session expired or login page detected.
[DEBUG] reason=microsoft_login_page_detected_after_session
[NEXT] Run: python src/run_once.py --init-session
[NEXT] Then run: python src/run_once.py
[INFO] scraped notices: 0
[WARN] Portal auth required. Session expired or login page detected.
[DEBUG] reason=microsoft_login_page_detected_after_session
[NEXT] Run: python src/run_once.py --init-session
[NEXT] Then run: python src/run_once.py
[INFO] scraped notices: 0
[WARN] Portal auth required. Session expired or login page detected.
[DEBUG] reason=microsoft_login_page_detected_after_session
[NEXT] Run: python src/run_once.py --init-session
[NEXT] Then run: python src/run_once.py
[INFO] scraped notices: 0
[WARN] Portal auth required. Session expired or login page detected.
[DEBUG] reason=microsoft_login_page_detected_after_session
[NEXT] Run: python src/run_once.py --init-session
[NEXT] Then run: python src/run_once.py
[INFO] scraped notices: 0
[WARN] Portal auth required. Session expired or login page detected.
[DEBUG] reason=microsoft_login_page_detected_after_session
[NEXT] Run: python src/run_once.py --init-session
[NEXT] Then run: python src/run_once.py
[INFO] scraped notices: 0
[WARN] Portal auth required. Session expired or login page detected.
[DEBUG] reason=microsoft_login_page_detected_after_session
[NEXT] Run: python src/run_once.py --init-session
[NEXT] Then run: python src/run_once.py
[INFO] scraped notices: 0
[WARN] Portal auth required. Session expired or login page detected.
[DEBUG] reason=microsoft_login_page_detected_after_session
[NEXT] Run: python src/run_once.py --init-session
[NEXT] Then run: python src/run_once.py
[INFO] scraped notices: 0
[WARN] Portal auth required. Session expired or login page detected.
[DEBUG] reason=microsoft_login_page_detected_after_session
[NEXT] Run: python src/run_once.py --init-session
[NEXT] Then run: python src/run_once.py
[INFO] scraped notices: 0
[WARN] Portal auth required. Session expired or login page detected.
[DEBUG] reason=microsoft_login_page_detected_after_session
[NEXT] Run: python src/run_once.py --init-session
[NEXT] Then run: python src/run_once.py
[INFO] scraped notices: 0
[WARN] Portal auth required. Session expired or login page detected.
[DEBUG] reason=microsoft_login_page_detected_after_session
[NEXT] Run: python src/run_once.py --init-session
[NEXT] Then run: python src/run_once.py
[INFO] scraped notices: 0
[WARN] Portal auth required. Session expired or login page detected.
[DEBUG] reason=microsoft_login_page_detected_after_session
[NEXT] Run: python src/run_once.py --init-session
[NEXT] Then run: python src/run_once.py
[INFO] scraped notices: 0
[WARN] Portal auth required. Session expired or login page detected.
[DEBUG] reason=microsoft_login_page_detected_after_session
[NEXT] Run: python src/run_once.py --init-session
[NEXT] Then run: python src/run_once.py
[INFO] scraped notices: 0
[WARN] Portal auth required. Session expired or login page detected.
[DEBUG] reason=microsoft_login_page_detected_after_session
[NEXT] Run: python src/run_once.py --init-session
[NEXT] Then run: python src/run_once.py
[INFO] scraped notices: 0
[WARN] Portal auth required. Session expired or login page detected.
[DEBUG] reason=microsoft_login_page_detected_after_session
[NEXT] Run: python src/run_once.py --init-session
[NEXT] Then run: python src/run_once.py
[INFO] scraped notices: 0
[WARN] Portal auth required. Session expired or login page detected.
[DEBUG] reason=microsoft_login_page_detected_after_session
[NEXT] Run: python src/run_once.py --init-session
[NEXT] Then run: python src/run_once.py
[INFO] scraped notices: 0
[WARN] Portal auth required. Session expired or login page detected.
[DEBUG] reason=microsoft_login_page_detected_after_session
[NEXT] Run: python src/run_once.py --init-session
[NEXT] Then run: python src/run_once.py
[INFO] scraped notices: 0
[WARN] Portal auth required. Session expired or login page detected.
[DEBUG] reason=microsoft_login_page_detected_after_session
[NEXT] Run: python src/run_once.py --init-session
[NEXT] Then run: python src/run_once.py
[INFO] scraped notices: 0
[WARN] Portal auth required. Session expired or login page detected.
[DEBUG] reason=microsoft_login_page_detected_after_session
[NEXT] Run: python src/run_once.py --init-session
[NEXT] Then run: python src/run_once.py
[INFO] scraped notices: 0
[WARN] Portal auth required. Session expired or login page detected.
[DEBUG] reason=microsoft_login_page_detected_after_session
[NEXT] Run: python src/run_once.py --init-session
[NEXT] Then run: python src/run_once.py
[INFO] scraped notices: 0
[WARN] Portal auth required. Session expired or login page detected.
[DEBUG] reason=microsoft_login_page_detected_after_session
[NEXT] Run: python src/run_once.py --init-session
[NEXT] Then run: python src/run_once.py
[INFO] scraped notices: 46
[INFO] created=46 updated=0
[INFO] push sent=0 failed=0 targets=0
[sample 1] 2026/05/22 19:10 | 学外活動（遠征等）における移動時の安全確保について
[sample 2] 2026/05/22 14:28 | SCキャリアより）インターンシップ企業研究会 実施後アンケート回答のお願い＆参加企業のパンフレット配布のお知らせ
[sample 3] 2026/05/22 12:33 | SCキャリアより）リクナビで「適性検査」を体験！言語・非言語Webテスト受検会＜5/22(金)・5/25(月)＞【ハイブリッド開催】
[INFO] section_counts 伝言:6, 大学からのお知らせ:34, 教員からのお知らせ:3, 誰でも投稿:3
[INFO] scraped notices: 46
[INFO] created=0 updated=46
[INFO] No new notice documents. Push skipped.
[sample 1] 2026/05/22 19:10 | 学外活動（遠征等）における移動時の安全確保について
[sample 2] 2026/05/22 14:28 | SCキャリアより）インターンシップ企業研究会 実施後アンケート回答のお願い＆参加企業のパンフレット配布のお知らせ
[sample 3] 2026/05/22 12:33 | SCキャリアより）リクナビで「適性検査」を体験！言語・非言語Webテスト受検会＜5/22(金)・5/25(月)＞【ハイブリッド開催】
[INFO] section_counts 伝言:6, 大学からのお知らせ:34, 教員からのお知らせ:3, 誰でも投稿:3
[INFO] scraped notices: 46
[INFO] created=0 updated=46
[INFO] No new notice documents. Push skipped.
[sample 1] 2026/05/22 19:10 | 学外活動（遠征等）における移動時の安全確保について
[sample 2] 2026/05/22 14:28 | SCキャリアより）インターンシップ企業研究会 実施後アンケート回答のお願い＆参加企業のパンフレット配布のお知らせ
[sample 3] 2026/05/22 12:33 | SCキャリアより）リクナビで「適性検査」を体験！言語・非言語Webテスト受検会＜5/22(金)・5/25(月)＞【ハイブリッド開催】
[INFO] section_counts 伝言:6, 大学からのお知らせ:34, 教員からのお知らせ:3, 誰でも投稿:3
[INFO] scraped notices: 46
[INFO] created=0 updated=46
[INFO] No new notice documents. Push skipped.
[sample 1] 2026/05/22 19:10 | 学外活動（遠征等）における移動時の安全確保について
[sample 2] 2026/05/22 14:28 | SCキャリアより）インターンシップ企業研究会 実施後アンケート回答のお願い＆参加企業のパンフレット配布のお知らせ
[sample 3] 2026/05/22 12:33 | SCキャリアより）リクナビで「適性検査」を体験！言語・非言語Webテスト受検会＜5/22(金)・5/25(月)＞【ハイブリッド開催】
[INFO] section_counts 伝言:6, 大学からのお知らせ:34, 教員からのお知らせ:3, 誰でも投稿:3
[INFO] scraped notices: 46
[INFO] created=1 updated=45
[INFO] push sent=0 failed=0 targets=0
[sample 1] 2026/05/25 10:51 | 【本日開催！飛込参加OK！】SCキャリアより）リクナビで「適性検査」を体験！言語・非言語Webテスト受検会＜5/25(月)＞【ハイブリッド開催】
[sample 2] 2026/05/22 19:10 | 学外活動（遠征等）における移動時の安全確保について
[sample 3] 2026/05/22 14:28 | SCキャリアより）インターンシップ企業研究会 実施後アンケート回答のお願い＆参加企業のパンフレット配布のお知らせ
[INFO] section_counts 伝言:6, 大学からのお知らせ:34, 教員からのお知らせ:3, 誰でも投稿:3
[INFO] scraped notices: 46
[INFO] created=0 updated=46
[INFO] No new notice documents. Push skipped.
[sample 1] 2026/05/25 10:51 | 【本日開催！飛込参加OK！】SCキャリアより）リクナビで「適性検査」を体験！言語・非言語Webテスト受検会＜5/25(月)＞【ハイブリッド開催】
[sample 2] 2026/05/22 19:10 | 学外活動（遠征等）における移動時の安全確保について
[sample 3] 2026/05/22 14:28 | SCキャリアより）インターンシップ企業研究会 実施後アンケート回答のお願い＆参加企業のパンフレット配布のお知らせ
[INFO] section_counts 伝言:6, 大学からのお知らせ:34, 教員からのお知らせ:3, 誰でも投稿:3
[INFO] scraped notices: 0
[INFO] auth alert push sent=0 failed=0 targets=0
[WARN] Portal auth required. Session expired or login page detected.
[DEBUG] reason=microsoft_login_page_detected_after_session
[NEXT] Run: python src/run_once.py --init-session
[NEXT] Then run: python src/run_once.py
[INFO] scraped notices: 46
[INFO] created=0 updated=46
[INFO] No new notice documents. Push skipped.
[sample 1] 2026/05/25 10:51 | 【本日開催！飛込参加OK！】SCキャリアより）リクナビで「適性検査」を体験！言語・非言語Webテスト受検会＜5/25(月)＞【ハイブリッド開催】
[sample 2] 2026/05/22 19:10 | 学外活動（遠征等）における移動時の安全確保について
[sample 3] 2026/05/22 14:28 | SCキャリアより）インターンシップ企業研究会 実施後アンケート回答のお願い＆参加企業のパンフレット配布のお知らせ
[INFO] section_counts 伝言:6, 大学からのお知らせ:34, 教員からのお知らせ:3, 誰でも投稿:3
[INFO] scraped notices: 0
[WARN] No notices found. Check selectors against portal HTML.
[DEBUG] reason=showall_table_not_found_or_empty
[INFO] scraped notices: 0
[INFO] auth alert push sent=0 failed=0 targets=0
[WARN] Portal auth required. Session expired or login page detected.
[DEBUG] reason=microsoft_login_page_detected_after_session
[NEXT] Run: python src/run_once.py --init-session
[NEXT] Then run: python src/run_once.py
[INFO] scraped notices: 0
[WARN] Portal auth required. Session expired or login page detected.
[DEBUG] reason=microsoft_login_page_detected_after_session
[NEXT] Run: python src/run_once.py --init-session
[NEXT] Then run: python src/run_once.py
[INFO] scraped notices: 46
[INFO] created=4 updated=42
[INFO] push sent=0 failed=0 targets=0
[sample 1] 2026/05/25 13:00 | 【SC】前期前半末(1Q)試験を欠席した場合について
[sample 2] 2026/05/25 13:00 | 【SC開講科目】前期前半末試験の実施について
[sample 3] 2026/05/25 11:30 | (5/25(月)更新)キャリアより）ケーススタディから学ぶGD対策講座のご案内(本日開催!)
[INFO] section_counts 伝言:6, 大学からのお知らせ:34, 教員からのお知らせ:3, 誰でも投稿:3
[INFO] scraped notices: 46
[INFO] created=0 updated=46
[INFO] No new notice documents. Push skipped.
[sample 1] 2026/05/25 13:00 | 【SC】前期前半末(1Q)試験を欠席した場合について
[sample 2] 2026/05/25 13:00 | 【SC開講科目】前期前半末試験の実施について
[sample 3] 2026/05/25 11:30 | (5/25(月)更新)キャリアより）ケーススタディから学ぶGD対策講座のご案内(本日開催!)
[INFO] section_counts 伝言:6, 大学からのお知らせ:34, 教員からのお知らせ:3, 誰でも投稿:3
[INFO] scraped notices: 46
[INFO] created=0 updated=46
[INFO] No new notice documents. Push skipped.
[sample 1] 2026/05/25 13:00 | 【SC】前期前半末(1Q)試験を欠席した場合について
[sample 2] 2026/05/25 13:00 | 【SC開講科目】前期前半末試験の実施について
[sample 3] 2026/05/25 11:30 | (5/25(月)更新)キャリアより）ケーススタディから学ぶGD対策講座のご案内(本日開催!)
[INFO] section_counts 伝言:6, 大学からのお知らせ:34, 教員からのお知らせ:3, 誰でも投稿:3
[INFO] scraped notices: 0
[INFO] auth alert push sent=0 failed=0 targets=0
[WARN] Portal auth required. Session expired or login page detected.
[DEBUG] reason=microsoft_login_page_detected_after_session
[NEXT] Run: python src/run_once.py --init-session
[NEXT] Then run: python src/run_once.py
[INFO] scraped notices: 46
[INFO] created=0 updated=46
[INFO] No new notice documents. Push skipped.
[sample 1] 2026/05/25 13:00 | 【SC】前期前半末(1Q)試験を欠席した場合について
[sample 2] 2026/05/25 13:00 | 【SC開講科目】前期前半末試験の実施について
[sample 3] 2026/05/25 11:30 | (5/25(月)更新)キャリアより）ケーススタディから学ぶGD対策講座のご案内(本日開催!)
[INFO] section_counts 伝言:6, 大学からのお知らせ:34, 教員からのお知らせ:3, 誰でも投稿:3
[INFO] scraped notices: 46
[INFO] created=0 updated=46
[INFO] No new notice documents. Push skipped.
[sample 1] 2026/05/25 13:00 | 【SC】前期前半末(1Q)試験を欠席した場合について
[sample 2] 2026/05/25 13:00 | 【SC開講科目】前期前半末試験の実施について
[sample 3] 2026/05/25 11:30 | (5/25(月)更新)キャリアより）ケーススタディから学ぶGD対策講座のご案内(本日開催!)
[INFO] section_counts 伝言:6, 大学からのお知らせ:34, 教員からのお知らせ:3, 誰でも投稿:3
[INFO] scraped notices: 46
[INFO] created=2 updated=44
[INFO] push sent=0 failed=0 targets=0
[sample 1] 2026/05/25 15:39 | 学生相談室だより #104『分からないと感じる自分も、自分』（2026.6.1）
[sample 2] 2026/05/25 15:31 | 【７/１７（金）13:00～】Bunkamura特別優待販売 ミュージカル「サンセット大通り」特別講演
[sample 3] 2026/05/25 13:00 | 【SC】前期前半末(1Q)試験を欠席した場合について
[INFO] section_counts 伝言:6, 大学からのお知らせ:34, 教員からのお知らせ:3, 誰でも投稿:3
[INFO] scraped notices: 45
[INFO] created=1 updated=44
[INFO] push sent=0 failed=0 targets=0
[sample 1] 2026/05/25 16:02 | 学生相談室だより #104『分からないと感じる自分も、自分』（2026.6.1）
[sample 2] 2026/05/25 15:31 | 【７/１７（金）13:00～】Bunkamura特別優待販売 ミュージカル「サンセット大通り」特別講演
[sample 3] 2026/05/25 13:00 | 【SC】前期前半末(1Q)試験を欠席した場合について
[INFO] section_counts 伝言:6, 大学からのお知らせ:33, 教員からのお知らせ:3, 誰でも投稿:3
[INFO] scraped notices: 45
[INFO] created=0 updated=45
[INFO] No new notice documents. Push skipped.
[sample 1] 2026/05/25 16:02 | 学生相談室だより #104『分からないと感じる自分も、自分』（2026.6.1）
[sample 2] 2026/05/25 15:31 | 【７/１７（金）13:00～】Bunkamura特別優待販売 ミュージカル「サンセット大通り」特別講演
[sample 3] 2026/05/25 13:00 | 【SC】前期前半末(1Q)試験を欠席した場合について
[INFO] section_counts 伝言:6, 大学からのお知らせ:33, 教員からのお知らせ:3, 誰でも投稿:3
[INFO] scraped notices: 45
[INFO] created=0 updated=45
[INFO] No new notice documents. Push skipped.
[sample 1] 2026/05/25 16:02 | 学生相談室だより #104『分からないと感じる自分も、自分』（2026.6.1）
[sample 2] 2026/05/25 15:31 | 【７/１７（金）13:00～】Bunkamura特別優待販売 ミュージカル「サンセット大通り」特別講演
[sample 3] 2026/05/25 13:00 | 【SC】前期前半末(1Q)試験を欠席した場合について
[INFO] section_counts 伝言:6, 大学からのお知らせ:33, 教員からのお知らせ:3, 誰でも投稿:3
[INFO] scraped notices: 45
[INFO] created=0 updated=45
[INFO] No new notice documents. Push skipped.
[sample 1] 2026/05/25 16:02 | 学生相談室だより #104『分からないと感じる自分も、自分』（2026.6.1）
[sample 2] 2026/05/25 15:31 | 【７/１７（金）13:00～】Bunkamura特別優待販売 ミュージカル「サンセット大通り」特別講演
[sample 3] 2026/05/25 13:00 | 【SC】前期前半末(1Q)試験を欠席した場合について
[INFO] section_counts 伝言:6, 大学からのお知らせ:33, 教員からのお知らせ:3, 誰でも投稿:3
[INFO] scraped notices: 45
[INFO] created=0 updated=45
[INFO] No new notice documents. Push skipped.
[sample 1] 2026/05/25 16:02 | 学生相談室だより #104『分からないと感じる自分も、自分』（2026.6.1）
[sample 2] 2026/05/25 15:31 | 【７/１７（金）13:00～】Bunkamura特別優待販売 ミュージカル「サンセット大通り」特別講演
[sample 3] 2026/05/25 13:00 | 【SC】前期前半末(1Q)試験を欠席した場合について
[INFO] section_counts 伝言:6, 大学からのお知らせ:33, 教員からのお知らせ:3, 誰でも投稿:3
[INFO] scraped notices: 45
[INFO] created=0 updated=45
[INFO] No new notice documents. Push skipped.
[sample 1] 2026/05/25 16:02 | 学生相談室だより #104『分からないと感じる自分も、自分』（2026.6.1）
[sample 2] 2026/05/25 15:31 | 【７/１７（金）13:00～】Bunkamura特別優待販売 ミュージカル「サンセット大通り」特別講演
[sample 3] 2026/05/25 13:00 | 【SC】前期前半末(1Q)試験を欠席した場合について
[INFO] section_counts 伝言:6, 大学からのお知らせ:33, 教員からのお知らせ:3, 誰でも投稿:3
[INFO] scraped notices: 45
[INFO] created=0 updated=45
[INFO] No new notice documents. Push skipped.
[sample 1] 2026/05/25 16:02 | 学生相談室だより #104『分からないと感じる自分も、自分』（2026.6.1）
[sample 2] 2026/05/25 15:31 | 【７/１７（金）13:00～】Bunkamura特別優待販売 ミュージカル「サンセット大通り」特別講演
[sample 3] 2026/05/25 13:00 | 【SC】前期前半末(1Q)試験を欠席した場合について
[INFO] section_counts 伝言:6, 大学からのお知らせ:33, 教員からのお知らせ:3, 誰でも投稿:3
[INFO] scraped notices: 45
[INFO] created=0 updated=45
[INFO] No new notice documents. Push skipped.
[sample 1] 2026/05/25 16:02 | 学生相談室だより #104『分からないと感じる自分も、自分』（2026.6.1）
[sample 2] 2026/05/25 15:31 | 【７/１７（金）13:00～】Bunkamura特別優待販売 ミュージカル「サンセット大通り」特別講演
[sample 3] 2026/05/25 13:00 | 【SC】前期前半末(1Q)試験を欠席した場合について
[INFO] section_counts 伝言:6, 大学からのお知らせ:33, 教員からのお知らせ:3, 誰でも投稿:3
[INFO] scraped notices: 0
[INFO] auth alert push sent=0 failed=0 targets=0
[WARN] Portal auth required. Session expired or login page detected.
[DEBUG] reason=microsoft_login_page_detected_after_session
[NEXT] Run: python src/run_once.py --init-session
[NEXT] Then run: python src/run_once.py
[INFO] scraped notices: 0
[WARN] Portal auth required. Session expired or login page detected.
[DEBUG] reason=microsoft_login_page_detected_after_session
[NEXT] Run: python src/run_once.py --init-session
[NEXT] Then run: python src/run_once.py
[INFO] scraped notices: 0
[WARN] Portal auth required. Session expired or login page detected.
[DEBUG] reason=microsoft_login_page_detected_after_session
[NEXT] Run: python src/run_once.py --init-session
[NEXT] Then run: python src/run_once.py
[INFO] scraped notices: 0
[WARN] Portal auth required. Session expired or login page detected.
[DEBUG] reason=microsoft_login_page_detected_after_session
[NEXT] Run: python src/run_once.py --init-session
[NEXT] Then run: python src/run_once.py
[INFO] scraped notices: 0
[WARN] Portal auth required. Session expired or login page detected.
[DEBUG] reason=microsoft_login_page_detected_after_session
[NEXT] Run: python src/run_once.py --init-session
[NEXT] Then run: python src/run_once.py
[INFO] scraped notices: 0
[WARN] Portal auth required. Session expired or login page detected.
[DEBUG] reason=microsoft_login_page_detected_after_session
[NEXT] Run: python src/run_once.py --init-session
[NEXT] Then run: python src/run_once.py
[INFO] scraped notices: 0
[WARN] Portal auth required. Session expired or login page detected.
[DEBUG] reason=microsoft_login_page_detected_after_session
[NEXT] Run: python src/run_once.py --init-session
[NEXT] Then run: python src/run_once.py
[INFO] scraped notices: 0
[WARN] Portal auth required. Session expired or login page detected.
[DEBUG] reason=microsoft_login_page_detected_after_session
[NEXT] Run: python src/run_once.py --init-session
[NEXT] Then run: python src/run_once.py
[INFO] scraped notices: 0
[WARN] Portal auth required. Session expired or login page detected.
[DEBUG] reason=microsoft_login_page_detected_after_session
[NEXT] Run: python src/run_once.py --init-session
[NEXT] Then run: python src/run_once.py
[INFO] scraped notices: 45
[INFO] created=3 updated=42
[INFO] push sent=0 failed=0 targets=0
[sample 1] 2026/05/26 00:00 | 【本日開催！】SCキャリアより）5/26(火)安藤ハザマOBOG支援会（インターンシップ説明会）
[sample 2] 2026/05/25 19:32 | キャリアより）6/11(木)4限 フェルミ推定・ケース面接対策講座【ハイブリッド開催】
[sample 3] 2026/05/25 18:36 | SCキャリアより）5/27(水)就活基礎講座④内定者パネルディスカッション【ライブ配信】
[INFO] section_counts 伝言:7, 大学からのお知らせ:32, 教員からのお知らせ:3, 誰でも投稿:3
[INFO] scraped notices: 45
[INFO] created=0 updated=45
[INFO] No new notice documents. Push skipped.
[sample 1] 2026/05/26 00:00 | 【本日開催！】SCキャリアより）5/26(火)安藤ハザマOBOG支援会（インターンシップ説明会）
[sample 2] 2026/05/25 19:32 | キャリアより）6/11(木)4限 フェルミ推定・ケース面接対策講座【ハイブリッド開催】
[sample 3] 2026/05/25 18:36 | SCキャリアより）5/27(水)就活基礎講座④内定者パネルディスカッション【ライブ配信】
[INFO] section_counts 伝言:7, 大学からのお知らせ:32, 教員からのお知らせ:3, 誰でも投稿:3
[INFO] scraped notices: 45
[INFO] created=0 updated=45
[INFO] No new notice documents. Push skipped.
[sample 1] 2026/05/26 00:00 | 【本日開催！】SCキャリアより）5/26(火)安藤ハザマOBOG支援会（インターンシップ説明会）
[sample 2] 2026/05/25 19:32 | キャリアより）6/11(木)4限 フェルミ推定・ケース面接対策講座【ハイブリッド開催】
[sample 3] 2026/05/25 18:36 | SCキャリアより）5/27(水)就活基礎講座④内定者パネルディスカッション【ライブ配信】
[INFO] section_counts 伝言:7, 大学からのお知らせ:32, 教員からのお知らせ:3, 誰でも投稿:3
[INFO] scraped notices: 45
[INFO] created=0 updated=45
[INFO] No new notice documents. Push skipped.
[sample 1] 2026/05/26 00:00 | 【本日開催！】SCキャリアより）5/26(火)安藤ハザマOBOG支援会（インターンシップ説明会）
[sample 2] 2026/05/25 19:32 | キャリアより）6/11(木)4限 フェルミ推定・ケース面接対策講座【ハイブリッド開催】
[sample 3] 2026/05/25 18:36 | SCキャリアより）5/27(水)就活基礎講座④内定者パネルディスカッション【ライブ配信】
[INFO] section_counts 伝言:7, 大学からのお知らせ:32, 教員からのお知らせ:3, 誰でも投稿:3
[INFO] scraped notices: 0
[INFO] auth alert push sent=0 failed=0 targets=0
[WARN] Portal auth required. Session expired or login page detected.
[DEBUG] reason=microsoft_login_page_detected_after_session
[NEXT] Run: python src/run_once.py --init-session
[NEXT] Then run: python src/run_once.py
[INFO] scraped notices: 45
[INFO] created=0 updated=45
[INFO] No new notice documents. Push skipped.
[sample 1] 2026/05/26 00:00 | 【本日開催！】SCキャリアより）5/26(火)安藤ハザマOBOG支援会（インターンシップ説明会）
[sample 2] 2026/05/25 19:32 | キャリアより）6/11(木)4限 フェルミ推定・ケース面接対策講座【ハイブリッド開催】
[sample 3] 2026/05/25 18:36 | SCキャリアより）5/27(水)就活基礎講座④内定者パネルディスカッション【ライブ配信】
[INFO] section_counts 伝言:7, 大学からのお知らせ:32, 教員からのお知らせ:3, 誰でも投稿:3
[INFO] scraped notices: 0
[INFO] auth alert push sent=0 failed=0 targets=0
[WARN] Portal auth required. Session expired or login page detected.
[DEBUG] reason=login_flow_failed
[NEXT] Run: python src/run_once.py --init-session
[NEXT] Then run: python src/run_once.py
[INFO] scraped notices: 44
[INFO] created=2 updated=42
[INFO] push sent=0 failed=0 targets=0
[sample 1] 2026/05/26 13:30 | 【重要】2026年度前期に授業内試験をおこなう科目について
[sample 2] 2026/05/26 11:35 | （iPhone/Macユーザー向け）大学サービスアクセス時に認証が拒否されたり、何度も認証を求められたりする場合の対処方法
[sample 3] 2026/05/26 00:00 | 【本日開催！】SCキャリアより）5/26(火)安藤ハザマOBOG支援会（インターンシップ説明会）
[INFO] section_counts 伝言:6, 大学からのお知らせ:32, 教員からのお知らせ:3, 誰でも投稿:3
[INFO] scraped notices: 0
[INFO] auth alert push sent=0 failed=0 targets=0
[WARN] Portal auth required. Session expired or login page detected.
[DEBUG] reason=microsoft_login_page_detected_after_session
[NEXT] Run: python src/run_once.py --init-session
[NEXT] Then run: python src/run_once.py
[INFO] scraped notices: 44
[INFO] created=1 updated=43
[INFO] push sent=0 failed=0 targets=0
[sample 1] 2026/05/26 14:00 | キャリアより）【明日開催!】東急グループ合同OBOG交流会のご案内【5/27(水)開催!】
[sample 2] 2026/05/26 13:30 | 【重要】2026年度前期に授業内試験をおこなう科目について
[sample 3] 2026/05/26 11:35 | （iPhone/Macユーザー向け）大学サービスアクセス時に認証が拒否されたり、何度も認証を求められたりする場合の対処方法
[INFO] section_counts 伝言:6, 大学からのお知らせ:33, 教員からのお知らせ:3, 誰でも投稿:2
[INFO] scraped notices: 44
[INFO] created=0 updated=44
[INFO] No new notice documents. Push skipped.
[sample 1] 2026/05/26 14:00 | キャリアより）【明日開催!】東急グループ合同OBOG交流会のご案内【5/27(水)開催!】
[sample 2] 2026/05/26 13:30 | 【重要】2026年度前期に授業内試験をおこなう科目について
[sample 3] 2026/05/26 11:35 | （iPhone/Macユーザー向け）大学サービスアクセス時に認証が拒否されたり、何度も認証を求められたりする場合の対処方法
[INFO] section_counts 伝言:6, 大学からのお知らせ:33, 教員からのお知らせ:3, 誰でも投稿:2
[INFO] scraped notices: 44
[INFO] created=0 updated=44
[INFO] No new notice documents. Push skipped.
[sample 1] 2026/05/26 14:00 | キャリアより）【明日開催!】東急グループ合同OBOG交流会のご案内【5/27(水)開催!】
[sample 2] 2026/05/26 13:30 | 【重要】2026年度前期に授業内試験をおこなう科目について
[sample 3] 2026/05/26 11:35 | （iPhone/Macユーザー向け）大学サービスアクセス時に認証が拒否されたり、何度も認証を求められたりする場合の対処方法
[INFO] section_counts 伝言:6, 大学からのお知らせ:33, 教員からのお知らせ:3, 誰でも投稿:2
[INFO] scraped notices: 44
[INFO] created=0 updated=44
[INFO] No new notice documents. Push skipped.
[sample 1] 2026/05/26 14:00 | キャリアより）【明日開催!】東急グループ合同OBOG交流会のご案内【5/27(水)開催!】
[sample 2] 2026/05/26 13:30 | 【重要】2026年度前期に授業内試験をおこなう科目について
[sample 3] 2026/05/26 11:35 | （iPhone/Macユーザー向け）大学サービスアクセス時に認証が拒否されたり、何度も認証を求められたりする場合の対処方法
[INFO] section_counts 伝言:6, 大学からのお知らせ:33, 教員からのお知らせ:3, 誰でも投稿:2
[INFO] scraped notices: 44
[INFO] created=0 updated=44
[INFO] No new notice documents. Push skipped.
[sample 1] 2026/05/26 14:00 | キャリアより）【明日開催!】東急グループ合同OBOG交流会のご案内【5/27(水)開催!】
[sample 2] 2026/05/26 13:30 | 【重要】2026年度前期に授業内試験をおこなう科目について
[sample 3] 2026/05/26 11:35 | （iPhone/Macユーザー向け）大学サービスアクセス時に認証が拒否されたり、何度も認証を求められたりする場合の対処方法
[INFO] section_counts 伝言:6, 大学からのお知らせ:33, 教員からのお知らせ:3, 誰でも投稿:2
[INFO] scraped notices: 44
[INFO] created=0 updated=44
[INFO] No new notice documents. Push skipped.
[sample 1] 2026/05/26 14:00 | キャリアより）【明日開催!】東急グループ合同OBOG交流会のご案内【5/27(水)開催!】
[sample 2] 2026/05/26 13:30 | 【重要】2026年度前期に授業内試験をおこなう科目について
[sample 3] 2026/05/26 11:35 | （iPhone/Macユーザー向け）大学サービスアクセス時に認証が拒否されたり、何度も認証を求められたりする場合の対処方法
[INFO] section_counts 伝言:6, 大学からのお知らせ:33, 教員からのお知らせ:3, 誰でも投稿:2
[INFO] scraped notices: 44
[INFO] created=0 updated=44
[INFO] No new notice documents. Push skipped.
[sample 1] 2026/05/26 14:00 | キャリアより）【明日開催!】東急グループ合同OBOG交流会のご案内【5/27(水)開催!】
[sample 2] 2026/05/26 13:30 | 【重要】2026年度前期に授業内試験をおこなう科目について
[sample 3] 2026/05/26 11:35 | （iPhone/Macユーザー向け）大学サービスアクセス時に認証が拒否されたり、何度も認証を求められたりする場合の対処方法
[INFO] section_counts 伝言:6, 大学からのお知らせ:33, 教員からのお知らせ:3, 誰でも投稿:2
[INFO] scraped notices: 44
[INFO] created=0 updated=44
[INFO] No new notice documents. Push skipped.
[sample 1] 2026/05/26 14:00 | キャリアより）【明日開催!】東急グループ合同OBOG交流会のご案内【5/27(水)開催!】
[sample 2] 2026/05/26 13:30 | 【重要】2026年度前期に授業内試験をおこなう科目について
[sample 3] 2026/05/26 11:35 | （iPhone/Macユーザー向け）大学サービスアクセス時に認証が拒否されたり、何度も認証を求められたりする場合の対処方法
[INFO] section_counts 伝言:6, 大学からのお知らせ:33, 教員からのお知らせ:3, 誰でも投稿:2
[INFO] scraped notices: 45
[INFO] created=1 updated=44
[INFO] push sent=0 failed=0 targets=0
[sample 1] 2026/05/26 14:00 | キャリアより）【明日開催!】東急グループ合同OBOG交流会のご案内【5/27(水)開催!】
[sample 2] 2026/05/26 13:15 | 【重要】2026年度前期に授業内試験をおこなう科目について
[sample 3] 2026/05/26 11:35 | （iPhone/Macユーザー向け）大学サービスアクセス時に認証が拒否されたり、何度も認証を求められたりする場合の対処方法
[INFO] section_counts 伝言:6, 大学からのお知らせ:33, 教員からのお知らせ:3, 誰でも投稿:3
[INFO] scraped notices: 45
[INFO] created=0 updated=45
[INFO] No new notice documents. Push skipped.
[sample 1] 2026/05/26 14:00 | キャリアより）【明日開催!】東急グループ合同OBOG交流会のご案内【5/27(水)開催!】
[sample 2] 2026/05/26 13:15 | 【重要】2026年度前期に授業内試験をおこなう科目について
[sample 3] 2026/05/26 11:35 | （iPhone/Macユーザー向け）大学サービスアクセス時に認証が拒否されたり、何度も認証を求められたりする場合の対処方法
[INFO] section_counts 伝言:6, 大学からのお知らせ:33, 教員からのお知らせ:3, 誰でも投稿:3
[INFO] scraped notices: 45
[INFO] created=0 updated=45
[INFO] No new notice documents. Push skipped.
[sample 1] 2026/05/26 14:00 | キャリアより）【明日開催!】東急グループ合同OBOG交流会のご案内【5/27(水)開催!】
[sample 2] 2026/05/26 13:15 | 【重要】2026年度前期に授業内試験をおこなう科目について
[sample 3] 2026/05/26 11:35 | （iPhone/Macユーザー向け）大学サービスアクセス時に認証が拒否されたり、何度も認証を求められたりする場合の対処方法
[INFO] section_counts 伝言:6, 大学からのお知らせ:33, 教員からのお知らせ:3, 誰でも投稿:3
[INFO] scraped notices: 0
[INFO] auth alert push sent=0 failed=0 targets=0
[WARN] Portal auth required. Session expired or login page detected.
[DEBUG] reason=microsoft_login_page_detected_after_session
[NEXT] Run: python src/run_once.py --init-session
[NEXT] Then run: python src/run_once.py
[INFO] scraped notices: 0
[WARN] Portal auth required. Session expired or login page detected.
[DEBUG] reason=microsoft_login_page_detected_after_session
[NEXT] Run: python src/run_once.py --init-session
[NEXT] Then run: python src/run_once.py
[INFO] scraped notices: 0
[WARN] Portal auth required. Session expired or login page detected.
[DEBUG] reason=microsoft_login_page_detected_after_session
[NEXT] Run: python src/run_once.py --init-session
[NEXT] Then run: python src/run_once.py
[INFO] scraped notices: 0
[WARN] Portal auth required. Session expired or login page detected.
[DEBUG] reason=microsoft_login_page_detected_after_session
[NEXT] Run: python src/run_once.py --init-session
[NEXT] Then run: python src/run_once.py
[INFO] scraped notices: 0
[WARN] Portal auth required. Session expired or login page detected.
[DEBUG] reason=microsoft_login_page_detected_after_session
[NEXT] Run: python src/run_once.py --init-session
[NEXT] Then run: python src/run_once.py
[INFO] scraped notices: 0
[WARN] Portal auth required. Session expired or login page detected.
[DEBUG] reason=microsoft_login_page_detected_after_session
[NEXT] Run: python src/run_once.py --init-session
[NEXT] Then run: python src/run_once.py
[INFO] scraped notices: 0
[WARN] Portal auth required. Session expired or login page detected.
[DEBUG] reason=microsoft_login_page_detected_after_session
[NEXT] Run: python src/run_once.py --init-session
[NEXT] Then run: python src/run_once.py
[INFO] scraped notices: 0
[WARN] Portal auth required. Session expired or login page detected.
[DEBUG] reason=microsoft_login_page_detected_after_session
[NEXT] Run: python src/run_once.py --init-session
[NEXT] Then run: python src/run_once.py
[INFO] scraped notices: 0
[WARN] Portal auth required. Session expired or login page detected.
[DEBUG] reason=microsoft_login_page_detected_after_session
[NEXT] Run: python src/run_once.py --init-session
[NEXT] Then run: python src/run_once.py
[INFO] scraped notices: 0
[WARN] Portal auth required. Session expired or login page detected.
[DEBUG] reason=microsoft_login_page_detected_after_session
[NEXT] Run: python src/run_once.py --init-session
[NEXT] Then run: python src/run_once.py
[INFO] scraped notices: 0
[WARN] Portal auth required. Session expired or login page detected.
[DEBUG] reason=microsoft_login_page_detected_after_session
[NEXT] Run: python src/run_once.py --init-session
[NEXT] Then run: python src/run_once.py
[INFO] scraped notices: 45
[INFO] created=3 updated=42
[INFO] push sent=0 failed=0 targets=0
[sample 1] 2026/05/27 09:02 | キャリアより）【本日開催!】東急グループ合同OBOG交流会のご案内
[sample 2] 2026/05/26 19:27 | 数学（自習）ゼミ参加者募集!!
[sample 3] 2026/05/26 18:35 | 【停止】TCU-WiFi停止のお知らせ
[INFO] section_counts 伝言:6, 大学からのお知らせ:33, 教員からのお知らせ:3, 誰でも投稿:3
[INFO] scraped notices: 45
[INFO] created=0 updated=45
[INFO] No new notice documents. Push skipped.
[sample 1] 2026/05/27 09:02 | キャリアより）【本日開催!】東急グループ合同OBOG交流会のご案内
[sample 2] 2026/05/26 19:27 | 数学（自習）ゼミ参加者募集!!
[sample 3] 2026/05/26 18:35 | 【停止】TCU-WiFi停止のお知らせ
[INFO] section_counts 伝言:6, 大学からのお知らせ:33, 教員からのお知らせ:3, 誰でも投稿:3
[INFO] scraped notices: 45
[INFO] created=0 updated=45
[INFO] No new notice documents. Push skipped.
[sample 1] 2026/05/27 09:02 | キャリアより）【本日開催!】東急グループ合同OBOG交流会のご案内
[sample 2] 2026/05/26 19:27 | 数学（自習）ゼミ参加者募集!!
[sample 3] 2026/05/26 18:35 | 【停止】TCU-WiFi停止のお知らせ
[INFO] section_counts 伝言:6, 大学からのお知らせ:33, 教員からのお知らせ:3, 誰でも投稿:3
[INFO] scraped notices: 45
[INFO] created=0 updated=45
[INFO] No new notice documents. Push skipped.
[sample 1] 2026/05/27 09:02 | キャリアより）【本日開催!】東急グループ合同OBOG交流会のご案内
[sample 2] 2026/05/26 19:27 | 数学（自習）ゼミ参加者募集!!
[sample 3] 2026/05/26 18:35 | 【停止】TCU-WiFi停止のお知らせ
[INFO] section_counts 伝言:6, 大学からのお知らせ:33, 教員からのお知らせ:3, 誰でも投稿:3
[INFO] scraped notices: 45
[INFO] created=0 updated=45
[INFO] No new notice documents. Push skipped.
[sample 1] 2026/05/27 09:02 | キャリアより）【本日開催!】東急グループ合同OBOG交流会のご案内
[sample 2] 2026/05/26 19:27 | 数学（自習）ゼミ参加者募集!!
[sample 3] 2026/05/26 18:35 | 【停止】TCU-WiFi停止のお知らせ
[INFO] section_counts 伝言:6, 大学からのお知らせ:33, 教員からのお知らせ:3, 誰でも投稿:3
[INFO] scraped notices: 45
[INFO] created=0 updated=45
[INFO] No new notice documents. Push skipped.
[sample 1] 2026/05/27 09:02 | キャリアより）【本日開催!】東急グループ合同OBOG交流会のご案内
[sample 2] 2026/05/26 19:27 | 数学（自習）ゼミ参加者募集!!
[sample 3] 2026/05/26 18:35 | 【停止】TCU-WiFi停止のお知らせ
[INFO] section_counts 伝言:6, 大学からのお知らせ:33, 教員からのお知らせ:3, 誰でも投稿:3
[INFO] scraped notices: 45
[INFO] created=0 updated=45
[INFO] No new notice documents. Push skipped.
[sample 1] 2026/05/27 09:02 | キャリアより）【本日開催!】東急グループ合同OBOG交流会のご案内
[sample 2] 2026/05/26 19:27 | 数学（自習）ゼミ参加者募集!!
[sample 3] 2026/05/26 18:35 | 【停止】TCU-WiFi停止のお知らせ
[INFO] section_counts 伝言:6, 大学からのお知らせ:33, 教員からのお知らせ:3, 誰でも投稿:3
[INFO] scraped notices: 45
[INFO] created=0 updated=45
[INFO] No new notice documents. Push skipped.
[sample 1] 2026/05/27 09:02 | キャリアより）【本日開催!】東急グループ合同OBOG交流会のご案内
[sample 2] 2026/05/26 19:27 | 数学（自習）ゼミ参加者募集!!
[sample 3] 2026/05/26 18:35 | 【停止】TCU-WiFi停止のお知らせ
[INFO] section_counts 伝言:6, 大学からのお知らせ:33, 教員からのお知らせ:3, 誰でも投稿:3
[INFO] scraped notices: 45
[INFO] created=0 updated=45
[INFO] No new notice documents. Push skipped.
[sample 1] 2026/05/27 09:02 | キャリアより）【本日開催!】東急グループ合同OBOG交流会のご案内
[sample 2] 2026/05/26 19:27 | 数学（自習）ゼミ参加者募集!!
[sample 3] 2026/05/26 18:35 | 【停止】TCU-WiFi停止のお知らせ
[INFO] section_counts 伝言:6, 大学からのお知らせ:33, 教員からのお知らせ:3, 誰でも投稿:3
[INFO] scraped notices: 45
[INFO] created=0 updated=45
[INFO] No new notice documents. Push skipped.
[sample 1] 2026/05/27 09:02 | キャリアより）【本日開催!】東急グループ合同OBOG交流会のご案内
[sample 2] 2026/05/26 19:27 | 数学（自習）ゼミ参加者募集!!
[sample 3] 2026/05/26 18:35 | 【停止】TCU-WiFi停止のお知らせ
[INFO] section_counts 伝言:6, 大学からのお知らせ:33, 教員からのお知らせ:3, 誰でも投稿:3
[INFO] scraped notices: 45
[INFO] created=0 updated=45
[INFO] No new notice documents. Push skipped.
[sample 1] 2026/05/27 09:02 | キャリアより）【本日開催!】東急グループ合同OBOG交流会のご案内
[sample 2] 2026/05/26 19:27 | 数学（自習）ゼミ参加者募集!!
[sample 3] 2026/05/26 18:35 | 【停止】TCU-WiFi停止のお知らせ
[INFO] section_counts 伝言:6, 大学からのお知らせ:33, 教員からのお知らせ:3, 誰でも投稿:3
[INFO] scraped notices: 45
[INFO] created=0 updated=45
[INFO] No new notice documents. Push skipped.
[sample 1] 2026/05/27 09:02 | キャリアより）【本日開催!】東急グループ合同OBOG交流会のご案内
[sample 2] 2026/05/26 19:27 | 数学（自習）ゼミ参加者募集!!
[sample 3] 2026/05/26 18:35 | 【停止】TCU-WiFi停止のお知らせ
[INFO] section_counts 伝言:6, 大学からのお知らせ:33, 教員からのお知らせ:3, 誰でも投稿:3
[INFO] scraped notices: 0
[INFO] auth alert push sent=0 failed=0 targets=0
[WARN] Portal auth required. Session expired or login page detected.
[DEBUG] reason=microsoft_login_page_detected_after_session
[NEXT] Run: python src/run_once.py --init-session
[NEXT] Then run: python src/run_once.py
[INFO] scraped notices: 0
[WARN] Portal auth required. Session expired or login page detected.
[DEBUG] reason=microsoft_login_page_detected_after_session
[NEXT] Run: python src/run_once.py --init-session
[NEXT] Then run: python src/run_once.py
[INFO] scraped notices: 0
[WARN] Portal auth required. Session expired or login page detected.
[DEBUG] reason=microsoft_login_page_detected_after_session
[NEXT] Run: python src/run_once.py --init-session
[NEXT] Then run: python src/run_once.py
[INFO] scraped notices: 0
[WARN] Portal auth required. Session expired or login page detected.
[DEBUG] reason=microsoft_login_page_detected_after_session
[NEXT] Run: python src/run_once.py --init-session
[NEXT] Then run: python src/run_once.py
[INFO] scraped notices: 0
[WARN] Portal auth required. Session expired or login page detected.
[DEBUG] reason=microsoft_login_page_detected_after_session
[NEXT] Run: python src/run_once.py --init-session
[NEXT] Then run: python src/run_once.py
[INFO] scraped notices: 0
[WARN] Portal auth required. Session expired or login page detected.
[DEBUG] reason=microsoft_login_page_detected_after_session
[NEXT] Run: python src/run_once.py --init-session
[NEXT] Then run: python src/run_once.py
[INFO] scraped notices: 0
[WARN] Portal auth required. Session expired or login page detected.
[DEBUG] reason=microsoft_login_page_detected_after_session
[NEXT] Run: python src/run_once.py --init-session
[NEXT] Then run: python src/run_once.py
[INFO] scraped notices: 0
[WARN] Portal auth required. Session expired or login page detected.
[DEBUG] reason=microsoft_login_page_detected_after_session
[NEXT] Run: python src/run_once.py --init-session
[NEXT] Then run: python src/run_once.py
[INFO] scraped notices: 0
[WARN] Portal auth required. Session expired or login page detected.
[DEBUG] reason=microsoft_login_page_detected_after_session
[NEXT] Run: python src/run_once.py --init-session
[NEXT] Then run: python src/run_once.py
[INFO] scraped notices: 0
[WARN] Portal auth required. Session expired or login page detected.
[DEBUG] reason=microsoft_login_page_detected_after_session
[NEXT] Run: python src/run_once.py --init-session
[NEXT] Then run: python src/run_once.py
[INFO] scraped notices: 0
[WARN] Portal auth required. Session expired or login page detected.
[DEBUG] reason=microsoft_login_page_detected_after_session
[NEXT] Run: python src/run_once.py --init-session
[NEXT] Then run: python src/run_once.py
[INFO] scraped notices: 0
[WARN] Portal auth required. Session expired or login page detected.
[DEBUG] reason=microsoft_login_page_detected_after_session
[NEXT] Run: python src/run_once.py --init-session
[NEXT] Then run: python src/run_once.py
[INFO] scraped notices: 0
[WARN] Portal auth required. Session expired or login page detected.
[DEBUG] reason=microsoft_login_page_detected_after_session
[NEXT] Run: python src/run_once.py --init-session
[NEXT] Then run: python src/run_once.py
[INFO] scraped notices: 0
[WARN] Portal auth required. Session expired or login page detected.
[DEBUG] reason=microsoft_login_page_detected_after_session
[NEXT] Run: python src/run_once.py --init-session
[NEXT] Then run: python src/run_once.py
[INFO] scraped notices: 0
[WARN] Portal auth required. Session expired or login page detected.
[DEBUG] reason=microsoft_login_page_detected_after_session
[NEXT] Run: python src/run_once.py --init-session
[NEXT] Then run: python src/run_once.py
[INFO] scraped notices: 0
[WARN] Portal auth required. Session expired or login page detected.
[DEBUG] reason=microsoft_login_page_detected_after_session
[NEXT] Run: python src/run_once.py --init-session
[NEXT] Then run: python src/run_once.py
[INFO] scraped notices: 0
[WARN] Portal auth required. Session expired or login page detected.
[DEBUG] reason=microsoft_login_page_detected_after_session
[NEXT] Run: python src/run_once.py --init-session
[NEXT] Then run: python src/run_once.py
[INFO] scraped notices: 0
[WARN] Portal auth required. Session expired or login page detected.
[DEBUG] reason=microsoft_login_page_detected_after_session
[NEXT] Run: python src/run_once.py --init-session
[NEXT] Then run: python src/run_once.py
[INFO] scraped notices: 0
[WARN] Portal auth required. Session expired or login page detected.
[DEBUG] reason=microsoft_login_page_detected_after_session
[NEXT] Run: python src/run_once.py --init-session
[NEXT] Then run: python src/run_once.py
[INFO] scraped notices: 0
[WARN] Portal auth required. Session expired or login page detected.
[DEBUG] reason=microsoft_login_page_detected_after_session
[NEXT] Run: python src/run_once.py --init-session
[NEXT] Then run: python src/run_once.py
[INFO] scraped notices: 0
[WARN] Portal auth required. Session expired or login page detected.
[DEBUG] reason=microsoft_login_page_detected_after_session
[NEXT] Run: python src/run_once.py --init-session
[NEXT] Then run: python src/run_once.py
[INFO] scraped notices: 0
[WARN] Portal auth required. Session expired or login page detected.
[DEBUG] reason=microsoft_login_page_detected_after_session
[NEXT] Run: python src/run_once.py --init-session
[NEXT] Then run: python src/run_once.py
[INFO] scraped notices: 0
[WARN] Portal auth required. Session expired or login page detected.
[DEBUG] reason=microsoft_login_page_detected_after_session
[NEXT] Run: python src/run_once.py --init-session
[NEXT] Then run: python src/run_once.py
[INFO] scraped notices: 0
[WARN] Portal auth required. Session expired or login page detected.
[DEBUG] reason=login_flow_failed
[NEXT] Run: python src/run_once.py --init-session
[NEXT] Then run: python src/run_once.py
[INFO] scraped notices: 44
[INFO] created=10 updated=34
[INFO] push sent=0 failed=0 targets=0
[sample 1] 2026/05/28 11:24 | キャリアより）5/29(金)東芝グループ 理系学生向けOBOG支援会（インターン説明会）
[sample 2] 2026/05/28 11:09 | キャリアより）6/11(木)4限 フェルミ推定・ケース面接対策講座【ハイブリッド開催】
[sample 3] 2026/05/28 10:53 | YCキャリアより）6月実施「デザイン系の企業研究会・インターン説明会」
[INFO] section_counts 伝言:5, 大学からのお知らせ:35, 教員からのお知らせ:1, 誰でも投稿:3
[INFO] scraped notices: 44
[INFO] created=0 updated=44
[INFO] No new notice documents. Push skipped.
[sample 1] 2026/05/28 11:24 | キャリアより）5/29(金)東芝グループ 理系学生向けOBOG支援会（インターン説明会）
[sample 2] 2026/05/28 11:09 | キャリアより）6/11(木)4限 フェルミ推定・ケース面接対策講座【ハイブリッド開催】
[sample 3] 2026/05/28 10:53 | YCキャリアより）6月実施「デザイン系の企業研究会・インターン説明会」
[INFO] section_counts 伝言:5, 大学からのお知らせ:35, 教員からのお知らせ:1, 誰でも投稿:3
[INFO] scraped notices: 44
[INFO] created=0 updated=44
[INFO] No new notice documents. Push skipped.
[sample 1] 2026/05/28 11:24 | キャリアより）5/29(金)東芝グループ 理系学生向けOBOG支援会（インターン説明会）
[sample 2] 2026/05/28 11:09 | キャリアより）6/11(木)4限 フェルミ推定・ケース面接対策講座【ハイブリッド開催】
[sample 3] 2026/05/28 10:53 | YCキャリアより）6月実施「デザイン系の企業研究会・インターン説明会」
[INFO] section_counts 伝言:5, 大学からのお知らせ:35, 教員からのお知らせ:1, 誰でも投稿:3
[INFO] scraped notices: 44
[INFO] created=0 updated=44
[INFO] No new notice documents. Push skipped.
[sample 1] 2026/05/28 11:24 | キャリアより）5/29(金)東芝グループ 理系学生向けOBOG支援会（インターン説明会）
[sample 2] 2026/05/28 11:09 | キャリアより）6/11(木)4限 フェルミ推定・ケース面接対策講座【ハイブリッド開催】
[sample 3] 2026/05/28 10:53 | YCキャリアより）6月実施「デザイン系の企業研究会・インターン説明会」
[INFO] section_counts 伝言:5, 大学からのお知らせ:35, 教員からのお知らせ:1, 誰でも投稿:3
[INFO] scraped notices: 44
[INFO] created=0 updated=44
[INFO] No new notice documents. Push skipped.
[sample 1] 2026/05/28 11:24 | キャリアより）5/29(金)東芝グループ 理系学生向けOBOG支援会（インターン説明会）
[sample 2] 2026/05/28 11:09 | キャリアより）6/11(木)4限 フェルミ推定・ケース面接対策講座【ハイブリッド開催】
[sample 3] 2026/05/28 10:53 | YCキャリアより）6月実施「デザイン系の企業研究会・インターン説明会」
[INFO] section_counts 伝言:5, 大学からのお知らせ:35, 教員からのお知らせ:1, 誰でも投稿:3
[INFO] scraped notices: 44
[INFO] created=0 updated=44
[INFO] No new notice documents. Push skipped.
[sample 1] 2026/05/28 11:24 | キャリアより）5/29(金)東芝グループ 理系学生向けOBOG支援会（インターン説明会）
[sample 2] 2026/05/28 11:09 | キャリアより）6/11(木)4限 フェルミ推定・ケース面接対策講座【ハイブリッド開催】
[sample 3] 2026/05/28 10:53 | YCキャリアより）6月実施「デザイン系の企業研究会・インターン説明会」
[INFO] section_counts 伝言:5, 大学からのお知らせ:35, 教員からのお知らせ:1, 誰でも投稿:3
[INFO] scraped notices: 44
[INFO] created=0 updated=44
[INFO] No new notice documents. Push skipped.
[sample 1] 2026/05/28 11:24 | キャリアより）5/29(金)東芝グループ 理系学生向けOBOG支援会（インターン説明会）
[sample 2] 2026/05/28 11:09 | キャリアより）6/11(木)4限 フェルミ推定・ケース面接対策講座【ハイブリッド開催】
[sample 3] 2026/05/28 10:53 | YCキャリアより）6月実施「デザイン系の企業研究会・インターン説明会」
[INFO] section_counts 伝言:5, 大学からのお知らせ:35, 教員からのお知らせ:1, 誰でも投稿:3
[INFO] scraped notices: 44
[INFO] created=0 updated=44
[INFO] No new notice documents. Push skipped.
[sample 1] 2026/05/28 11:24 | キャリアより）5/29(金)東芝グループ 理系学生向けOBOG支援会（インターン説明会）
[sample 2] 2026/05/28 11:09 | キャリアより）6/11(木)4限 フェルミ推定・ケース面接対策講座【ハイブリッド開催】
[sample 3] 2026/05/28 10:53 | YCキャリアより）6月実施「デザイン系の企業研究会・インターン説明会」
[INFO] section_counts 伝言:5, 大学からのお知らせ:35, 教員からのお知らせ:1, 誰でも投稿:3
[INFO] scraped notices: 44
[INFO] created=0 updated=44
[INFO] No new notice documents. Push skipped.
[sample 1] 2026/05/28 11:24 | キャリアより）5/29(金)東芝グループ 理系学生向けOBOG支援会（インターン説明会）
[sample 2] 2026/05/28 11:09 | キャリアより）6/11(木)4限 フェルミ推定・ケース面接対策講座【ハイブリッド開催】
[sample 3] 2026/05/28 10:53 | YCキャリアより）6月実施「デザイン系の企業研究会・インターン説明会」
[INFO] section_counts 伝言:5, 大学からのお知らせ:35, 教員からのお知らせ:1, 誰でも投稿:3
[INFO] scraped notices: 44
[INFO] created=1 updated=43
[INFO] push sent=0 failed=0 targets=0
[sample 1] 2026/05/28 15:11 | (5/28更新)キャリアより）【都市大生限定枠】東急グループサマーインターン参加者募集！(6/9〆切)
[sample 2] 2026/05/28 11:24 | キャリアより）5/29(金)東芝グループ 理系学生向けOBOG支援会（インターン説明会）
[sample 3] 2026/05/28 11:09 | キャリアより）6/11(木)4限 フェルミ推定・ケース面接対策講座【ハイブリッド開催】
[INFO] section_counts 伝言:5, 大学からのお知らせ:35, 教員からのお知らせ:1, 誰でも投稿:3
[INFO] scraped notices: 44
[INFO] created=0 updated=44
[INFO] No new notice documents. Push skipped.
[sample 1] 2026/05/28 15:11 | (5/28更新)キャリアより）【都市大生限定枠】東急グループサマーインターン参加者募集！(6/9〆切)
[sample 2] 2026/05/28 11:24 | キャリアより）5/29(金)東芝グループ 理系学生向けOBOG支援会（インターン説明会）
[sample 3] 2026/05/28 11:09 | キャリアより）6/11(木)4限 フェルミ推定・ケース面接対策講座【ハイブリッド開催】
[INFO] section_counts 伝言:5, 大学からのお知らせ:35, 教員からのお知らせ:1, 誰でも投稿:3
[INFO] scraped notices: 44
[INFO] created=0 updated=44
[INFO] No new notice documents. Push skipped.
[sample 1] 2026/05/28 15:11 | (5/28更新)キャリアより）【都市大生限定枠】東急グループサマーインターン参加者募集！(6/9〆切)
[sample 2] 2026/05/28 11:24 | キャリアより）5/29(金)東芝グループ 理系学生向けOBOG支援会（インターン説明会）
[sample 3] 2026/05/28 11:09 | キャリアより）6/11(木)4限 フェルミ推定・ケース面接対策講座【ハイブリッド開催】
[INFO] section_counts 伝言:5, 大学からのお知らせ:35, 教員からのお知らせ:1, 誰でも投稿:3
[INFO] scraped notices: 44
[INFO] created=0 updated=44
[INFO] No new notice documents. Push skipped.
[sample 1] 2026/05/28 15:11 | (5/28更新)キャリアより）【都市大生限定枠】東急グループサマーインターン参加者募集！(6/9〆切)
[sample 2] 2026/05/28 11:24 | キャリアより）5/29(金)東芝グループ 理系学生向けOBOG支援会（インターン説明会）
[sample 3] 2026/05/28 11:09 | キャリアより）6/11(木)4限 フェルミ推定・ケース面接対策講座【ハイブリッド開催】
[INFO] section_counts 伝言:5, 大学からのお知らせ:35, 教員からのお知らせ:1, 誰でも投稿:3
[INFO] scraped notices: 44
[INFO] created=0 updated=44
[INFO] No new notice documents. Push skipped.
[sample 1] 2026/05/28 15:11 | (5/28更新)キャリアより）【都市大生限定枠】東急グループサマーインターン参加者募集！(6/9〆切)
[sample 2] 2026/05/28 11:24 | キャリアより）5/29(金)東芝グループ 理系学生向けOBOG支援会（インターン説明会）
[sample 3] 2026/05/28 11:09 | キャリアより）6/11(木)4限 フェルミ推定・ケース面接対策講座【ハイブリッド開催】
[INFO] section_counts 伝言:5, 大学からのお知らせ:35, 教員からのお知らせ:1, 誰でも投稿:3
[INFO] scraped notices: 44
[INFO] created=1 updated=43
[INFO] push sent=0 failed=0 targets=0
[sample 1] 2026/05/28 16:45 | SCキャリアより）6/1(月)動画選考対策講座（ダイヤモンド就活ナビ）【ライブ配信】
[sample 2] 2026/05/28 15:11 | (5/28更新)キャリアより）【都市大生限定枠】東急グループサマーインターン参加者募集！(6/9〆切)
[sample 3] 2026/05/28 11:24 | キャリアより）5/29(金)東芝グループ 理系学生向けOBOG支援会（インターン説明会）
[INFO] section_counts 伝言:5, 大学からのお知らせ:35, 教員からのお知らせ:1, 誰でも投稿:3
[INFO] scraped notices: 44
[INFO] created=0 updated=44
[INFO] No new notice documents. Push skipped.
[sample 1] 2026/05/28 16:45 | SCキャリアより）6/1(月)動画選考対策講座（ダイヤモンド就活ナビ）【ライブ配信】
[sample 2] 2026/05/28 15:11 | (5/28更新)キャリアより）【都市大生限定枠】東急グループサマーインターン参加者募集！(6/9〆切)
[sample 3] 2026/05/28 11:24 | キャリアより）5/29(金)東芝グループ 理系学生向けOBOG支援会（インターン説明会）
[INFO] section_counts 伝言:5, 大学からのお知らせ:35, 教員からのお知らせ:1, 誰でも投稿:3
[INFO] scraped notices: 0
[WARN] No notices found. Check selectors against portal HTML.
[DEBUG] reason=showall_table_not_found_or_empty
[INFO] scraped notices: 0
[INFO] auth alert push sent=0 failed=0 targets=0
[WARN] Portal auth required. Session expired or login page detected.
[DEBUG] reason=microsoft_login_page_detected_after_session
[NEXT] Run: python src/run_once.py --init-session
[NEXT] Then run: python src/run_once.py
[INFO] scraped notices: 0
[WARN] Portal auth required. Session expired or login page detected.
[DEBUG] reason=microsoft_login_page_detected_after_session
[NEXT] Run: python src/run_once.py --init-session
[NEXT] Then run: python src/run_once.py
[INFO] scraped notices: 0
[WARN] Portal auth required. Session expired or login page detected.
[DEBUG] reason=microsoft_login_page_detected_after_session
[NEXT] Run: python src/run_once.py --init-session
[NEXT] Then run: python src/run_once.py
[INFO] scraped notices: 0
[WARN] Portal auth required. Session expired or login page detected.
[DEBUG] reason=microsoft_login_page_detected_after_session
[NEXT] Run: python src/run_once.py --init-session
[NEXT] Then run: python src/run_once.py
[INFO] scraped notices: 0
[INFO] scraped notices: 0
[WARN] Portal auth required. Session expired or login page detected.
[DEBUG] reason=microsoft_login_page_detected_after_session
[NEXT] Run: python src/run_once.py --init-session
[NEXT] Then run: python src/run_once.py
[INFO] scraped notices: 0
[WARN] Portal auth required. Session expired or login page detected.
[DEBUG] reason=microsoft_login_page_detected_after_session
[NEXT] Run: python src/run_once.py --init-session
[NEXT] Then run: python src/run_once.py
[INFO] scraped notices: 0
[WARN] Portal auth required. Session expired or login page detected.
[DEBUG] reason=microsoft_login_page_detected_after_session
[NEXT] Run: python src/run_once.py --init-session
[NEXT] Then run: python src/run_once.py
[INFO] scraped notices: 0
[WARN] Portal auth required. Session expired or login page detected.
[DEBUG] reason=microsoft_login_page_detected_after_session
[NEXT] Run: python src/run_once.py --init-session
[NEXT] Then run: python src/run_once.py
[INFO] scraped notices: 0
[WARN] Portal auth required. Session expired or login page detected.
[DEBUG] reason=microsoft_login_page_detected_after_session
[NEXT] Run: python src/run_once.py --init-session
[NEXT] Then run: python src/run_once.py
[INFO] scraped notices: 0
[WARN] Portal auth required. Session expired or login page detected.
[DEBUG] reason=microsoft_login_page_detected_after_session
[NEXT] Run: python src/run_once.py --init-session
[NEXT] Then run: python src/run_once.py
[INFO] scraped notices: 0
[WARN] Portal auth required. Session expired or login page detected.
[DEBUG] reason=microsoft_login_page_detected_after_session
[NEXT] Run: python src/run_once.py --init-session
[NEXT] Then run: python src/run_once.py
[INFO] scraped notices: 0
[WARN] Portal auth required. Session expired or login page detected.
[DEBUG] reason=microsoft_login_page_detected_after_session
[NEXT] Run: python src/run_once.py --init-session
[NEXT] Then run: python src/run_once.py
[INFO] scraped notices: 0
[WARN] Portal auth required. Session expired or login page detected.
[DEBUG] reason=microsoft_login_page_detected_after_session
[NEXT] Run: python src/run_once.py --init-session
[NEXT] Then run: python src/run_once.py
[INFO] scraped notices: 0
[WARN] Portal auth required. Session expired or login page detected.
[DEBUG] reason=microsoft_login_page_detected_after_session
[NEXT] Run: python src/run_once.py --init-session
[NEXT] Then run: python src/run_once.py
[INFO] scraped notices: 0
[WARN] Portal auth required. Session expired or login page detected.
[DEBUG] reason=microsoft_login_page_detected_after_session
[NEXT] Run: python src/run_once.py --init-session
[NEXT] Then run: python src/run_once.py
[INFO] scraped notices: 44
[INFO] created=1 updated=43
[INFO] push sent=0 failed=0 targets=0
[sample 1] 2026/05/29 00:00 | 【本日開催！】キャリアより）5/29(金)東芝グループ 理系学生向けOBOG支援会（インターン説明会）
[sample 2] 2026/05/28 16:45 | SCキャリアより）6/1(月)動画選考対策講座（ダイヤモンド就活ナビ）【ライブ配信】
[sample 3] 2026/05/28 15:11 | (5/28更新)キャリアより）【都市大生限定枠】東急グループサマーインターン参加者募集！(6/9〆切)
[INFO] section_counts 伝言:5, 大学からのお知らせ:35, 教員からのお知らせ:1, 誰でも投稿:3
[INFO] scraped notices: 44
[INFO] created=0 updated=44
[INFO] No new notice documents. Push skipped.
[sample 1] 2026/05/29 00:00 | 【本日開催！】キャリアより）5/29(金)東芝グループ 理系学生向けOBOG支援会（インターン説明会）
[sample 2] 2026/05/28 16:45 | SCキャリアより）6/1(月)動画選考対策講座（ダイヤモンド就活ナビ）【ライブ配信】
[sample 3] 2026/05/28 15:11 | (5/28更新)キャリアより）【都市大生限定枠】東急グループサマーインターン参加者募集！(6/9〆切)
[INFO] section_counts 伝言:5, 大学からのお知らせ:35, 教員からのお知らせ:1, 誰でも投稿:3
[INFO] scraped notices: 44
[INFO] created=0 updated=44
[INFO] No new notice documents. Push skipped.
[sample 1] 2026/05/29 00:00 | 【本日開催！】キャリアより）5/29(金)東芝グループ 理系学生向けOBOG支援会（インターン説明会）
[sample 2] 2026/05/28 16:45 | SCキャリアより）6/1(月)動画選考対策講座（ダイヤモンド就活ナビ）【ライブ配信】
[sample 3] 2026/05/28 15:11 | (5/28更新)キャリアより）【都市大生限定枠】東急グループサマーインターン参加者募集！(6/9〆切)
[INFO] section_counts 伝言:5, 大学からのお知らせ:35, 教員からのお知らせ:1, 誰でも投稿:3
[INFO] scraped notices: 43
[INFO] created=1 updated=42
[INFO] push sent=0 failed=0 targets=0
[sample 1] 2026/05/29 09:55 | YCキャリアより）6月実施「デザイン系の企業研究会・インターン説明会」
[sample 2] 2026/05/29 00:00 | 【本日開催！】キャリアより）5/29(金)東芝グループ 理系学生向けOBOG支援会（インターン説明会）
[sample 3] 2026/05/28 16:45 | SCキャリアより）6/1(月)動画選考対策講座（ダイヤモンド就活ナビ）【ライブ配信】
[INFO] section_counts 伝言:4, 大学からのお知らせ:35, 教員からのお知らせ:1, 誰でも投稿:3
[INFO] scraped notices: 43
[INFO] created=0 updated=43
[INFO] No new notice documents. Push skipped.
[sample 1] 2026/05/29 09:55 | YCキャリアより）6月実施「デザイン系の企業研究会・インターン説明会」
[sample 2] 2026/05/29 00:00 | 【本日開催！】キャリアより）5/29(金)東芝グループ 理系学生向けOBOG支援会（インターン説明会）
[sample 3] 2026/05/28 16:45 | SCキャリアより）6/1(月)動画選考対策講座（ダイヤモンド就活ナビ）【ライブ配信】
[INFO] section_counts 伝言:4, 大学からのお知らせ:35, 教員からのお知らせ:1, 誰でも投稿:3
[INFO] scraped notices: 43
[INFO] created=0 updated=43
[INFO] No new notice documents. Push skipped.
[sample 1] 2026/05/29 09:55 | YCキャリアより）6月実施「デザイン系の企業研究会・インターン説明会」
[sample 2] 2026/05/29 00:00 | 【本日開催！】キャリアより）5/29(金)東芝グループ 理系学生向けOBOG支援会（インターン説明会）
[sample 3] 2026/05/28 16:45 | SCキャリアより）6/1(月)動画選考対策講座（ダイヤモンド就活ナビ）【ライブ配信】
[INFO] section_counts 伝言:4, 大学からのお知らせ:35, 教員からのお知らせ:1, 誰でも投稿:3
[INFO] scraped notices: 44
[INFO] created=2 updated=42
[INFO] push sent=0 failed=0 targets=0
[sample 1] 2026/05/29 11:12 | 【SC開講科目】前期前半末試験の実施について
[sample 2] 2026/05/29 11:01 | 熱中症に注意しましょう （5.29）
[sample 3] 2026/05/29 09:55 | YCキャリアより）6月実施「デザイン系の企業研究会・インターン説明会」
[INFO] section_counts 伝言:4, 大学からのお知らせ:36, 教員からのお知らせ:1, 誰でも投稿:3
[INFO] scraped notices: 44
[INFO] created=0 updated=44
[INFO] No new notice documents. Push skipped.
[sample 1] 2026/05/29 11:12 | 【SC開講科目】前期前半末試験の実施について
[sample 2] 2026/05/29 11:01 | 熱中症に注意しましょう （5.29）
[sample 3] 2026/05/29 09:55 | YCキャリアより）6月実施「デザイン系の企業研究会・インターン説明会」
[INFO] section_counts 伝言:4, 大学からのお知らせ:36, 教員からのお知らせ:1, 誰でも投稿:3
[INFO] scraped notices: 44
[INFO] created=0 updated=44
[INFO] No new notice documents. Push skipped.
[sample 1] 2026/05/29 11:12 | 【SC開講科目】前期前半末試験の実施について
[sample 2] 2026/05/29 11:01 | 熱中症に注意しましょう （5.29）
[sample 3] 2026/05/29 09:55 | YCキャリアより）6月実施「デザイン系の企業研究会・インターン説明会」
[INFO] section_counts 伝言:4, 大学からのお知らせ:36, 教員からのお知らせ:1, 誰でも投稿:3
[INFO] scraped notices: 44
[INFO] created=1 updated=43
[INFO] push sent=0 failed=0 targets=0
[sample 1] 2026/05/29 11:59 | SCキャリアより）【注意】大学経由で応募するインターンシップについて
[sample 2] 2026/05/29 11:12 | 【SC開講科目】前期前半末試験の実施について
[sample 3] 2026/05/29 11:01 | 熱中症に注意しましょう （5.29）
[INFO] section_counts 伝言:4, 大学からのお知らせ:36, 教員からのお知らせ:1, 誰でも投稿:3
[INFO] scraped notices: 0
[INFO] auth alert push sent=0 failed=0 targets=0
[WARN] Portal auth required. Session expired or login page detected.
[DEBUG] reason=microsoft_login_page_detected_after_session
[NEXT] Run: python src/run_once.py --init-session
[NEXT] Then run: python src/run_once.py
[INFO] scraped notices: 0
[WARN] Portal auth required. Session expired or login page detected.
[DEBUG] reason=login_flow_failed
[NEXT] Run: python src/run_once.py --init-session
[NEXT] Then run: python src/run_once.py
[INFO] scraped notices: 0
[WARN] Portal auth required. Session expired or login page detected.
[DEBUG] reason=microsoft_login_page_detected_after_session
[NEXT] Run: python src/run_once.py --init-session
[NEXT] Then run: python src/run_once.py
[INFO] scraped notices: 0
[WARN] Portal auth required. Session expired or login page detected.
[DEBUG] reason=microsoft_login_page_detected_after_session
[NEXT] Run: python src/run_once.py --init-session
[NEXT] Then run: python src/run_once.py
[INFO] scraped notices: 0
[WARN] Portal auth required. Session expired or login page detected.
[DEBUG] reason=microsoft_login_page_detected_after_session
[NEXT] Run: python src/run_once.py --init-session
[NEXT] Then run: python src/run_once.py
[INFO] scraped notices: 0
[WARN] Portal auth required. Session expired or login page detected.
[DEBUG] reason=microsoft_login_page_detected_after_session
[NEXT] Run: python src/run_once.py --init-session
[NEXT] Then run: python src/run_once.py
[INFO] scraped notices: 0
[WARN] Portal auth required. Session expired or login page detected.
[DEBUG] reason=microsoft_login_page_detected_after_session
[NEXT] Run: python src/run_once.py --init-session
[NEXT] Then run: python src/run_once.py
[INFO] scraped notices: 0
[WARN] Portal auth required. Session expired or login page detected.
[DEBUG] reason=microsoft_login_page_detected_after_session
[NEXT] Run: python src/run_once.py --init-session
[NEXT] Then run: python src/run_once.py
[INFO] scraped notices: 0
[WARN] Portal auth required. Session expired or login page detected.
[DEBUG] reason=microsoft_login_page_detected_after_session
[NEXT] Run: python src/run_once.py --init-session
[NEXT] Then run: python src/run_once.py
[INFO] scraped notices: 0
[WARN] Portal auth required. Session expired or login page detected.
[DEBUG] reason=microsoft_login_page_detected_after_session
[NEXT] Run: python src/run_once.py --init-session
[NEXT] Then run: python src/run_once.py
[INFO] scraped notices: 0
[WARN] Portal auth required. Session expired or login page detected.
[DEBUG] reason=microsoft_login_page_detected_after_session
[NEXT] Run: python src/run_once.py --init-session
[NEXT] Then run: python src/run_once.py
[INFO] scraped notices: 0
[WARN] Portal auth required. Session expired or login page detected.
[DEBUG] reason=microsoft_login_page_detected_after_session
[NEXT] Run: python src/run_once.py --init-session
[NEXT] Then run: python src/run_once.py
[INFO] scraped notices: 0
[WARN] Portal auth required. Session expired or login page detected.
[DEBUG] reason=microsoft_login_page_detected_after_session
[NEXT] Run: python src/run_once.py --init-session
[NEXT] Then run: python src/run_once.py
[INFO] scraped notices: 0
[WARN] Portal auth required. Session expired or login page detected.
[DEBUG] reason=microsoft_login_page_detected_after_session
[NEXT] Run: python src/run_once.py --init-session
[NEXT] Then run: python src/run_once.py
[INFO] scraped notices: 0
[WARN] Portal auth required. Session expired or login page detected.
[DEBUG] reason=microsoft_login_page_detected_after_session
[NEXT] Run: python src/run_once.py --init-session
[NEXT] Then run: python src/run_once.py
[INFO] scraped notices: 0
[WARN] Portal auth required. Session expired or login page detected.
[DEBUG] reason=microsoft_login_page_detected_after_session
[NEXT] Run: python src/run_once.py --init-session
[NEXT] Then run: python src/run_once.py
[INFO] scraped notices: 0
[WARN] Portal auth required. Session expired or login page detected.
[DEBUG] reason=microsoft_login_page_detected_after_session
[NEXT] Run: python src/run_once.py --init-session
[NEXT] Then run: python src/run_once.py
[INFO] scraped notices: 0
[WARN] Portal auth required. Session expired or login page detected.
[DEBUG] reason=microsoft_login_page_detected_after_session
[NEXT] Run: python src/run_once.py --init-session
[NEXT] Then run: python src/run_once.py
[INFO] scraped notices: 0
[WARN] Portal auth required. Session expired or login page detected.
[DEBUG] reason=microsoft_login_page_detected_after_session
[NEXT] Run: python src/run_once.py --init-session
[NEXT] Then run: python src/run_once.py
[INFO] scraped notices: 0
[WARN] Portal auth required. Session expired or login page detected.
[DEBUG] reason=microsoft_login_page_detected_after_session
[NEXT] Run: python src/run_once.py --init-session
[NEXT] Then run: python src/run_once.py
[INFO] scraped notices: 0
[WARN] Portal auth required. Session expired or login page detected.
[DEBUG] reason=microsoft_login_page_detected_after_session
[NEXT] Run: python src/run_once.py --init-session
[NEXT] Then run: python src/run_once.py
[INFO] scraped notices: 0
[WARN] Portal auth required. Session expired or login page detected.
[DEBUG] reason=microsoft_login_page_detected_after_session
[NEXT] Run: python src/run_once.py --init-session
[NEXT] Then run: python src/run_once.py
[INFO] scraped notices: 0
[WARN] Portal auth required. Session expired or login page detected.
[DEBUG] reason=microsoft_login_page_detected_after_session
[NEXT] Run: python src/run_once.py --init-session
[NEXT] Then run: python src/run_once.py
[INFO] scraped notices: 0
[WARN] Portal auth required. Session expired or login page detected.
[DEBUG] reason=microsoft_login_page_detected_after_session
[NEXT] Run: python src/run_once.py --init-session
[NEXT] Then run: python src/run_once.py
[INFO] scraped notices: 0
[WARN] Portal auth required. Session expired or login page detected.
[DEBUG] reason=microsoft_login_page_detected_after_session
[NEXT] Run: python src/run_once.py --init-session
[NEXT] Then run: python src/run_once.py
[INFO] scraped notices: 0
[WARN] Portal auth required. Session expired or login page detected.
[DEBUG] reason=microsoft_login_page_detected_after_session
[NEXT] Run: python src/run_once.py --init-session
[NEXT] Then run: python src/run_once.py
[INFO] scraped notices: 0
[WARN] Portal auth required. Session expired or login page detected.
[DEBUG] reason=microsoft_login_page_detected_after_session
[NEXT] Run: python src/run_once.py --init-session
[NEXT] Then run: python src/run_once.py
[INFO] scraped notices: 0
[WARN] Portal auth required. Session expired or login page detected.
[DEBUG] reason=microsoft_login_page_detected_after_session
[NEXT] Run: python src/run_once.py --init-session
[NEXT] Then run: python src/run_once.py
[INFO] scraped notices: 0
[WARN] Portal auth required. Session expired or login page detected.
[DEBUG] reason=microsoft_login_page_detected_after_session
[NEXT] Run: python src/run_once.py --init-session
[NEXT] Then run: python src/run_once.py
[INFO] scraped notices: 0
[WARN] Portal auth required. Session expired or login page detected.
[DEBUG] reason=microsoft_login_page_detected_after_session
[NEXT] Run: python src/run_once.py --init-session
[NEXT] Then run: python src/run_once.py
[INFO] scraped notices: 0
[WARN] Portal auth required. Session expired or login page detected.
[DEBUG] reason=microsoft_login_page_detected_after_session
[NEXT] Run: python src/run_once.py --init-session
[NEXT] Then run: python src/run_once.py
[INFO] scraped notices: 0
[WARN] Portal auth required. Session expired or login page detected.
[DEBUG] reason=microsoft_login_page_detected_after_session
[NEXT] Run: python src/run_once.py --init-session
[NEXT] Then run: python src/run_once.py
[INFO] scraped notices: 0
[WARN] Portal auth required. Session expired or login page detected.
[DEBUG] reason=microsoft_login_page_detected_after_session
[NEXT] Run: python src/run_once.py --init-session
[NEXT] Then run: python src/run_once.py
[INFO] scraped notices: 0
[WARN] Portal auth required. Session expired or login page detected.
[DEBUG] reason=microsoft_login_page_detected_after_session
[NEXT] Run: python src/run_once.py --init-session
[NEXT] Then run: python src/run_once.py
[INFO] scraped notices: 0
[WARN] Portal auth required. Session expired or login page detected.
[DEBUG] reason=microsoft_login_page_detected_after_session
[NEXT] Run: python src/run_once.py --init-session
[NEXT] Then run: python src/run_once.py
[INFO] scraped notices: 0
[WARN] Portal auth required. Session expired or login page detected.
[DEBUG] reason=microsoft_login_page_detected_after_session
[NEXT] Run: python src/run_once.py --init-session
[NEXT] Then run: python src/run_once.py
[INFO] scraped notices: 0
[WARN] Portal auth required. Session expired or login page detected.
[DEBUG] reason=microsoft_login_page_detected_after_session
[NEXT] Run: python src/run_once.py --init-session
[NEXT] Then run: python src/run_once.py
[INFO] scraped notices: 0
[WARN] Portal auth required. Session expired or login page detected.
[DEBUG] reason=microsoft_login_page_detected_after_session
[NEXT] Run: python src/run_once.py --init-session
[NEXT] Then run: python src/run_once.py
[INFO] scraped notices: 0
[WARN] Portal auth required. Session expired or login page detected.
[DEBUG] reason=microsoft_login_page_detected_after_session
[NEXT] Run: python src/run_once.py --init-session
[NEXT] Then run: python src/run_once.py
[INFO] scraped notices: 0
[WARN] Portal auth required. Session expired or login page detected.
[DEBUG] reason=microsoft_login_page_detected_after_session
[NEXT] Run: python src/run_once.py --init-session
[NEXT] Then run: python src/run_once.py
[INFO] scraped notices: 0
[WARN] Portal auth required. Session expired or login page detected.
[DEBUG] reason=microsoft_login_page_detected_after_session
[NEXT] Run: python src/run_once.py --init-session
[NEXT] Then run: python src/run_once.py
[INFO] scraped notices: 0
[WARN] Portal auth required. Session expired or login page detected.
[DEBUG] reason=microsoft_login_page_detected_after_session
[NEXT] Run: python src/run_once.py --init-session
[NEXT] Then run: python src/run_once.py
[INFO] scraped notices: 0
[WARN] Portal auth required. Session expired or login page detected.
[DEBUG] reason=microsoft_login_page_detected_after_session
[NEXT] Run: python src/run_once.py --init-session
[NEXT] Then run: python src/run_once.py
[INFO] scraped notices: 0
[WARN] Portal auth required. Session expired or login page detected.
[DEBUG] reason=microsoft_login_page_detected_after_session
[NEXT] Run: python src/run_once.py --init-session
[NEXT] Then run: python src/run_once.py
[INFO] scraped notices: 0
[WARN] Portal auth required. Session expired or login page detected.
[DEBUG] reason=microsoft_login_page_detected_after_session
[NEXT] Run: python src/run_once.py --init-session
[NEXT] Then run: python src/run_once.py
[INFO] scraped notices: 0
[WARN] Portal auth required. Session expired or login page detected.
[DEBUG] reason=microsoft_login_page_detected_after_session
[NEXT] Run: python src/run_once.py --init-session
[NEXT] Then run: python src/run_once.py
[INFO] scraped notices: 0
[WARN] Portal auth required. Session expired or login page detected.
[DEBUG] reason=microsoft_login_page_detected_after_session
[NEXT] Run: python src/run_once.py --init-session
[NEXT] Then run: python src/run_once.py
[INFO] scraped notices: 0
[WARN] Portal auth required. Session expired or login page detected.
[DEBUG] reason=microsoft_login_page_detected_after_session
[NEXT] Run: python src/run_once.py --init-session
[NEXT] Then run: python src/run_once.py
[INFO] scraped notices: 0
[WARN] Portal auth required. Session expired or login page detected.
[DEBUG] reason=microsoft_login_page_detected_after_session
[NEXT] Run: python src/run_once.py --init-session
[NEXT] Then run: python src/run_once.py
[INFO] scraped notices: 0
[WARN] Portal auth required. Session expired or login page detected.
[DEBUG] reason=microsoft_login_page_detected_after_session
[NEXT] Run: python src/run_once.py --init-session
[NEXT] Then run: python src/run_once.py
[INFO] scraped notices: 0
[WARN] Portal auth required. Session expired or login page detected.
[DEBUG] reason=microsoft_login_page_detected_after_session
[NEXT] Run: python src/run_once.py --init-session
[NEXT] Then run: python src/run_once.py
[INFO] scraped notices: 0
[WARN] Portal auth required. Session expired or login page detected.
[DEBUG] reason=microsoft_login_page_detected_after_session
[NEXT] Run: python src/run_once.py --init-session
[NEXT] Then run: python src/run_once.py
[INFO] scraped notices: 0
[WARN] Portal auth required. Session expired or login page detected.
[DEBUG] reason=microsoft_login_page_detected_after_session
[NEXT] Run: python src/run_once.py --init-session
[NEXT] Then run: python src/run_once.py
[INFO] scraped notices: 0
[WARN] Portal auth required. Session expired or login page detected.
[DEBUG] reason=microsoft_login_page_detected_after_session
[NEXT] Run: python src/run_once.py --init-session
[NEXT] Then run: python src/run_once.py
[INFO] scraped notices: 0
[WARN] Portal auth required. Session expired or login page detected.
[DEBUG] reason=microsoft_login_page_detected_after_session
[NEXT] Run: python src/run_once.py --init-session
[NEXT] Then run: python src/run_once.py
[INFO] scraped notices: 0
[WARN] Portal auth required. Session expired or login page detected.
[DEBUG] reason=microsoft_login_page_detected_after_session
[NEXT] Run: python src/run_once.py --init-session
[NEXT] Then run: python src/run_once.py
[INFO] scraped notices: 0
[WARN] Portal auth required. Session expired or login page detected.
[DEBUG] reason=microsoft_login_page_detected_after_session
[NEXT] Run: python src/run_once.py --init-session
[NEXT] Then run: python src/run_once.py
[INFO] scraped notices: 0
[WARN] Portal auth required. Session expired or login page detected.
[DEBUG] reason=microsoft_login_page_detected_after_session
[NEXT] Run: python src/run_once.py --init-session
[NEXT] Then run: python src/run_once.py
[INFO] scraped notices: 0
[WARN] Portal auth required. Session expired or login page detected.
[DEBUG] reason=microsoft_login_page_detected_after_session
[NEXT] Run: python src/run_once.py --init-session
[NEXT] Then run: python src/run_once.py
[INFO] scraped notices: 0
[WARN] Portal auth required. Session expired or login page detected.
[DEBUG] reason=microsoft_login_page_detected_after_session
[NEXT] Run: python src/run_once.py --init-session
[NEXT] Then run: python src/run_once.py
[INFO] scraped notices: 0
[WARN] Portal auth required. Session expired or login page detected.
[DEBUG] reason=microsoft_login_page_detected_after_session
[NEXT] Run: python src/run_once.py --init-session
[NEXT] Then run: python src/run_once.py
[INFO] scraped notices: 0
[WARN] Portal auth required. Session expired or login page detected.
[DEBUG] reason=microsoft_login_page_detected_after_session
[NEXT] Run: python src/run_once.py --init-session
[NEXT] Then run: python src/run_once.py
[INFO] scraped notices: 0
[WARN] Portal auth required. Session expired or login page detected.
[DEBUG] reason=microsoft_login_page_detected_after_session
[NEXT] Run: python src/run_once.py --init-session
[NEXT] Then run: python src/run_once.py
[INFO] scraped notices: 0
[WARN] Portal auth required. Session expired or login page detected.
[DEBUG] reason=microsoft_login_page_detected_after_session
[NEXT] Run: python src/run_once.py --init-session
[NEXT] Then run: python src/run_once.py
[INFO] scraped notices: 0
[WARN] Portal auth required. Session expired or login page detected.
[DEBUG] reason=microsoft_login_page_detected_after_session
[NEXT] Run: python src/run_once.py --init-session
[NEXT] Then run: python src/run_once.py
[INFO] scraped notices: 0
[WARN] Portal auth required. Session expired or login page detected.
[DEBUG] reason=microsoft_login_page_detected_after_session
[NEXT] Run: python src/run_once.py --init-session
[NEXT] Then run: python src/run_once.py
[INFO] scraped notices: 44
[INFO] created=6 updated=38
[INFO] push sent=0 failed=0 targets=0
[sample 1] 2026/06/01 09:49 | 【本日開催！】SCキャリアより）6/1(月)動画選考対策講座（ダイヤモンド就活ナビ）【ライブ配信】
[sample 2] 2026/05/31 16:10 | 【ひらめきラボメンバー募集】大学生活を豊かに、便利にするアプリを一緒に作りませんか？
[sample 3] 2026/05/30 13:30 | キャリアより）4大学合同グループディスカッションのご案内(6/25(木)開催!)
[INFO] section_counts 伝言:4, 大学からのお知らせ:34, 教員からのお知らせ:2, 誰でも投稿:4
[INFO] scraped notices: 44
[INFO] created=0 updated=44
[INFO] No new notice documents. Push skipped.
[sample 1] 2026/06/01 09:49 | 【本日開催！】SCキャリアより）6/1(月)動画選考対策講座（ダイヤモンド就活ナビ）【ライブ配信】
[sample 2] 2026/05/31 16:10 | 【ひらめきラボメンバー募集】大学生活を豊かに、便利にするアプリを一緒に作りませんか？
[sample 3] 2026/05/30 13:30 | キャリアより）4大学合同グループディスカッションのご案内(6/25(木)開催!)
[INFO] section_counts 伝言:4, 大学からのお知らせ:34, 教員からのお知らせ:2, 誰でも投稿:4
[INFO] scraped notices: 44
[INFO] created=0 updated=44
[INFO] No new notice documents. Push skipped.
[sample 1] 2026/06/01 09:49 | 【本日開催！】SCキャリアより）6/1(月)動画選考対策講座（ダイヤモンド就活ナビ）【ライブ配信】
[sample 2] 2026/05/31 16:10 | 【ひらめきラボメンバー募集】大学生活を豊かに、便利にするアプリを一緒に作りませんか？
[sample 3] 2026/05/30 13:30 | キャリアより）4大学合同グループディスカッションのご案内(6/25(木)開催!)
[INFO] section_counts 伝言:4, 大学からのお知らせ:34, 教員からのお知らせ:2, 誰でも投稿:4
[INFO] scraped notices: 44
[INFO] created=0 updated=44
[INFO] No new notice documents. Push skipped.
[sample 1] 2026/06/01 09:49 | 【本日開催！】SCキャリアより）6/1(月)動画選考対策講座（ダイヤモンド就活ナビ）【ライブ配信】
[sample 2] 2026/05/31 16:10 | 【ひらめきラボメンバー募集】大学生活を豊かに、便利にするアプリを一緒に作りませんか？
[sample 3] 2026/05/30 13:30 | キャリアより）4大学合同グループディスカッションのご案内(6/25(木)開催!)
[INFO] section_counts 伝言:4, 大学からのお知らせ:34, 教員からのお知らせ:2, 誰でも投稿:4
[INFO] scraped notices: 44
[INFO] created=0 updated=44
[INFO] No new notice documents. Push skipped.
[sample 1] 2026/06/01 09:49 | 【本日開催！】SCキャリアより）6/1(月)動画選考対策講座（ダイヤモンド就活ナビ）【ライブ配信】
[sample 2] 2026/05/31 16:10 | 【ひらめきラボメンバー募集】大学生活を豊かに、便利にするアプリを一緒に作りませんか？
[sample 3] 2026/05/30 13:30 | キャリアより）4大学合同グループディスカッションのご案内(6/25(木)開催!)
[INFO] section_counts 伝言:4, 大学からのお知らせ:34, 教員からのお知らせ:2, 誰でも投稿:4
[INFO] scraped notices: 44
[INFO] created=0 updated=44
[INFO] No new notice documents. Push skipped.
[sample 1] 2026/06/01 09:49 | 【本日開催！】SCキャリアより）6/1(月)動画選考対策講座（ダイヤモンド就活ナビ）【ライブ配信】
[sample 2] 2026/05/31 16:10 | 【ひらめきラボメンバー募集】大学生活を豊かに、便利にするアプリを一緒に作りませんか？
[sample 3] 2026/05/30 13:30 | キャリアより）4大学合同グループディスカッションのご案内(6/25(木)開催!)
[INFO] section_counts 伝言:4, 大学からのお知らせ:34, 教員からのお知らせ:2, 誰でも投稿:4
[INFO] scraped notices: 44
[INFO] scraped notices: 0
[INFO] auth alert push sent=0 failed=0 targets=0
[WARN] Portal auth required. Session expired or login page detected.
[DEBUG] reason=microsoft_login_page_detected_after_session
[NEXT] Run: python src/run_once.py --init-session
[NEXT] Then run: python src/run_once.py
[INFO] scraped notices: 0
[WARN] Portal auth required. Session expired or login page detected.
[DEBUG] reason=microsoft_login_page_detected_after_session
[NEXT] Run: python src/run_once.py --init-session
[NEXT] Then run: python src/run_once.py
[INFO] scraped notices: 0
[WARN] Portal auth required. Session expired or login page detected.
[DEBUG] reason=microsoft_login_page_detected_after_session
[NEXT] Run: python src/run_once.py --init-session
[NEXT] Then run: python src/run_once.py
[INFO] scraped notices: 0
[WARN] Portal auth required. Session expired or login page detected.
[DEBUG] reason=microsoft_login_page_detected_after_session
[NEXT] Run: python src/run_once.py --init-session
[NEXT] Then run: python src/run_once.py
[INFO] scraped notices: 0
[WARN] Portal auth required. Session expired or login page detected.
[DEBUG] reason=microsoft_login_page_detected_after_session
[NEXT] Run: python src/run_once.py --init-session
[NEXT] Then run: python src/run_once.py
[INFO] scraped notices: 0
[WARN] Portal auth required. Session expired or login page detected.
[DEBUG] reason=microsoft_login_page_detected_after_session
[NEXT] Run: python src/run_once.py --init-session
[NEXT] Then run: python src/run_once.py
[INFO] scraped notices: 0
[WARN] Portal auth required. Session expired or login page detected.
[DEBUG] reason=microsoft_login_page_detected_after_session
[NEXT] Run: python src/run_once.py --init-session
[NEXT] Then run: python src/run_once.py
[INFO] scraped notices: 0
[WARN] Portal auth required. Session expired or login page detected.
[DEBUG] reason=microsoft_login_page_detected_after_session
[NEXT] Run: python src/run_once.py --init-session
[NEXT] Then run: python src/run_once.py
[INFO] scraped notices: 0
[WARN] Portal auth required. Session expired or login page detected.
[DEBUG] reason=microsoft_login_page_detected_after_session
[NEXT] Run: python src/run_once.py --init-session
[NEXT] Then run: python src/run_once.py
[INFO] scraped notices: 0
[WARN] Portal auth required. Session expired or login page detected.
[DEBUG] reason=microsoft_login_page_detected_after_session
[NEXT] Run: python src/run_once.py --init-session
[NEXT] Then run: python src/run_once.py
[INFO] scraped notices: 0
[WARN] Portal auth required. Session expired or login page detected.
[DEBUG] reason=microsoft_login_page_detected_after_session
[NEXT] Run: python src/run_once.py --init-session
[NEXT] Then run: python src/run_once.py
[INFO] scraped notices: 0
[WARN] Portal auth required. Session expired or login page detected.
[DEBUG] reason=microsoft_login_page_detected_after_session
[NEXT] Run: python src/run_once.py --init-session
[NEXT] Then run: python src/run_once.py
[INFO] scraped notices: 0
[WARN] Portal auth required. Session expired or login page detected.
[DEBUG] reason=microsoft_login_page_detected_after_session
[NEXT] Run: python src/run_once.py --init-session
[NEXT] Then run: python src/run_once.py
[INFO] scraped notices: 0
[WARN] Portal auth required. Session expired or login page detected.
[DEBUG] reason=microsoft_login_page_detected_after_session
[NEXT] Run: python src/run_once.py --init-session
[NEXT] Then run: python src/run_once.py
[INFO] scraped notices: 0
[WARN] Portal auth required. Session expired or login page detected.
[DEBUG] reason=microsoft_login_page_detected_after_session
[NEXT] Run: python src/run_once.py --init-session
[NEXT] Then run: python src/run_once.py
[INFO] scraped notices: 0
[WARN] Portal auth required. Session expired or login page detected.
[DEBUG] reason=microsoft_login_page_detected_after_session
[NEXT] Run: python src/run_once.py --init-session
[NEXT] Then run: python src/run_once.py
[INFO] scraped notices: 0
[WARN] Portal auth required. Session expired or login page detected.
[DEBUG] reason=microsoft_login_page_detected_after_session
[NEXT] Run: python src/run_once.py --init-session
[NEXT] Then run: python src/run_once.py
[INFO] scraped notices: 0
[WARN] Portal auth required. Session expired or login page detected.
[DEBUG] reason=microsoft_login_page_detected_after_session
[NEXT] Run: python src/run_once.py --init-session
[NEXT] Then run: python src/run_once.py
[INFO] scraped notices: 0
[WARN] Portal auth required. Session expired or login page detected.
[DEBUG] reason=microsoft_login_page_detected_after_session
[NEXT] Run: python src/run_once.py --init-session
[NEXT] Then run: python src/run_once.py
[INFO] scraped notices: 0
[WARN] Portal auth required. Session expired or login page detected.
[DEBUG] reason=microsoft_login_page_detected_after_session
[NEXT] Run: python src/run_once.py --init-session
[NEXT] Then run: python src/run_once.py
[INFO] scraped notices: 0
[WARN] Portal auth required. Session expired or login page detected.
[DEBUG] reason=microsoft_login_page_detected_after_session
[NEXT] Run: python src/run_once.py --init-session
[NEXT] Then run: python src/run_once.py
[INFO] scraped notices: 0
[WARN] Portal auth required. Session expired or login page detected.
[DEBUG] reason=microsoft_login_page_detected_after_session
[NEXT] Run: python src/run_once.py --init-session
[NEXT] Then run: python src/run_once.py
[INFO] scraped notices: 0
[WARN] Portal auth required. Session expired or login page detected.
[DEBUG] reason=login_flow_failed
[NEXT] Run: python src/run_once.py --init-session
[NEXT] Then run: python src/run_once.py
[INFO] scraped notices: 44
[INFO] created=11 updated=33
[INFO] push sent=0 failed=0 targets=0
[sample 1] 2026/06/02 12:00 | 【東京都市大学】台風6号接近に伴う授業措置に関するお知らせ
[sample 2] 2026/06/02 11:30 | SCキャリアより）6/10(水)就活基礎講座⑤AIで仕上げる面接&GD【ライブ配信】
[sample 3] 2026/06/02 09:57 | 【注意】本学を装ったフィッシングメールへの注意喚起
[INFO] section_counts 伝言:4, 大学からのお知らせ:34, 教員からのお知らせ:3, 誰でも投稿:3
[INFO] scraped notices: 44
[INFO] created=0 updated=44
[INFO] No new notice documents. Push skipped.
[sample 1] 2026/06/02 12:00 | 【東京都市大学】台風6号接近に伴う授業措置に関するお知らせ
[sample 2] 2026/06/02 11:30 | SCキャリアより）6/10(水)就活基礎講座⑤AIで仕上げる面接&GD【ライブ配信】
[sample 3] 2026/06/02 09:57 | 【注意】本学を装ったフィッシングメールへの注意喚起
[INFO] section_counts 伝言:4, 大学からのお知らせ:34, 教員からのお知らせ:3, 誰でも投稿:3
[INFO] scraped notices: 44
[INFO] created=0 updated=44
[INFO] No new notice documents. Push skipped.
[sample 1] 2026/06/02 12:00 | 【東京都市大学】台風6号接近に伴う授業措置に関するお知らせ
[sample 2] 2026/06/02 11:30 | SCキャリアより）6/10(水)就活基礎講座⑤AIで仕上げる面接&GD【ライブ配信】
[sample 3] 2026/06/02 09:57 | 【注意】本学を装ったフィッシングメールへの注意喚起
[INFO] section_counts 伝言:4, 大学からのお知らせ:34, 教員からのお知らせ:3, 誰でも投稿:3
[INFO] scraped notices: 44
[INFO] created=0 updated=44
[INFO] No new notice documents. Push skipped.
[sample 1] 2026/06/02 12:00 | 【東京都市大学】台風6号接近に伴う授業措置に関するお知らせ
[sample 2] 2026/06/02 11:30 | SCキャリアより）6/10(水)就活基礎講座⑤AIで仕上げる面接&GD【ライブ配信】
[sample 3] 2026/06/02 09:57 | 【注意】本学を装ったフィッシングメールへの注意喚起
[INFO] section_counts 伝言:4, 大学からのお知らせ:34, 教員からのお知らせ:3, 誰でも投稿:3
[INFO] scraped notices: 44
[INFO] created=0 updated=44
[INFO] No new notice documents. Push skipped.
[sample 1] 2026/06/02 12:00 | 【東京都市大学】台風6号接近に伴う授業措置に関するお知らせ
[sample 2] 2026/06/02 11:30 | SCキャリアより）6/10(水)就活基礎講座⑤AIで仕上げる面接&GD【ライブ配信】
[sample 3] 2026/06/02 09:57 | 【注意】本学を装ったフィッシングメールへの注意喚起
[INFO] section_counts 伝言:4, 大学からのお知らせ:34, 教員からのお知らせ:3, 誰でも投稿:3
[INFO] scraped notices: 44
[INFO] created=0 updated=44
[INFO] No new notice documents. Push skipped.
[sample 1] 2026/06/02 12:00 | 【東京都市大学】台風6号接近に伴う授業措置に関するお知らせ
[sample 2] 2026/06/02 11:30 | SCキャリアより）6/10(水)就活基礎講座⑤AIで仕上げる面接&GD【ライブ配信】
[sample 3] 2026/06/02 09:57 | 【注意】本学を装ったフィッシングメールへの注意喚起
[INFO] section_counts 伝言:4, 大学からのお知らせ:34, 教員からのお知らせ:3, 誰でも投稿:3
[INFO] scraped notices: 44
[INFO] created=0 updated=44
[INFO] No new notice documents. Push skipped.
[sample 1] 2026/06/02 12:00 | 【東京都市大学】台風6号接近に伴う授業措置に関するお知らせ
[sample 2] 2026/06/02 11:30 | SCキャリアより）6/10(水)就活基礎講座⑤AIで仕上げる面接&GD【ライブ配信】
[sample 3] 2026/06/02 09:57 | 【注意】本学を装ったフィッシングメールへの注意喚起
[INFO] section_counts 伝言:4, 大学からのお知らせ:34, 教員からのお知らせ:3, 誰でも投稿:3
[INFO] scraped notices: 0
[INFO] auth alert push sent=0 failed=0 targets=0
[WARN] Portal auth required. Session expired or login page detected.
[DEBUG] reason=login_flow_failed
[NEXT] Run: python src/run_once.py --init-session
[NEXT] Then run: python src/run_once.py
[INFO] scraped notices: 0
[WARN] Portal auth required. Session expired or login page detected.
[DEBUG] reason=microsoft_login_page_detected_after_session
[NEXT] Run: python src/run_once.py --init-session
[NEXT] Then run: python src/run_once.py
[INFO] scraped notices: 0
[WARN] Portal auth required. Session expired or login page detected.
[DEBUG] reason=microsoft_login_page_detected_after_session
[NEXT] Run: python src/run_once.py --init-session
[NEXT] Then run: python src/run_once.py
[INFO] scraped notices: 0
[WARN] Portal auth required. Session expired or login page detected.
[DEBUG] reason=microsoft_login_page_detected_after_session
[NEXT] Run: python src/run_once.py --init-session
[NEXT] Then run: python src/run_once.py
[INFO] scraped notices: 0
[WARN] Portal auth required. Session expired or login page detected.
[DEBUG] reason=microsoft_login_page_detected_after_session
[NEXT] Run: python src/run_once.py --init-session
[NEXT] Then run: python src/run_once.py
[INFO] scraped notices: 0
[WARN] Portal auth required. Session expired or login page detected.
[DEBUG] reason=microsoft_login_page_detected_after_session
[NEXT] Run: python src/run_once.py --init-session
[NEXT] Then run: python src/run_once.py
[INFO] scraped notices: 0
[WARN] Portal auth required. Session expired or login page detected.
[DEBUG] reason=microsoft_login_page_detected_after_session
[NEXT] Run: python src/run_once.py --init-session
[NEXT] Then run: python src/run_once.py
[INFO] scraped notices: 0
[WARN] Portal auth required. Session expired or login page detected.
[DEBUG] reason=microsoft_login_page_detected_after_session
[NEXT] Run: python src/run_once.py --init-session
[NEXT] Then run: python src/run_once.py
[INFO] scraped notices: 0
[WARN] Portal auth required. Session expired or login page detected.
[DEBUG] reason=microsoft_login_page_detected_after_session
[NEXT] Run: python src/run_once.py --init-session
[NEXT] Then run: python src/run_once.py
[INFO] scraped notices: 0
[WARN] Portal auth required. Session expired or login page detected.
[DEBUG] reason=microsoft_login_page_detected_after_session
[NEXT] Run: python src/run_once.py --init-session
[NEXT] Then run: python src/run_once.py
[INFO] scraped notices: 0
[WARN] Portal auth required. Session expired or login page detected.
[DEBUG] reason=microsoft_login_page_detected_after_session
[NEXT] Run: python src/run_once.py --init-session
[NEXT] Then run: python src/run_once.py
[INFO] scraped notices: 0
[WARN] Portal auth required. Session expired or login page detected.
[DEBUG] reason=microsoft_login_page_detected_after_session
[NEXT] Run: python src/run_once.py --init-session
[NEXT] Then run: python src/run_once.py
[INFO] scraped notices: 0
[WARN] Portal auth required. Session expired or login page detected.
[DEBUG] reason=microsoft_login_page_detected_after_session
[NEXT] Run: python src/run_once.py --init-session
[NEXT] Then run: python src/run_once.py
[INFO] scraped notices: 0
[WARN] Portal auth required. Session expired or login page detected.
[DEBUG] reason=microsoft_login_page_detected_after_session
[NEXT] Run: python src/run_once.py --init-session
[NEXT] Then run: python src/run_once.py
[INFO] scraped notices: 0
[WARN] Portal auth required. Session expired or login page detected.
[DEBUG] reason=microsoft_login_page_detected_after_session
[NEXT] Run: python src/run_once.py --init-session
[NEXT] Then run: python src/run_once.py
[INFO] scraped notices: 0
[WARN] Portal auth required. Session expired or login page detected.
[DEBUG] reason=microsoft_login_page_detected_after_session
[NEXT] Run: python src/run_once.py --init-session
[NEXT] Then run: python src/run_once.py
[INFO] scraped notices: 0
[WARN] Portal auth required. Session expired or login page detected.
[DEBUG] reason=microsoft_login_page_detected_after_session
[NEXT] Run: python src/run_once.py --init-session
[NEXT] Then run: python src/run_once.py
[INFO] scraped notices: 0
[WARN] Portal auth required. Session expired or login page detected.
[DEBUG] reason=microsoft_login_page_detected_after_session
[NEXT] Run: python src/run_once.py --init-session
[NEXT] Then run: python src/run_once.py
[INFO] scraped notices: 0
[WARN] Portal auth required. Session expired or login page detected.
[DEBUG] reason=microsoft_login_page_detected_after_session
[NEXT] Run: python src/run_once.py --init-session
[NEXT] Then run: python src/run_once.py
[INFO] scraped notices: 0
[WARN] Portal auth required. Session expired or login page detected.
[DEBUG] reason=login_flow_failed
[NEXT] Run: python src/run_once.py --init-session
[NEXT] Then run: python src/run_once.py
[INFO] scraped notices: 0
[WARN] Portal auth required. Session expired or login page detected.
[DEBUG] reason=microsoft_login_page_detected_after_session
[NEXT] Run: python src/run_once.py --init-session
[NEXT] Then run: python src/run_once.py
[INFO] scraped notices: 0
[WARN] Portal auth required. Session expired or login page detected.
[DEBUG] reason=microsoft_login_page_detected_after_session
[NEXT] Run: python src/run_once.py --init-session
[NEXT] Then run: python src/run_once.py
[INFO] scraped notices: 0
[WARN] Portal auth required. Session expired or login page detected.
[DEBUG] reason=microsoft_login_page_detected_after_session
[NEXT] Run: python src/run_once.py --init-session
[NEXT] Then run: python src/run_once.py
[INFO] scraped notices: 0
[WARN] Portal auth required. Session expired or login page detected.
[DEBUG] reason=microsoft_login_page_detected_after_session
[NEXT] Run: python src/run_once.py --init-session
[NEXT] Then run: python src/run_once.py
[INFO] scraped notices: 0
[WARN] Portal auth required. Session expired or login page detected.
[DEBUG] reason=microsoft_login_page_detected_after_session
[NEXT] Run: python src/run_once.py --init-session
[NEXT] Then run: python src/run_once.py
[INFO] scraped notices: 0
[WARN] Portal auth required. Session expired or login page detected.
[DEBUG] reason=microsoft_login_page_detected_after_session
[NEXT] Run: python src/run_once.py --init-session
[NEXT] Then run: python src/run_once.py
[INFO] scraped notices: 0
[WARN] Portal auth required. Session expired or login page detected.
[DEBUG] reason=microsoft_login_page_detected_after_session
[NEXT] Run: python src/run_once.py --init-session
[NEXT] Then run: python src/run_once.py
[INFO] scraped notices: 0
[WARN] Portal auth required. Session expired or login page detected.
[DEBUG] reason=microsoft_login_page_detected_after_session
[NEXT] Run: python src/run_once.py --init-session
[NEXT] Then run: python src/run_once.py
[INFO] scraped notices: 0
[WARN] Portal auth required. Session expired or login page detected.
[DEBUG] reason=microsoft_login_page_detected_after_session
[NEXT] Run: python src/run_once.py --init-session
[NEXT] Then run: python src/run_once.py
[INFO] scraped notices: 0
[WARN] Portal auth required. Session expired or login page detected.
[DEBUG] reason=microsoft_login_page_detected_after_session
[NEXT] Run: python src/run_once.py --init-session
[NEXT] Then run: python src/run_once.py
[INFO] scraped notices: 0
[WARN] Portal auth required. Session expired or login page detected.
[DEBUG] reason=microsoft_login_page_detected_after_session
[NEXT] Run: python src/run_once.py --init-session
[NEXT] Then run: python src/run_once.py
[INFO] scraped notices: 0
[WARN] Portal auth required. Session expired or login page detected.
[DEBUG] reason=microsoft_login_page_detected_after_session
[NEXT] Run: python src/run_once.py --init-session
[NEXT] Then run: python src/run_once.py
[INFO] scraped notices: 0
[WARN] Portal auth required. Session expired or login page detected.
[DEBUG] reason=microsoft_login_page_detected_after_session
[NEXT] Run: python src/run_once.py --init-session
[NEXT] Then run: python src/run_once.py
[INFO] scraped notices: 0
[WARN] Portal auth required. Session expired or login page detected.
[DEBUG] reason=login_flow_failed
[NEXT] Run: python src/run_once.py --init-session
[NEXT] Then run: python src/run_once.py
[INFO] scraped notices: 0
[WARN] Portal auth required. Session expired or login page detected.
[DEBUG] reason=microsoft_login_page_detected_after_session
[NEXT] Run: python src/run_once.py --init-session
[NEXT] Then run: python src/run_once.py
[INFO] scraped notices: 0
[WARN] Portal auth required. Session expired or login page detected.
[DEBUG] reason=microsoft_login_page_detected_after_session
[NEXT] Run: python src/run_once.py --init-session
[NEXT] Then run: python src/run_once.py
[INFO] scraped notices: 0
[WARN] Portal auth required. Session expired or login page detected.
[DEBUG] reason=microsoft_login_page_detected_after_session
[NEXT] Run: python src/run_once.py --init-session
[NEXT] Then run: python src/run_once.py
[INFO] scraped notices: 0
[WARN] Portal auth required. Session expired or login page detected.
[DEBUG] reason=microsoft_login_page_detected_after_session
[NEXT] Run: python src/run_once.py --init-session
[NEXT] Then run: python src/run_once.py
[INFO] scraped notices: 0
[WARN] Portal auth required. Session expired or login page detected.
[DEBUG] reason=microsoft_login_page_detected_after_session
[NEXT] Run: python src/run_once.py --init-session
[NEXT] Then run: python src/run_once.py
[INFO] scraped notices: 0
[WARN] Portal auth required. Session expired or login page detected.
[DEBUG] reason=microsoft_login_page_detected_after_session
[NEXT] Run: python src/run_once.py --init-session
[NEXT] Then run: python src/run_once.py
[INFO] scraped notices: 0
[WARN] Portal auth required. Session expired or login page detected.
[DEBUG] reason=microsoft_login_page_detected_after_session
[NEXT] Run: python src/run_once.py --init-session
[NEXT] Then run: python src/run_once.py
[INFO] scraped notices: 44
[INFO] created=10 updated=34
[INFO] push sent=0 failed=0 targets=0
[sample 1] 2026/06/05 19:00 | 基礎体育（1a）（1b）の履修について
[sample 2] 2026/06/05 18:02 | 大学契約ソフトウェアの利用について
[sample 3] 2026/06/05 12:25 | YCキャリアより）6/15実施「三菱電機 統合デザイン企業研究会・インターン説明会」
[INFO] section_counts 伝言:3, 大学からのお知らせ:34, 教員からのお知らせ:3, 誰でも投稿:4
[INFO] scraped notices: 44
[INFO] created=0 updated=44
[INFO] No new notice documents. Push skipped.
[sample 1] 2026/06/05 19:00 | 基礎体育（1a）（1b）の履修について
[sample 2] 2026/06/05 18:02 | 大学契約ソフトウェアの利用について
[sample 3] 2026/06/05 12:25 | YCキャリアより）6/15実施「三菱電機 統合デザイン企業研究会・インターン説明会」
[INFO] section_counts 伝言:3, 大学からのお知らせ:34, 教員からのお知らせ:3, 誰でも投稿:4
[INFO] scraped notices: 44
[INFO] created=0 updated=44
[INFO] No new notice documents. Push skipped.
[sample 1] 2026/06/05 19:00 | 基礎体育（1a）（1b）の履修について
[sample 2] 2026/06/05 18:02 | 大学契約ソフトウェアの利用について
[sample 3] 2026/06/05 12:25 | YCキャリアより）6/15実施「三菱電機 統合デザイン企業研究会・インターン説明会」
[INFO] section_counts 伝言:3, 大学からのお知らせ:34, 教員からのお知らせ:3, 誰でも投稿:4
[INFO] scraped notices: 44
[INFO] created=0 updated=44
[INFO] No new notice documents. Push skipped.
[sample 1] 2026/06/05 19:00 | 基礎体育（1a）（1b）の履修について
[sample 2] 2026/06/05 18:02 | 大学契約ソフトウェアの利用について
[sample 3] 2026/06/05 12:25 | YCキャリアより）6/15実施「三菱電機 統合デザイン企業研究会・インターン説明会」
[INFO] section_counts 伝言:4, 大学からのお知らせ:33, 教員からのお知らせ:3, 誰でも投稿:4
[INFO] scraped notices: 44
[INFO] created=0 updated=44
[INFO] No new notice documents. Push skipped.
[sample 1] 2026/06/05 19:00 | 基礎体育（1a）（1b）の履修について
[sample 2] 2026/06/05 18:02 | 大学契約ソフトウェアの利用について
[sample 3] 2026/06/05 12:25 | YCキャリアより）6/15実施「三菱電機 統合デザイン企業研究会・インターン説明会」
[INFO] section_counts 伝言:4, 大学からのお知らせ:33, 教員からのお知らせ:3, 誰でも投稿:4
[INFO] scraped notices: 0
[INFO] auth alert push sent=0 failed=0 targets=0
[WARN] Portal auth required. Session expired or login page detected.
[DEBUG] reason=login_flow_failed
[NEXT] Run: python src/run_once.py --init-session
[NEXT] Then run: python src/run_once.py
[INFO] scraped notices: 44
[INFO] created=0 updated=44
[INFO] No new notice documents. Push skipped.
[sample 1] 2026/06/05 19:00 | 基礎体育（1a）（1b）の履修について
[sample 2] 2026/06/05 18:02 | 大学契約ソフトウェアの利用について
[sample 3] 2026/06/05 12:25 | YCキャリアより）6/15実施「三菱電機 統合デザイン企業研究会・インターン説明会」
[INFO] section_counts 伝言:4, 大学からのお知らせ:33, 教員からのお知らせ:3, 誰でも投稿:4
[INFO] scraped notices: 44
[INFO] created=0 updated=44
[INFO] No new notice documents. Push skipped.
[sample 1] 2026/06/05 19:00 | 基礎体育（1a）（1b）の履修について
[sample 2] 2026/06/05 18:02 | 大学契約ソフトウェアの利用について
[sample 3] 2026/06/05 12:25 | YCキャリアより）6/15実施「三菱電機 統合デザイン企業研究会・インターン説明会」
[INFO] section_counts 伝言:4, 大学からのお知らせ:33, 教員からのお知らせ:3, 誰でも投稿:4
[INFO] scraped notices: 0
[INFO] auth alert push sent=0 failed=0 targets=0
[WARN] Portal auth required. Session expired or login page detected.
[DEBUG] reason=microsoft_login_page_detected_after_session
[NEXT] Run: python src/run_once.py --init-session
[NEXT] Then run: python src/run_once.py
[INFO] scraped notices: 44
[INFO] created=1 updated=43
[INFO] push sent=0 failed=0 targets=0
[sample 1] 2026/06/08 14:52 | 【特別セミナー】Planning with AI：都市計画におけるAI活用の可能性と課題
[sample 2] 2026/06/05 19:00 | 基礎体育（1a）（1b）の履修について
[sample 3] 2026/06/05 18:02 | 大学契約ソフトウェアの利用について
[INFO] section_counts 伝言:3, 大学からのお知らせ:33, 教員からのお知らせ:3, 誰でも投稿:5
[INFO] scraped notices: 44
[INFO] created=0 updated=44
[INFO] No new notice documents. Push skipped.
[sample 1] 2026/06/08 14:52 | 【特別セミナー】Planning with AI：都市計画におけるAI活用の可能性と課題
[sample 2] 2026/06/05 19:00 | 基礎体育（1a）（1b）の履修について
[sample 3] 2026/06/05 18:02 | 大学契約ソフトウェアの利用について
[INFO] section_counts 伝言:3, 大学からのお知らせ:33, 教員からのお知らせ:3, 誰でも投稿:5
[INFO] scraped notices: 44
[INFO] created=0 updated=44
[INFO] No new notice documents. Push skipped.
[sample 1] 2026/06/08 14:52 | 【特別セミナー】Planning with AI：都市計画におけるAI活用の可能性と課題
[sample 2] 2026/06/05 19:00 | 基礎体育（1a）（1b）の履修について
[sample 3] 2026/06/05 18:02 | 大学契約ソフトウェアの利用について
[INFO] section_counts 伝言:3, 大学からのお知らせ:33, 教員からのお知らせ:3, 誰でも投稿:5
[INFO] scraped notices: 44
[INFO] created=0 updated=44
[INFO] No new notice documents. Push skipped.
[sample 1] 2026/06/08 14:52 | 【特別セミナー】Planning with AI：都市計画におけるAI活用の可能性と課題
[sample 2] 2026/06/05 19:00 | 基礎体育（1a）（1b）の履修について
[sample 3] 2026/06/05 18:02 | 大学契約ソフトウェアの利用について
[INFO] section_counts 伝言:3, 大学からのお知らせ:33, 教員からのお知らせ:3, 誰でも投稿:5
[INFO] scraped notices: 44
[INFO] created=1 updated=43
[INFO] push sent=0 failed=0 targets=0
[sample 1] 2026/06/08 16:43 | SCキャリアより）6/24(水)ジヤトコOB/OGによる企業研究セミナー（インターンシップ説明会）
[sample 2] 2026/06/08 14:52 | 【特別セミナー】Planning with AI：都市計画におけるAI活用の可能性と課題
[sample 3] 2026/06/05 19:00 | 基礎体育（1a）（1b）の履修について
[INFO] section_counts 伝言:2, 大学からのお知らせ:34, 教員からのお知らせ:3, 誰でも投稿:5
[INFO] scraped notices: 0
[INFO] auth alert push sent=0 failed=0 targets=0
[WARN] Portal auth required. Session expired or login page detected.
[DEBUG] reason=microsoft_login_page_detected_after_session
[NEXT] Run: python src/run_once.py --init-session
[NEXT] Then run: python src/run_once.py
[INFO] scraped notices: 0
[WARN] Portal auth required. Session expired or login page detected.
[DEBUG] reason=microsoft_login_page_detected_after_session
[NEXT] Run: python src/run_once.py --init-session
[NEXT] Then run: python src/run_once.py
[INFO] scraped notices: 0
[WARN] Portal auth required. Session expired or login page detected.
[DEBUG] reason=login_flow_failed
[NEXT] Run: python src/run_once.py --init-session
[NEXT] Then run: python src/run_once.py
[INFO] scraped notices: 46
[INFO] created=2 updated=44
[INFO] push sent=0 failed=0 targets=0
[sample 1] 2026/06/08 20:01 | 授業支援システム（WebClass）のコース表示に関する不具合について
[sample 2] 2026/06/08 17:17 | Teamsパブリックチームに関する運用変更について
[sample 3] 2026/06/08 16:43 | SCキャリアより）6/24(水)ジヤトコOB/OGによる企業研究セミナー（インターンシップ説明会）
[INFO] section_counts 伝言:2, 大学からのお知らせ:36, 教員からのお知らせ:3, 誰でも投稿:5
[INFO] scraped notices: 46
[INFO] created=1 updated=45
[INFO] push sent=0 failed=0 targets=0
[sample 1] 2026/06/09 09:22 | 【PXU・宇宙】6月に開催するイベントのご案内
[sample 2] 2026/06/08 20:01 | 授業支援システム（WebClass）のコース表示に関する不具合について
[sample 3] 2026/06/08 17:17 | Teamsパブリックチームに関する運用変更について
[INFO] section_counts 伝言:2, 大学からのお知らせ:37, 教員からのお知らせ:3, 誰でも投稿:4
[INFO] scraped notices: 46
[INFO] created=0 updated=46
[INFO] No new notice documents. Push skipped.
[sample 1] 2026/06/09 09:22 | 【PXU・宇宙】6月に開催するイベントのご案内
[sample 2] 2026/06/08 20:01 | 授業支援システム（WebClass）のコース表示に関する不具合について
[sample 3] 2026/06/08 17:17 | Teamsパブリックチームに関する運用変更について
[INFO] section_counts 伝言:2, 大学からのお知らせ:37, 教員からのお知らせ:3, 誰でも投稿:4
[INFO] scraped notices: 47
[INFO] created=1 updated=46
[INFO] push sent=0 failed=0 targets=0
[sample 1] 2026/06/09 09:40 | SCキャリアより）現在募集中の大学経由型官公庁インターンシップについて
[sample 2] 2026/06/09 09:22 | 【PXU・宇宙】6月に開催するイベントのご案内
[sample 3] 2026/06/08 20:01 | 授業支援システム（WebClass）のコース表示に関する不具合について
[INFO] section_counts 伝言:2, 大学からのお知らせ:38, 教員からのお知らせ:3, 誰でも投稿:4
[INFO] scraped notices: 47
[INFO] created=1 updated=46
[INFO] push sent=0 failed=0 targets=0
[sample 1] 2026/06/09 10:33 | SCキャリアより）現在募集中の大学経由型 官公庁等のインターンシップについて
[sample 2] 2026/06/09 09:22 | 【PXU・宇宙】6月に開催するイベントのご案内
[sample 3] 2026/06/08 20:01 | 授業支援システム（WebClass）のコース表示に関する不具合について
[INFO] section_counts 伝言:2, 大学からのお知らせ:38, 教員からのお知らせ:3, 誰でも投稿:4
[INFO] scraped notices: 46
[INFO] created=1 updated=45
[INFO] push sent=0 failed=0 targets=0
[sample 1] 2026/06/09 11:57 | キャリアより）6/11(木)4限 フェルミ推定・ケース面接対策講座【ハイブリッド開催】
[sample 2] 2026/06/09 10:33 | SCキャリアより）現在募集中の大学経由型 官公庁等のインターンシップについて
[sample 3] 2026/06/09 09:22 | 【PXU・宇宙】6月に開催するイベントのご案内
[INFO] section_counts 伝言:1, 大学からのお知らせ:38, 教員からのお知らせ:3, 誰でも投稿:4
[INFO] scraped notices: 0
[INFO] auth alert push sent=0 failed=0 targets=0
[WARN] Portal auth required. Session expired or login page detected.
[DEBUG] reason=microsoft_login_page_detected_after_session
[NEXT] Run: python src/run_once.py --init-session
[NEXT] Then run: python src/run_once.py
[INFO] scraped notices: 0
[WARN] Portal auth required. Session expired or login page detected.
[DEBUG] reason=microsoft_login_page_detected_after_session
[NEXT] Run: python src/run_once.py --init-session
[NEXT] Then run: python src/run_once.py
[INFO] scraped notices: 0
[WARN] Portal auth required. Session expired or login page detected.
[DEBUG] reason=microsoft_login_page_detected_after_session
[NEXT] Run: python src/run_once.py --init-session
[NEXT] Then run: python src/run_once.py
[INFO] scraped notices: 0
[WARN] Portal auth required. Session expired or login page detected.
[DEBUG] reason=microsoft_login_page_detected_after_session
[NEXT] Run: python src/run_once.py --init-session
[NEXT] Then run: python src/run_once.py
[INFO] scraped notices: 0
[WARN] Portal auth required. Session expired or login page detected.
[DEBUG] reason=microsoft_login_page_detected_after_session
[NEXT] Run: python src/run_once.py --init-session
[NEXT] Then run: python src/run_once.py
[INFO] scraped notices: 0
[WARN] Portal auth required. Session expired or login page detected.
[DEBUG] reason=microsoft_login_page_detected_after_session
[NEXT] Run: python src/run_once.py --init-session
[NEXT] Then run: python src/run_once.py
[INFO] scraped notices: 0
[WARN] Portal auth required. Session expired or login page detected.
[DEBUG] reason=microsoft_login_page_detected_after_session
[NEXT] Run: python src/run_once.py --init-session
[NEXT] Then run: python src/run_once.py
[INFO] scraped notices: 0
[WARN] Portal auth required. Session expired or login page detected.
[DEBUG] reason=microsoft_login_page_detected_after_session
[NEXT] Run: python src/run_once.py --init-session
[NEXT] Then run: python src/run_once.py
[INFO] scraped notices: 46
[INFO] created=3 updated=43
[INFO] push sent=0 failed=0 targets=0
[sample 1] 2026/06/09 15:41 | SCキャリアより）6/10(水)就活基礎講座⑤AIで仕上げる面接&GD【ライブ配信】
[sample 2] 2026/06/09 15:37 | 世田谷キャンパス6号館3階および2号館3階改修工事について
[sample 3] 2026/06/09 13:30 | (6/9更新)キャリアより）『U･I･Jターン就職ガイダンス』開催のご案内【6/23(火)開催】
[INFO] section_counts 伝言:1, 大学からのお知らせ:39, 教員からのお知らせ:2, 誰でも投稿:4
[INFO] scraped notices: 46
[INFO] created=0 updated=46
[INFO] No new notice documents. Push skipped.
[sample 1] 2026/06/09 15:41 | SCキャリアより）6/10(水)就活基礎講座⑤AIで仕上げる面接&GD【ライブ配信】
[sample 2] 2026/06/09 15:37 | 世田谷キャンパス6号館3階および2号館3階改修工事について
[sample 3] 2026/06/09 13:30 | (6/9更新)キャリアより）『U･I･Jターン就職ガイダンス』開催のご案内【6/23(火)開催】
[INFO] section_counts 伝言:1, 大学からのお知らせ:39, 教員からのお知らせ:2, 誰でも投稿:4
[INFO] scraped notices: 46
[INFO] created=0 updated=46
[INFO] No new notice documents. Push skipped.
[sample 1] 2026/06/09 15:41 | SCキャリアより）6/10(水)就活基礎講座⑤AIで仕上げる面接&GD【ライブ配信】
[sample 2] 2026/06/09 15:37 | 世田谷キャンパス6号館3階および2号館3階改修工事について
[sample 3] 2026/06/09 13:30 | (6/9更新)キャリアより）『U･I･Jターン就職ガイダンス』開催のご案内【6/23(火)開催】
[INFO] section_counts 伝言:1, 大学からのお知らせ:39, 教員からのお知らせ:2, 誰でも投稿:4
[INFO] scraped notices: 47
[INFO] created=1 updated=46
[INFO] push sent=0 failed=0 targets=0
[sample 1] 2026/06/10 10:06 | 国立科学博物館 大学パートナーシップをご利用ください
[sample 2] 2026/06/09 15:41 | SCキャリアより）6/10(水)就活基礎講座⑤AIで仕上げる面接&GD【ライブ配信】
[sample 3] 2026/06/09 15:37 | 世田谷キャンパス6号館3階および2号館3階改修工事について
[INFO] section_counts 伝言:1, 大学からのお知らせ:40, 教員からのお知らせ:2, 誰でも投稿:4
[INFO] scraped notices: 47
[INFO] created=0 updated=47
[INFO] No new notice documents. Push skipped.
[sample 1] 2026/06/10 10:06 | 国立科学博物館 大学パートナーシップをご利用ください
[sample 2] 2026/06/09 15:41 | SCキャリアより）6/10(水)就活基礎講座⑤AIで仕上げる面接&GD【ライブ配信】
[sample 3] 2026/06/09 15:37 | 世田谷キャンパス6号館3階および2号館3階改修工事について
[INFO] section_counts 伝言:1, 大学からのお知らせ:40, 教員からのお知らせ:2, 誰でも投稿:4
[INFO] scraped notices: 0
[INFO] auth alert push sent=0 failed=0 targets=0
[WARN] Portal auth required. Session expired or login page detected.
[DEBUG] reason=microsoft_login_page_detected_after_session
[NEXT] Run: python src/run_once.py --init-session
[NEXT] Then run: python src/run_once.py
[INFO] scraped notices: 0
[WARN] Portal auth required. Session expired or login page detected.
[DEBUG] reason=microsoft_login_page_detected_after_session
[NEXT] Run: python src/run_once.py --init-session
[NEXT] Then run: python src/run_once.py
[INFO] scraped notices: 0
[WARN] Portal auth required. Session expired or login page detected.
[DEBUG] reason=microsoft_login_page_detected_after_session
[NEXT] Run: python src/run_once.py --init-session
[NEXT] Then run: python src/run_once.py
[INFO] scraped notices: 0
[WARN] Portal auth required. Session expired or login page detected.
[DEBUG] reason=microsoft_login_page_detected_after_session
[NEXT] Run: python src/run_once.py --init-session
[NEXT] Then run: python src/run_once.py
[INFO] scraped notices: 0
[WARN] Portal auth required. Session expired or login page detected.
[DEBUG] reason=microsoft_login_page_detected_after_session
[NEXT] Run: python src/run_once.py --init-session
[NEXT] Then run: python src/run_once.py
[INFO] scraped notices: 0
[WARN] Portal auth required. Session expired or login page detected.
[DEBUG] reason=microsoft_login_page_detected_after_session
[NEXT] Run: python src/run_once.py --init-session
[NEXT] Then run: python src/run_once.py
[INFO] scraped notices: 0
[WARN] Portal auth required. Session expired or login page detected.
[DEBUG] reason=microsoft_login_page_detected_after_session
[NEXT] Run: python src/run_once.py --init-session
[NEXT] Then run: python src/run_once.py
[INFO] scraped notices: 0
[WARN] Portal auth required. Session expired or login page detected.
[DEBUG] reason=microsoft_login_page_detected_after_session
[NEXT] Run: python src/run_once.py --init-session
[NEXT] Then run: python src/run_once.py
[INFO] scraped notices: 0
[WARN] Portal auth required. Session expired or login page detected.
[DEBUG] reason=microsoft_login_page_detected_after_session
[NEXT] Run: python src/run_once.py --init-session
[NEXT] Then run: python src/run_once.py
[INFO] scraped notices: 0
[WARN] Portal auth required. Session expired or login page detected.
[DEBUG] reason=microsoft_login_page_detected_after_session
[NEXT] Run: python src/run_once.py --init-session
[NEXT] Then run: python src/run_once.py
[INFO] scraped notices: 0
[WARN] Portal auth required. Session expired or login page detected.
[DEBUG] reason=microsoft_login_page_detected_after_session
[NEXT] Run: python src/run_once.py --init-session
[NEXT] Then run: python src/run_once.py
[INFO] scraped notices: 49
[INFO] created=11 updated=38
[INFO] push sent=0 failed=0 targets=0
[sample 1] 2026/06/11 14:30 | (6/11更新)キャリアより）4大学合同グループディスカッションのご案内(6/25(木)開催!)
[sample 2] 2026/06/11 12:09 | (6/11録画UP)SCキャリアより）6/10(水)就活基礎講座⑤AIで仕上げる面接&GD【ライブ配信】
[sample 3] 2026/06/11 10:52 | 【本日4限開催！】キャリアより）6/11(木)4限 フェルミ推定・ケース面接対策講座【ハイブリッド開催】
[INFO] section_counts 伝言:1, 大学からのお知らせ:43, 教員からのお知らせ:2, 誰でも投稿:3
[INFO] scraped notices: 0
[INFO] auth alert push sent=0 failed=0 targets=0
[WARN] Portal auth required. Session expired or login page detected.
[DEBUG] reason=microsoft_login_page_detected_after_session
[NEXT] Run: python src/run_once.py --init-session
[NEXT] Then run: python src/run_once.py
[INFO] scraped notices: 49
[INFO] created=0 updated=49
[INFO] No new notice documents. Push skipped.
[sample 1] 2026/06/11 14:30 | (6/11更新)キャリアより）4大学合同グループディスカッションのご案内(6/25(木)開催!)
[sample 2] 2026/06/11 12:09 | (6/11録画UP)SCキャリアより）6/10(水)就活基礎講座⑤AIで仕上げる面接&GD【ライブ配信】
[sample 3] 2026/06/11 10:52 | 【本日4限開催！】キャリアより）6/11(木)4限 フェルミ推定・ケース面接対策講座【ハイブリッド開催】
[INFO] section_counts 伝言:1, 大学からのお知らせ:43, 教員からのお知らせ:2, 誰でも投稿:3
[INFO] scraped notices: 49
[INFO] created=1 updated=48
[INFO] push sent=0 failed=0 targets=0
[sample 1] 2026/06/11 15:58 | (6/11更新)キャリアより）障がい学生のためのキャリア支援ガイダンス開催のご案内【6/19(金)開催!】
[sample 2] 2026/06/11 14:30 | (6/11更新)キャリアより）4大学合同グループディスカッションのご案内(6/25(木)開催!)
[sample 3] 2026/06/11 12:09 | (6/11録画UP)SCキャリアより）6/10(水)就活基礎講座⑤AIで仕上げる面接&GD【ライブ配信】
[INFO] section_counts 伝言:1, 大学からのお知らせ:43, 教員からのお知らせ:2, 誰でも投稿:3
[INFO] scraped notices: 49
[INFO] created=2 updated=47
[INFO] push sent=0 failed=0 targets=0
[sample 1] 2026/06/11 16:30 | 【学生部】通学マナーについて（6月）
[sample 2] 2026/06/11 16:14 | 【大学院】環境情報学研究科(国際連携専攻) 修士論文発表会(6/24)のご案内
[sample 3] 2026/06/11 15:58 | (6/11更新)キャリアより）障がい学生のためのキャリア支援ガイダンス開催のご案内【6/19(金)開催!】
[INFO] section_counts 伝言:1, 大学からのお知らせ:43, 教員からのお知らせ:2, 誰でも投稿:3
[INFO] scraped notices: 49
[INFO] created=1 updated=48
[INFO] push sent=0 failed=0 targets=0
[sample 1] 2026/06/11 16:41 | 履修登録システムのメンテナンスについて(6/11・随時更新）
[sample 2] 2026/06/11 16:30 | 【学生部】通学マナーについて（6月）
[sample 3] 2026/06/11 16:14 | 【大学院】環境情報学研究科(国際連携専攻) 修士論文発表会(6/24)のご案内
[INFO] section_counts 伝言:1, 大学からのお知らせ:43, 教員からのお知らせ:2, 誰でも投稿:3
[INFO] scraped notices: 49
[INFO] created=0 updated=49
[INFO] No new notice documents. Push skipped.
[sample 1] 2026/06/11 16:41 | 履修登録システムのメンテナンスについて(6/11・随時更新）
[sample 2] 2026/06/11 16:30 | 【学生部】通学マナーについて（6月）
[sample 3] 2026/06/11 16:14 | 【大学院】環境情報学研究科(国際連携専攻) 修士論文発表会(6/24)のご案内
[INFO] section_counts 伝言:1, 大学からのお知らせ:43, 教員からのお知らせ:2, 誰でも投稿:3
[INFO] scraped notices: 0
[INFO] auth alert push sent=0 failed=0 targets=0
[WARN] Portal auth required. Session expired or login page detected.
[DEBUG] reason=microsoft_login_page_detected_after_session
[NEXT] Run: python src/run_once.py --init-session
[NEXT] Then run: python src/run_once.py
[INFO] scraped notices: 0
[WARN] Portal auth required. Session expired or login page detected.
[DEBUG] reason=microsoft_login_page_detected_after_session
[NEXT] Run: python src/run_once.py --init-session
[NEXT] Then run: python src/run_once.py
[INFO] scraped notices: 0
[WARN] Portal auth required. Session expired or login page detected.
[DEBUG] reason=microsoft_login_page_detected_after_session
[NEXT] Run: python src/run_once.py --init-session
[NEXT] Then run: python src/run_once.py
[INFO] scraped notices: 0
[WARN] Portal auth required. Session expired or login page detected.
[DEBUG] reason=microsoft_login_page_detected_after_session
[NEXT] Run: python src/run_once.py --init-session
[NEXT] Then run: python src/run_once.py
[INFO] scraped notices: 0
[WARN] Portal auth required. Session expired or login page detected.
[DEBUG] reason=microsoft_login_page_detected_after_session
[NEXT] Run: python src/run_once.py --init-session
[NEXT] Then run: python src/run_once.py
[INFO] scraped notices: 0
[WARN] Portal auth required. Session expired or login page detected.
[DEBUG] reason=microsoft_login_page_detected_after_session
[NEXT] Run: python src/run_once.py --init-session
[NEXT] Then run: python src/run_once.py
[INFO] scraped notices: 50
[INFO] created=2 updated=48
[INFO] push sent=0 failed=0 targets=0
[sample 1] 2026/06/12 09:00 | （6/12録画UP）キャリアより）6/11(木)4限 フェルミ推定・ケース面接対策講座【ハイブリッド開催】
[sample 2] 2026/06/11 17:41 | Adobe からのライセンス通知について
[sample 3] 2026/06/11 16:30 | 【学生部】通学マナーについて（6月）
[INFO] section_counts 伝言:1, 大学からのお知らせ:44, 教員からのお知らせ:2, 誰でも投稿:3
[INFO] scraped notices: 50
[INFO] created=0 updated=50
[INFO] No new notice documents. Push skipped.
[sample 1] 2026/06/12 09:00 | （6/12録画UP）キャリアより）6/11(木)4限 フェルミ推定・ケース面接対策講座【ハイブリッド開催】
[sample 2] 2026/06/11 17:41 | Adobe からのライセンス通知について
[sample 3] 2026/06/11 16:30 | 【学生部】通学マナーについて（6月）
[INFO] section_counts 伝言:1, 大学からのお知らせ:44, 教員からのお知らせ:2, 誰でも投稿:3
[INFO] scraped notices: 50
[INFO] created=0 updated=50
[INFO] No new notice documents. Push skipped.
[sample 1] 2026/06/12 09:00 | （6/12録画UP）キャリアより）6/11(木)4限 フェルミ推定・ケース面接対策講座【ハイブリッド開催】
[sample 2] 2026/06/11 17:41 | Adobe からのライセンス通知について
[sample 3] 2026/06/11 16:30 | 【学生部】通学マナーについて（6月）
[INFO] section_counts 伝言:1, 大学からのお知らせ:44, 教員からのお知らせ:2, 誰でも投稿:3
[INFO] scraped notices: 50
[INFO] created=0 updated=50
[INFO] No new notice documents. Push skipped.
[sample 1] 2026/06/12 09:00 | （6/12録画UP）キャリアより）6/11(木)4限 フェルミ推定・ケース面接対策講座【ハイブリッド開催】
[sample 2] 2026/06/11 17:41 | Adobe からのライセンス通知について
[sample 3] 2026/06/11 16:30 | 【学生部】通学マナーについて（6月）
[INFO] section_counts 伝言:1, 大学からのお知らせ:44, 教員からのお知らせ:2, 誰でも投稿:3
[INFO] scraped notices: 50
[INFO] created=2 updated=48
[INFO] push sent=0 failed=0 targets=0
[sample 1] 2026/06/12 10:05 | ワンダリア横浜 6月限定割引クーポンのご案内
[sample 2] 2026/06/12 09:58 | ★締め切りまであと１週間★ 海外留学EF 夏休み短期留学プログラム
[sample 3] 2026/06/12 09:00 | （6/12録画UP）キャリアより）6/11(木)4限 フェルミ推定・ケース面接対策講座【ハイブリッド開催】
[INFO] section_counts 伝言:1, 大学からのお知らせ:43, 教員からのお知らせ:2, 誰でも投稿:4
[INFO] scraped notices: 50
[INFO] created=0 updated=50
[INFO] No new notice documents. Push skipped.
[sample 1] 2026/06/12 10:05 | ワンダリア横浜 6月限定割引クーポンのご案内
[sample 2] 2026/06/12 09:58 | ★締め切りまであと１週間★ 海外留学EF 夏休み短期留学プログラム
[sample 3] 2026/06/12 09:00 | （6/12録画UP）キャリアより）6/11(木)4限 フェルミ推定・ケース面接対策講座【ハイブリッド開催】
[INFO] section_counts 伝言:1, 大学からのお知らせ:43, 教員からのお知らせ:2, 誰でも投稿:4
[INFO] scraped notices: 50
[INFO] created=0 updated=50
[INFO] No new notice documents. Push skipped.
[sample 1] 2026/06/12 10:05 | ワンダリア横浜 6月限定割引クーポンのご案内
[sample 2] 2026/06/12 09:58 | ★締め切りまであと１週間★ 海外留学EF 夏休み短期留学プログラム
[sample 3] 2026/06/12 09:00 | （6/12録画UP）キャリアより）6/11(木)4限 フェルミ推定・ケース面接対策講座【ハイブリッド開催】
[INFO] section_counts 伝言:1, 大学からのお知らせ:43, 教員からのお知らせ:2, 誰でも投稿:4
[INFO] scraped notices: 0
[INFO] auth alert push sent=0 failed=0 targets=0
[WARN] Portal auth required. Session expired or login page detected.
[DEBUG] reason=microsoft_login_page_detected_after_session
[NEXT] Run: python src/run_once.py --init-session
[NEXT] Then run: python src/run_once.py
[INFO] scraped notices: 0
[WARN] Portal auth required. Session expired or login page detected.
[DEBUG] reason=microsoft_login_page_detected_after_session
[NEXT] Run: python src/run_once.py --init-session
[NEXT] Then run: python src/run_once.py
[INFO] scraped notices: 0
[WARN] Portal auth required. Session expired or login page detected.
[DEBUG] reason=microsoft_login_page_detected_after_session
[NEXT] Run: python src/run_once.py --init-session
[NEXT] Then run: python src/run_once.py
[INFO] scraped notices: 0
[WARN] Portal auth required. Session expired or login page detected.
[DEBUG] reason=microsoft_login_page_detected_after_session
[NEXT] Run: python src/run_once.py --init-session
[NEXT] Then run: python src/run_once.py
[INFO] scraped notices: 0
[WARN] Portal auth required. Session expired or login page detected.
[DEBUG] reason=microsoft_login_page_detected_after_session
[NEXT] Run: python src/run_once.py --init-session
[NEXT] Then run: python src/run_once.py
[INFO] scraped notices: 0
[WARN] Portal auth required. Session expired or login page detected.
[DEBUG] reason=microsoft_login_page_detected_after_session
[NEXT] Run: python src/run_once.py --init-session
[NEXT] Then run: python src/run_once.py
[INFO] scraped notices: 0
[WARN] Portal auth required. Session expired or login page detected.
[DEBUG] reason=microsoft_login_page_detected_after_session
[NEXT] Run: python src/run_once.py --init-session
[NEXT] Then run: python src/run_once.py
[INFO] scraped notices: 0
[WARN] Portal auth required. Session expired or login page detected.
[DEBUG] reason=microsoft_login_page_detected_after_session
[NEXT] Run: python src/run_once.py --init-session
[NEXT] Then run: python src/run_once.py
[INFO] scraped notices: 0
[WARN] Portal auth required. Session expired or login page detected.
[DEBUG] reason=microsoft_login_page_detected_after_session
[NEXT] Run: python src/run_once.py --init-session
[NEXT] Then run: python src/run_once.py
[INFO] scraped notices: 0
[WARN] Portal auth required. Session expired or login page detected.
[DEBUG] reason=microsoft_login_page_detected_after_session
[NEXT] Run: python src/run_once.py --init-session
[NEXT] Then run: python src/run_once.py
[INFO] scraped notices: 0
[WARN] Portal auth required. Session expired or login page detected.
[DEBUG] reason=microsoft_login_page_detected_after_session
[NEXT] Run: python src/run_once.py --init-session
[NEXT] Then run: python src/run_once.py
[INFO] scraped notices: 0
[WARN] Portal auth required. Session expired or login page detected.
[DEBUG] reason=microsoft_login_page_detected_after_session
[NEXT] Run: python src/run_once.py --init-session
[NEXT] Then run: python src/run_once.py
[INFO] scraped notices: 0
[WARN] Portal auth required. Session expired or login page detected.
[DEBUG] reason=microsoft_login_page_detected_after_session
[NEXT] Run: python src/run_once.py --init-session
[NEXT] Then run: python src/run_once.py
[INFO] scraped notices: 0
[WARN] Portal auth required. Session expired or login page detected.
[DEBUG] reason=microsoft_login_page_detected_after_session
[NEXT] Run: python src/run_once.py --init-session
[NEXT] Then run: python src/run_once.py
[INFO] scraped notices: 0
[WARN] Portal auth required. Session expired or login page detected.
[DEBUG] reason=microsoft_login_page_detected_after_session
[NEXT] Run: python src/run_once.py --init-session
[NEXT] Then run: python src/run_once.py
[INFO] scraped notices: 0
[WARN] Portal auth required. Session expired or login page detected.
[DEBUG] reason=microsoft_login_page_detected_after_session
[NEXT] Run: python src/run_once.py --init-session
[NEXT] Then run: python src/run_once.py
[INFO] scraped notices: 0
[WARN] Portal auth required. Session expired or login page detected.
[DEBUG] reason=microsoft_login_page_detected_after_session
[NEXT] Run: python src/run_once.py --init-session
[NEXT] Then run: python src/run_once.py
[INFO] scraped notices: 0
[WARN] Portal auth required. Session expired or login page detected.
[DEBUG] reason=microsoft_login_page_detected_after_session
[NEXT] Run: python src/run_once.py --init-session
[NEXT] Then run: python src/run_once.py
[INFO] scraped notices: 0
[WARN] Portal auth required. Session expired or login page detected.
[DEBUG] reason=microsoft_login_page_detected_after_session
[NEXT] Run: python src/run_once.py --init-session
[NEXT] Then run: python src/run_once.py
[INFO] scraped notices: 0
[WARN] Portal auth required. Session expired or login page detected.
[DEBUG] reason=microsoft_login_page_detected_after_session
[NEXT] Run: python src/run_once.py --init-session
[NEXT] Then run: python src/run_once.py
[INFO] scraped notices: 0
[WARN] Portal auth required. Session expired or login page detected.
[DEBUG] reason=microsoft_login_page_detected_after_session
[NEXT] Run: python src/run_once.py --init-session
[NEXT] Then run: python src/run_once.py
[INFO] scraped notices: 0
[WARN] Portal auth required. Session expired or login page detected.
[DEBUG] reason=microsoft_login_page_detected_after_session
[NEXT] Run: python src/run_once.py --init-session
[NEXT] Then run: python src/run_once.py
[INFO] scraped notices: 0
[WARN] Portal auth required. Session expired or login page detected.
[DEBUG] reason=microsoft_login_page_detected_after_session
[NEXT] Run: python src/run_once.py --init-session
[NEXT] Then run: python src/run_once.py
[INFO] scraped notices: 0
[WARN] Portal auth required. Session expired or login page detected.
[DEBUG] reason=login_flow_failed
[NEXT] Run: python src/run_once.py --init-session
[NEXT] Then run: python src/run_once.py
[INFO] scraped notices: 0
[WARN] Portal auth required. Session expired or login page detected.
[DEBUG] reason=microsoft_login_page_detected_after_session
[NEXT] Run: python src/run_once.py --init-session
[NEXT] Then run: python src/run_once.py
[INFO] scraped notices: 0
[WARN] Portal auth required. Session expired or login page detected.
[DEBUG] reason=microsoft_login_page_detected_after_session
[NEXT] Run: python src/run_once.py --init-session
[NEXT] Then run: python src/run_once.py
[INFO] scraped notices: 0
[WARN] Portal auth required. Session expired or login page detected.
[DEBUG] reason=microsoft_login_page_detected_after_session
[NEXT] Run: python src/run_once.py --init-session
[NEXT] Then run: python src/run_once.py
[INFO] scraped notices: 0
[WARN] Portal auth required. Session expired or login page detected.
[DEBUG] reason=microsoft_login_page_detected_after_session
[NEXT] Run: python src/run_once.py --init-session
[NEXT] Then run: python src/run_once.py
[INFO] scraped notices: 0
[WARN] Portal auth required. Session expired or login page detected.
[DEBUG] reason=microsoft_login_page_detected_after_session
[NEXT] Run: python src/run_once.py --init-session
[NEXT] Then run: python src/run_once.py
[INFO] scraped notices: 0
[WARN] Portal auth required. Session expired or login page detected.
[DEBUG] reason=login_flow_failed
[NEXT] Run: python src/run_once.py --init-session
[NEXT] Then run: python src/run_once.py
[INFO] scraped notices: 0
[WARN] Portal auth required. Session expired or login page detected.
[DEBUG] reason=login_flow_failed
[NEXT] Run: python src/run_once.py --init-session
[NEXT] Then run: python src/run_once.py
[INFO] scraped notices: 0
[WARN] Portal auth required. Session expired or login page detected.
[DEBUG] reason=microsoft_login_page_detected_after_session
[NEXT] Run: python src/run_once.py --init-session
[NEXT] Then run: python src/run_once.py
[INFO] scraped notices: 0
[WARN] Portal auth required. Session expired or login page detected.
[DEBUG] reason=microsoft_login_page_detected_after_session
[NEXT] Run: python src/run_once.py --init-session
[NEXT] Then run: python src/run_once.py
[INFO] scraped notices: 0
[WARN] Portal auth required. Session expired or login page detected.
[DEBUG] reason=microsoft_login_page_detected_after_session
[NEXT] Run: python src/run_once.py --init-session
[NEXT] Then run: python src/run_once.py
[INFO] scraped notices: 0
[WARN] Portal auth required. Session expired or login page detected.
[DEBUG] reason=microsoft_login_page_detected_after_session
[NEXT] Run: python src/run_once.py --init-session
[NEXT] Then run: python src/run_once.py
[INFO] scraped notices: 0
[WARN] Portal auth required. Session expired or login page detected.
[DEBUG] reason=microsoft_login_page_detected_after_session
[NEXT] Run: python src/run_once.py --init-session
[NEXT] Then run: python src/run_once.py
[INFO] scraped notices: 0
[WARN] Portal auth required. Session expired or login page detected.
[DEBUG] reason=microsoft_login_page_detected_after_session
[NEXT] Run: python src/run_once.py --init-session
[NEXT] Then run: python src/run_once.py
[INFO] scraped notices: 0
[WARN] Portal auth required. Session expired or login page detected.
[DEBUG] reason=microsoft_login_page_detected_after_session
[NEXT] Run: python src/run_once.py --init-session
[NEXT] Then run: python src/run_once.py
[INFO] scraped notices: 0
[WARN] Portal auth required. Session expired or login page detected.
[DEBUG] reason=microsoft_login_page_detected_after_session
[NEXT] Run: python src/run_once.py --init-session
[NEXT] Then run: python src/run_once.py
[INFO] scraped notices: 0
[WARN] Portal auth required. Session expired or login page detected.
[DEBUG] reason=microsoft_login_page_detected_after_session
[NEXT] Run: python src/run_once.py --init-session
[NEXT] Then run: python src/run_once.py
[INFO] scraped notices: 0
[WARN] Portal auth required. Session expired or login page detected.
[DEBUG] reason=microsoft_login_page_detected_after_session
[NEXT] Run: python src/run_once.py --init-session
[NEXT] Then run: python src/run_once.py
[INFO] scraped notices: 0
[WARN] Portal auth required. Session expired or login page detected.
[DEBUG] reason=microsoft_login_page_detected_after_session
[NEXT] Run: python src/run_once.py --init-session
[NEXT] Then run: python src/run_once.py
[INFO] scraped notices: 0
[WARN] Portal auth required. Session expired or login page detected.
[DEBUG] reason=microsoft_login_page_detected_after_session
[NEXT] Run: python src/run_once.py --init-session
[NEXT] Then run: python src/run_once.py
[INFO] scraped notices: 0
[WARN] Portal auth required. Session expired or login page detected.
[DEBUG] reason=microsoft_login_page_detected_after_session
[NEXT] Run: python src/run_once.py --init-session
[NEXT] Then run: python src/run_once.py
[INFO] scraped notices: 0
[WARN] Portal auth required. Session expired or login page detected.
[DEBUG] reason=microsoft_login_page_detected_after_session
[NEXT] Run: python src/run_once.py --init-session
[NEXT] Then run: python src/run_once.py
[INFO] scraped notices: 0
[WARN] Portal auth required. Session expired or login page detected.
[DEBUG] reason=microsoft_login_page_detected_after_session
[NEXT] Run: python src/run_once.py --init-session
[NEXT] Then run: python src/run_once.py
[INFO] scraped notices: 0
[WARN] Portal auth required. Session expired or login page detected.
[DEBUG] reason=microsoft_login_page_detected_after_session
[NEXT] Run: python src/run_once.py --init-session
[NEXT] Then run: python src/run_once.py
[INFO] scraped notices: 0
[WARN] Portal auth required. Session expired or login page detected.
[DEBUG] reason=microsoft_login_page_detected_after_session
[NEXT] Run: python src/run_once.py --init-session
[NEXT] Then run: python src/run_once.py
[INFO] scraped notices: 0
[WARN] Portal auth required. Session expired or login page detected.
[DEBUG] reason=microsoft_login_page_detected_after_session
[NEXT] Run: python src/run_once.py --init-session
[NEXT] Then run: python src/run_once.py
[INFO] scraped notices: 0
[WARN] Portal auth required. Session expired or login page detected.
[DEBUG] reason=microsoft_login_page_detected_after_session
[NEXT] Run: python src/run_once.py --init-session
[NEXT] Then run: python src/run_once.py
[INFO] scraped notices: 0
[WARN] Portal auth required. Session expired or login page detected.
[DEBUG] reason=microsoft_login_page_detected_after_session
[NEXT] Run: python src/run_once.py --init-session
[NEXT] Then run: python src/run_once.py
[INFO] scraped notices: 0
[WARN] Portal auth required. Session expired or login page detected.
[DEBUG] reason=microsoft_login_page_detected_after_session
[NEXT] Run: python src/run_once.py --init-session
[NEXT] Then run: python src/run_once.py
[INFO] scraped notices: 0
[WARN] Portal auth required. Session expired or login page detected.
[DEBUG] reason=microsoft_login_page_detected_after_session
[NEXT] Run: python src/run_once.py --init-session
[NEXT] Then run: python src/run_once.py
[INFO] scraped notices: 0
[WARN] Portal auth required. Session expired or login page detected.
[DEBUG] reason=microsoft_login_page_detected_after_session
[NEXT] Run: python src/run_once.py --init-session
[NEXT] Then run: python src/run_once.py
[INFO] scraped notices: 0
[WARN] Portal auth required. Session expired or login page detected.
[DEBUG] reason=microsoft_login_page_detected_after_session
[NEXT] Run: python src/run_once.py --init-session
[NEXT] Then run: python src/run_once.py
[INFO] scraped notices: 0
[WARN] Portal auth required. Session expired or login page detected.
[DEBUG] reason=microsoft_login_page_detected_after_session
[NEXT] Run: python src/run_once.py --init-session
[NEXT] Then run: python src/run_once.py
[INFO] scraped notices: 0
[WARN] Portal auth required. Session expired or login page detected.
[DEBUG] reason=microsoft_login_page_detected_after_session
[NEXT] Run: python src/run_once.py --init-session
[NEXT] Then run: python src/run_once.py
[INFO] scraped notices: 50
[INFO] created=3 updated=47
[INFO] push sent=0 failed=0 targets=0
[sample 1] 2026/06/12 18:53 | YCキャリアより）6/15実施「三菱電機 統合デザイン企業研究会・インターン説明会」★6/12追加
[sample 2] 2026/06/12 15:05 | 【締切迫る】TOEIC IPテスト 2026年度スケジュールと第2回受験募集
[sample 3] 2026/06/12 13:00 | 2026年度 前期前半末試験 欠席措置連絡（定期試験の公欠・欠席手続きを行ったみなさんへ）
[INFO] section_counts 伝言:1, 大学からのお知らせ:43, 教員からのお知らせ:2, 誰でも投稿:4
[INFO] scraped notices: 50
[INFO] created=0 updated=50
[INFO] No new notice documents. Push skipped.
[sample 1] 2026/06/12 18:53 | YCキャリアより）6/15実施「三菱電機 統合デザイン企業研究会・インターン説明会」★6/12追加
[sample 2] 2026/06/12 15:05 | 【締切迫る】TOEIC IPテスト 2026年度スケジュールと第2回受験募集
[sample 3] 2026/06/12 13:00 | 2026年度 前期前半末試験 欠席措置連絡（定期試験の公欠・欠席手続きを行ったみなさんへ）
[INFO] section_counts 伝言:1, 大学からのお知らせ:43, 教員からのお知らせ:2, 誰でも投稿:4
[INFO] scraped notices: 50
[INFO] created=0 updated=50
[INFO] No new notice documents. Push skipped.
[sample 1] 2026/06/12 18:53 | YCキャリアより）6/15実施「三菱電機 統合デザイン企業研究会・インターン説明会」★6/12追加
[sample 2] 2026/06/12 15:05 | 【締切迫る】TOEIC IPテスト 2026年度スケジュールと第2回受験募集
[sample 3] 2026/06/12 13:00 | 2026年度 前期前半末試験 欠席措置連絡（定期試験の公欠・欠席手続きを行ったみなさんへ）
[INFO] section_counts 伝言:1, 大学からのお知らせ:43, 教員からのお知らせ:2, 誰でも投稿:4
[INFO] scraped notices: 50
[INFO] created=0 updated=50
[INFO] No new notice documents. Push skipped.
[sample 1] 2026/06/12 18:53 | YCキャリアより）6/15実施「三菱電機 統合デザイン企業研究会・インターン説明会」★6/12追加
[sample 2] 2026/06/12 15:05 | 【締切迫る】TOEIC IPテスト 2026年度スケジュールと第2回受験募集
[sample 3] 2026/06/12 13:00 | 2026年度 前期前半末試験 欠席措置連絡（定期試験の公欠・欠席手続きを行ったみなさんへ）
[INFO] section_counts 伝言:1, 大学からのお知らせ:43, 教員からのお知らせ:2, 誰でも投稿:4
[INFO] scraped notices: 50
[INFO] created=0 updated=50
[INFO] No new notice documents. Push skipped.
[sample 1] 2026/06/12 18:53 | YCキャリアより）6/15実施「三菱電機 統合デザイン企業研究会・インターン説明会」★6/12追加
[sample 2] 2026/06/12 15:05 | 【締切迫る】TOEIC IPテスト 2026年度スケジュールと第2回受験募集
[sample 3] 2026/06/12 13:00 | 2026年度 前期前半末試験 欠席措置連絡（定期試験の公欠・欠席手続きを行ったみなさんへ）
[INFO] section_counts 伝言:1, 大学からのお知らせ:43, 教員からのお知らせ:2, 誰でも投稿:4
[INFO] scraped notices: 50
[INFO] created=0 updated=50
[INFO] No new notice documents. Push skipped.
[sample 1] 2026/06/12 18:53 | YCキャリアより）6/15実施「三菱電機 統合デザイン企業研究会・インターン説明会」★6/12追加
[sample 2] 2026/06/12 15:05 | 【締切迫る】TOEIC IPテスト 2026年度スケジュールと第2回受験募集
[sample 3] 2026/06/12 13:00 | 2026年度 前期前半末試験 欠席措置連絡（定期試験の公欠・欠席手続きを行ったみなさんへ）
[INFO] section_counts 伝言:1, 大学からのお知らせ:43, 教員からのお知らせ:2, 誰でも投稿:4
[INFO] scraped notices: 50
[INFO] created=0 updated=50
[INFO] No new notice documents. Push skipped.
[sample 1] 2026/06/12 18:53 | YCキャリアより）6/15実施「三菱電機 統合デザイン企業研究会・インターン説明会」★6/12追加
[sample 2] 2026/06/12 15:05 | 【締切迫る】TOEIC IPテスト 2026年度スケジュールと第2回受験募集
[sample 3] 2026/06/12 13:00 | 2026年度 前期前半末試験 欠席措置連絡（定期試験の公欠・欠席手続きを行ったみなさんへ）
[INFO] section_counts 伝言:1, 大学からのお知らせ:43, 教員からのお知らせ:2, 誰でも投稿:4
[INFO] scraped notices: 50
[INFO] created=0 updated=50
[INFO] No new notice documents. Push skipped.
[sample 1] 2026/06/12 18:53 | YCキャリアより）6/15実施「三菱電機 統合デザイン企業研究会・インターン説明会」★6/12追加
[sample 2] 2026/06/12 15:05 | 【締切迫る】TOEIC IPテスト 2026年度スケジュールと第2回受験募集
[sample 3] 2026/06/12 13:00 | 2026年度 前期前半末試験 欠席措置連絡（定期試験の公欠・欠席手続きを行ったみなさんへ）
[INFO] section_counts 伝言:1, 大学からのお知らせ:43, 教員からのお知らせ:2, 誰でも投稿:4
[INFO] scraped notices: 50
[INFO] created=0 updated=50
[INFO] No new notice documents. Push skipped.
[sample 1] 2026/06/12 18:53 | YCキャリアより）6/15実施「三菱電機 統合デザイン企業研究会・インターン説明会」★6/12追加
[sample 2] 2026/06/12 15:05 | 【締切迫る】TOEIC IPテスト 2026年度スケジュールと第2回受験募集
[sample 3] 2026/06/12 13:00 | 2026年度 前期前半末試験 欠席措置連絡（定期試験の公欠・欠席手続きを行ったみなさんへ）
[INFO] section_counts 伝言:1, 大学からのお知らせ:43, 教員からのお知らせ:2, 誰でも投稿:4
[INFO] scraped notices: 50
[INFO] created=0 updated=50
[INFO] No new notice documents. Push skipped.
[sample 1] 2026/06/12 18:53 | YCキャリアより）6/15実施「三菱電機 統合デザイン企業研究会・インターン説明会」★6/12追加
[sample 2] 2026/06/12 15:05 | 【締切迫る】TOEIC IPテスト 2026年度スケジュールと第2回受験募集
[sample 3] 2026/06/12 13:00 | 2026年度 前期前半末試験 欠席措置連絡（定期試験の公欠・欠席手続きを行ったみなさんへ）
[INFO] section_counts 伝言:1, 大学からのお知らせ:43, 教員からのお知らせ:2, 誰でも投稿:4
[INFO] scraped notices: 0
[INFO] auth alert push sent=0 failed=0 targets=0
[WARN] Portal auth required. Session expired or login page detected.
[DEBUG] reason=login_flow_failed
[NEXT] Run: python src/run_once.py --init-session
[NEXT] Then run: python src/run_once.py
[INFO] scraped notices: 0
[WARN] Portal auth required. Session expired or login page detected.
[DEBUG] reason=microsoft_login_page_detected_after_session
[NEXT] Run: python src/run_once.py --init-session
[NEXT] Then run: python src/run_once.py
[INFO] scraped notices: 0
[WARN] Portal auth required. Session expired or login page detected.
[DEBUG] reason=microsoft_login_page_detected_after_session
[NEXT] Run: python src/run_once.py --init-session
[NEXT] Then run: python src/run_once.py
[INFO] scraped notices: 0
[WARN] Portal auth required. Session expired or login page detected.
[DEBUG] reason=microsoft_login_page_detected_after_session
[NEXT] Run: python src/run_once.py --init-session
[NEXT] Then run: python src/run_once.py
[INFO] scraped notices: 0
[WARN] Portal auth required. Session expired or login page detected.
[DEBUG] reason=microsoft_login_page_detected_after_session
[NEXT] Run: python src/run_once.py --init-session
[NEXT] Then run: python src/run_once.py
[INFO] scraped notices: 50
[INFO] created=2 updated=48
[INFO] push sent=0 failed=0 targets=0
[sample 1] 2026/06/15 14:19 | ご協力のお願い：(公財)大学基準協会「大学生の学習成果と満足度に関する国際的調査」
[sample 2] 2026/06/15 07:30 | 6/22(月）昼休み 大久保研（デ科）説明会
[sample 3] 2026/06/12 18:53 | YCキャリアより）6/15実施「三菱電機 統合デザイン企業研究会・インターン説明会」★6/12追加
[INFO] section_counts 伝言:1, 大学からのお知らせ:41, 教員からのお知らせ:3, 誰でも投稿:5
[INFO] scraped notices: 0
[INFO] auth alert push sent=0 failed=0 targets=0
[WARN] Portal auth required. Session expired or login page detected.
[DEBUG] reason=microsoft_login_page_detected_after_session
[NEXT] Run: python src/run_once.py --init-session
[NEXT] Then run: python src/run_once.py
[INFO] scraped notices: 50
[INFO] created=0 updated=50
[INFO] No new notice documents. Push skipped.
[sample 1] 2026/06/15 14:19 | ご協力のお願い：(公財)大学基準協会「大学生の学習成果と満足度に関する国際的調査」
[sample 2] 2026/06/15 07:30 | 6/22(月）昼休み 大久保研（デ科）説明会
[sample 3] 2026/06/12 18:53 | YCキャリアより）6/15実施「三菱電機 統合デザイン企業研究会・インターン説明会」★6/12追加
[INFO] section_counts 伝言:1, 大学からのお知らせ:41, 教員からのお知らせ:3, 誰でも投稿:5
[INFO] scraped notices: 50
[INFO] created=0 updated=50
[INFO] No new notice documents. Push skipped.
[sample 1] 2026/06/15 14:19 | ご協力のお願い：(公財)大学基準協会「大学生の学習成果と満足度に関する国際的調査」
[sample 2] 2026/06/15 07:30 | 6/22(月）昼休み 大久保研（デ科）説明会
[sample 3] 2026/06/12 18:53 | YCキャリアより）6/15実施「三菱電機 統合デザイン企業研究会・インターン説明会」★6/12追加
[INFO] section_counts 伝言:1, 大学からのお知らせ:41, 教員からのお知らせ:3, 誰でも投稿:5
[INFO] scraped notices: 50
[INFO] created=0 updated=50
[INFO] No new notice documents. Push skipped.
[sample 1] 2026/06/15 14:19 | ご協力のお願い：(公財)大学基準協会「大学生の学習成果と満足度に関する国際的調査」
[sample 2] 2026/06/15 07:30 | 6/22(月）昼休み 大久保研（デ科）説明会
[sample 3] 2026/06/12 18:53 | YCキャリアより）6/15実施「三菱電機 統合デザイン企業研究会・インターン説明会」★6/12追加
[INFO] section_counts 伝言:1, 大学からのお知らせ:41, 教員からのお知らせ:3, 誰でも投稿:5
[INFO] scraped notices: 50
[INFO] created=0 updated=50
[INFO] No new notice documents. Push skipped.
[sample 1] 2026/06/15 14:19 | ご協力のお願い：(公財)大学基準協会「大学生の学習成果と満足度に関する国際的調査」
[sample 2] 2026/06/15 07:30 | 6/22(月）昼休み 大久保研（デ科）説明会
[sample 3] 2026/06/12 18:53 | YCキャリアより）6/15実施「三菱電機 統合デザイン企業研究会・インターン説明会」★6/12追加
[INFO] section_counts 伝言:1, 大学からのお知らせ:41, 教員からのお知らせ:3, 誰でも投稿:5
[INFO] scraped notices: 50
[INFO] created=0 updated=50
[INFO] No new notice documents. Push skipped.
[sample 1] 2026/06/15 14:19 | ご協力のお願い：(公財)大学基準協会「大学生の学習成果と満足度に関する国際的調査」
[sample 2] 2026/06/15 07:30 | 6/22(月）昼休み 大久保研（デ科）説明会
[sample 3] 2026/06/12 18:53 | YCキャリアより）6/15実施「三菱電機 統合デザイン企業研究会・インターン説明会」★6/12追加
[INFO] section_counts 伝言:1, 大学からのお知らせ:41, 教員からのお知らせ:3, 誰でも投稿:5
[INFO] scraped notices: 0
[INFO] auth alert push sent=0 failed=0 targets=0
[WARN] Portal auth required. Session expired or login page detected.
[DEBUG] reason=microsoft_login_page_detected_after_session
[NEXT] Run: python src/run_once.py --init-session
[NEXT] Then run: python src/run_once.py
[INFO] scraped notices: 0
[WARN] Portal auth required. Session expired or login page detected.
[DEBUG] reason=microsoft_login_page_detected_after_session
[NEXT] Run: python src/run_once.py --init-session
[NEXT] Then run: python src/run_once.py
[INFO] scraped notices: 0
[WARN] Portal auth required. Session expired or login page detected.
[DEBUG] reason=microsoft_login_page_detected_after_session
[NEXT] Run: python src/run_once.py --init-session
[NEXT] Then run: python src/run_once.py
[INFO] scraped notices: 0
[WARN] Portal auth required. Session expired or login page detected.
[DEBUG] reason=microsoft_login_page_detected_after_session
[NEXT] Run: python src/run_once.py --init-session
[NEXT] Then run: python src/run_once.py
[INFO] scraped notices: 0
[WARN] Portal auth required. Session expired or login page detected.
[DEBUG] reason=microsoft_login_page_detected_after_session
[NEXT] Run: python src/run_once.py --init-session
[NEXT] Then run: python src/run_once.py
[INFO] scraped notices: 0
[WARN] Portal auth required. Session expired or login page detected.
[DEBUG] reason=microsoft_login_page_detected_after_session
[NEXT] Run: python src/run_once.py --init-session
[NEXT] Then run: python src/run_once.py
[INFO] scraped notices: 0
[WARN] Portal auth required. Session expired or login page detected.
[DEBUG] reason=login_flow_failed
[NEXT] Run: python src/run_once.py --init-session
[NEXT] Then run: python src/run_once.py
[INFO] scraped notices: 0
[WARN] Portal auth required. Session expired or login page detected.
[DEBUG] reason=microsoft_login_page_detected_after_session
[NEXT] Run: python src/run_once.py --init-session
[NEXT] Then run: python src/run_once.py
[INFO] scraped notices: 0
[WARN] Portal auth required. Session expired or login page detected.
[DEBUG] reason=microsoft_login_page_detected_after_session
[NEXT] Run: python src/run_once.py --init-session
[NEXT] Then run: python src/run_once.py
[INFO] scraped notices: 0
[WARN] Portal auth required. Session expired or login page detected.
[DEBUG] reason=microsoft_login_page_detected_after_session
[NEXT] Run: python src/run_once.py --init-session
[NEXT] Then run: python src/run_once.py
[INFO] scraped notices: 0
[WARN] Portal auth required. Session expired or login page detected.
[DEBUG] reason=microsoft_login_page_detected_after_session
[NEXT] Run: python src/run_once.py --init-session
[NEXT] Then run: python src/run_once.py
[INFO] scraped notices: 50
[INFO] created=3 updated=47
[INFO] push sent=0 failed=0 targets=0
[sample 1] 2026/06/16 12:16 | YCキャリアより）6/24実施「キヤノン デザイン企業研究会・インターン説明会」
[sample 2] 2026/06/16 11:31 | YCファブ工房 学生アルバイト募集）ShopBot 移送・組み立て 6/22(月)・6/23(火)
[sample 3] 2026/06/16 10:01 | 【校友会】東京都市大学校友会（同窓会）との連携活動における奨励給付制度の募集について
[INFO] section_counts 伝言:1, 大学からのお知らせ:39, 教員からのお知らせ:4, 誰でも投稿:6
[INFO] scraped notices: 50
[INFO] created=0 updated=50
[INFO] No new notice documents. Push skipped.
[sample 1] 2026/06/16 12:16 | YCキャリアより）6/24実施「キヤノン デザイン企業研究会・インターン説明会」
[sample 2] 2026/06/16 11:31 | YCファブ工房 学生アルバイト募集）ShopBot 移送・組み立て 6/22(月)・6/23(火)
[sample 3] 2026/06/16 10:01 | 【校友会】東京都市大学校友会（同窓会）との連携活動における奨励給付制度の募集について
[INFO] section_counts 伝言:1, 大学からのお知らせ:39, 教員からのお知らせ:4, 誰でも投稿:6
[INFO] scraped notices: 50
[INFO] created=0 updated=50
[INFO] No new notice documents. Push skipped.
[sample 1] 2026/06/16 12:16 | YCキャリアより）6/24実施「キヤノン デザイン企業研究会・インターン説明会」
[sample 2] 2026/06/16 11:31 | YCファブ工房 学生アルバイト募集）ShopBot 移送・組み立て 6/22(月)・6/23(火)
[sample 3] 2026/06/16 10:01 | 【校友会】東京都市大学校友会（同窓会）との連携活動における奨励給付制度の募集について
[INFO] section_counts 伝言:1, 大学からのお知らせ:39, 教員からのお知らせ:4, 誰でも投稿:6
[INFO] scraped notices: 50
[INFO] created=0 updated=50
[INFO] No new notice documents. Push skipped.
[sample 1] 2026/06/16 12:16 | YCキャリアより）6/24実施「キヤノン デザイン企業研究会・インターン説明会」
[sample 2] 2026/06/16 11:31 | YCファブ工房 学生アルバイト募集）ShopBot 移送・組み立て 6/22(月)・6/23(火)
[sample 3] 2026/06/16 10:01 | 【校友会】東京都市大学校友会（同窓会）との連携活動における奨励給付制度の募集について
[INFO] section_counts 伝言:1, 大学からのお知らせ:39, 教員からのお知らせ:4, 誰でも投稿:6
[INFO] scraped notices: 50
[INFO] created=0 updated=50
[INFO] No new notice documents. Push skipped.
[sample 1] 2026/06/16 12:16 | YCキャリアより）6/24実施「キヤノン デザイン企業研究会・インターン説明会」
[sample 2] 2026/06/16 11:31 | YCファブ工房 学生アルバイト募集）ShopBot 移送・組み立て 6/22(月)・6/23(火)
[sample 3] 2026/06/16 10:01 | 【校友会】東京都市大学校友会（同窓会）との連携活動における奨励給付制度の募集について
[INFO] section_counts 伝言:1, 大学からのお知らせ:39, 教員からのお知らせ:4, 誰でも投稿:6
[INFO] scraped notices: 50
[INFO] created=0 updated=50
[INFO] No new notice documents. Push skipped.
[sample 1] 2026/06/16 12:16 | YCキャリアより）6/24実施「キヤノン デザイン企業研究会・インターン説明会」
[sample 2] 2026/06/16 11:31 | YCファブ工房 学生アルバイト募集）ShopBot 移送・組み立て 6/22(月)・6/23(火)
[sample 3] 2026/06/16 10:01 | 【校友会】東京都市大学校友会（同窓会）との連携活動における奨励給付制度の募集について
[INFO] section_counts 伝言:1, 大学からのお知らせ:39, 教員からのお知らせ:4, 誰でも投稿:6
[INFO] scraped notices: 0
[INFO] auth alert push sent=0 failed=0 targets=0
[WARN] Portal auth required. Session expired or login page detected.
[DEBUG] reason=microsoft_login_page_detected_after_session
[NEXT] Run: python src/run_once.py --init-session
[NEXT] Then run: python src/run_once.py
[INFO] scraped notices: 0
[WARN] Portal auth required. Session expired or login page detected.
[DEBUG] reason=microsoft_login_page_detected_after_session
[NEXT] Run: python src/run_once.py --init-session
[NEXT] Then run: python src/run_once.py
[INFO] scraped notices: 0
[WARN] Portal auth required. Session expired or login page detected.
[DEBUG] reason=microsoft_login_page_detected_after_session
[NEXT] Run: python src/run_once.py --init-session
[NEXT] Then run: python src/run_once.py
[INFO] scraped notices: 0
[WARN] Portal auth required. Session expired or login page detected.
[DEBUG] reason=microsoft_login_page_detected_after_session
[NEXT] Run: python src/run_once.py --init-session
[NEXT] Then run: python src/run_once.py
[INFO] scraped notices: 0
[WARN] Portal auth required. Session expired or login page detected.
[DEBUG] reason=microsoft_login_page_detected_after_session
[NEXT] Run: python src/run_once.py --init-session
[NEXT] Then run: python src/run_once.py
[INFO] scraped notices: 0
[WARN] Portal auth required. Session expired or login page detected.
[DEBUG] reason=microsoft_login_page_detected_after_session
[NEXT] Run: python src/run_once.py --init-session
[NEXT] Then run: python src/run_once.py
[INFO] scraped notices: 0
[WARN] Portal auth required. Session expired or login page detected.
[DEBUG] reason=microsoft_login_page_detected_after_session
[NEXT] Run: python src/run_once.py --init-session
[NEXT] Then run: python src/run_once.py
[INFO] scraped notices: 0
[WARN] Portal auth required. Session expired or login page detected.
[DEBUG] reason=microsoft_login_page_detected_after_session
[NEXT] Run: python src/run_once.py --init-session
[NEXT] Then run: python src/run_once.py
[INFO] scraped notices: 0
[WARN] Portal auth required. Session expired or login page detected.
[DEBUG] reason=microsoft_login_page_detected_after_session
[NEXT] Run: python src/run_once.py --init-session
[NEXT] Then run: python src/run_once.py
[INFO] scraped notices: 0
[WARN] Portal auth required. Session expired or login page detected.
[DEBUG] reason=login_flow_failed
[NEXT] Run: python src/run_once.py --init-session
[NEXT] Then run: python src/run_once.py
[INFO] scraped notices: 49
[INFO] created=7 updated=42
[INFO] push sent=0 failed=0 targets=0
[sample 1] 2026/06/18 14:22 | キャリアより）【定員5名】7/20〆切：学生交流プログラム
[sample 2] 2026/06/18 11:34 | 「現代社会とメディア」19日の試験について（PCの準備）
[sample 3] 2026/06/18 09:00 | (6/18更新)キャリアより）4大学合同グループディスカッションのご案内(6/25(木)開催!)
[INFO] section_counts 伝言:1, 大学からのお知らせ:39, 教員からのお知らせ:4, 誰でも投稿:5
[INFO] scraped notices: 49
[INFO] created=0 updated=49
[INFO] No new notice documents. Push skipped.
[sample 1] 2026/06/18 14:22 | キャリアより）【定員5名】7/20〆切：学生交流プログラム
[sample 2] 2026/06/18 11:34 | 「現代社会とメディア」19日の試験について（PCの準備）
[sample 3] 2026/06/18 09:00 | (6/18更新)キャリアより）4大学合同グループディスカッションのご案内(6/25(木)開催!)
[INFO] section_counts 伝言:1, 大学からのお知らせ:39, 教員からのお知らせ:4, 誰でも投稿:5
[INFO] scraped notices: 49
[INFO] created=0 updated=49
[INFO] No new notice documents. Push skipped.
[sample 1] 2026/06/18 14:22 | キャリアより）【定員5名】7/20〆切：学生交流プログラム
[sample 2] 2026/06/18 11:34 | 「現代社会とメディア」19日の試験について（PCの準備）
[sample 3] 2026/06/18 09:00 | (6/18更新)キャリアより）4大学合同グループディスカッションのご案内(6/25(木)開催!)
[INFO] section_counts 伝言:1, 大学からのお知らせ:39, 教員からのお知らせ:4, 誰でも投稿:5
[INFO] scraped notices: 49
[INFO] created=0 updated=49
[INFO] No new notice documents. Push skipped.
[sample 1] 2026/06/18 14:22 | キャリアより）【定員5名】7/20〆切：学生交流プログラム
[sample 2] 2026/06/18 11:34 | 「現代社会とメディア」19日の試験について（PCの準備）
[sample 3] 2026/06/18 09:00 | (6/18更新)キャリアより）4大学合同グループディスカッションのご案内(6/25(木)開催!)
[INFO] section_counts 伝言:1, 大学からのお知らせ:39, 教員からのお知らせ:4, 誰でも投稿:5
[INFO] scraped notices: 49
[INFO] created=0 updated=49
[INFO] No new notice documents. Push skipped.
[sample 1] 2026/06/18 14:22 | キャリアより）【定員5名】7/20〆切：学生交流プログラム
[sample 2] 2026/06/18 11:34 | 「現代社会とメディア」19日の試験について（PCの準備）
[sample 3] 2026/06/18 09:00 | (6/18更新)キャリアより）4大学合同グループディスカッションのご案内(6/25(木)開催!)
[INFO] section_counts 伝言:1, 大学からのお知らせ:39, 教員からのお知らせ:4, 誰でも投稿:5
[INFO] scraped notices: 49
[INFO] created=0 updated=49
[INFO] No new notice documents. Push skipped.
[sample 1] 2026/06/18 14:22 | キャリアより）【定員5名】7/20〆切：学生交流プログラム
[sample 2] 2026/06/18 11:34 | 「現代社会とメディア」19日の試験について（PCの準備）
[sample 3] 2026/06/18 09:00 | (6/18更新)キャリアより）4大学合同グループディスカッションのご案内(6/25(木)開催!)
[INFO] section_counts 伝言:1, 大学からのお知らせ:38, 教員からのお知らせ:4, 誰でも投稿:6
[INFO] scraped notices: 49
[INFO] created=0 updated=49
[INFO] No new notice documents. Push skipped.
[sample 1] 2026/06/18 14:22 | キャリアより）【定員5名】7/20〆切：学生交流プログラム
[sample 2] 2026/06/18 11:34 | 「現代社会とメディア」19日の試験について（PCの準備）
[sample 3] 2026/06/18 09:00 | (6/18更新)キャリアより）4大学合同グループディスカッションのご案内(6/25(木)開催!)
[INFO] section_counts 伝言:1, 大学からのお知らせ:38, 教員からのお知らせ:4, 誰でも投稿:6
[INFO] scraped notices: 49
[INFO] created=0 updated=49
[INFO] No new notice documents. Push skipped.
[sample 1] 2026/06/18 14:22 | キャリアより）【定員5名】7/20〆切：学生交流プログラム
[sample 2] 2026/06/18 11:34 | 「現代社会とメディア」19日の試験について（PCの準備）
[sample 3] 2026/06/18 09:00 | (6/18更新)キャリアより）4大学合同グループディスカッションのご案内(6/25(木)開催!)
[INFO] section_counts 伝言:1, 大学からのお知らせ:38, 教員からのお知らせ:4, 誰でも投稿:6
[INFO] scraped notices: 49
[INFO] created=0 updated=49
[INFO] No new notice documents. Push skipped.
[sample 1] 2026/06/18 14:22 | キャリアより）【定員5名】7/20〆切：学生交流プログラム
[sample 2] 2026/06/18 11:34 | 「現代社会とメディア」19日の試験について（PCの準備）
[sample 3] 2026/06/18 09:00 | (6/18更新)キャリアより）4大学合同グループディスカッションのご案内(6/25(木)開催!)
[INFO] section_counts 伝言:1, 大学からのお知らせ:38, 教員からのお知らせ:4, 誰でも投稿:6
[INFO] scraped notices: 49
[INFO] created=1 updated=48
[INFO] push sent=0 failed=0 targets=0
[sample 1] 2026/06/18 18:03 | 【明日開催!】キャリアより）障がい学生のためのキャリア支援ガイダンス開催のご案内【6/19(金)開催!】
[sample 2] 2026/06/18 14:22 | キャリアより）【定員5名】7/20〆切：学生交流プログラム
[sample 3] 2026/06/18 11:34 | 「現代社会とメディア」19日の試験について（PCの準備）
[INFO] section_counts 伝言:1, 大学からのお知らせ:39, 教員からのお知らせ:4, 誰でも投稿:5
[INFO] scraped notices: 0
[INFO] auth alert push sent=0 failed=0 targets=0
[WARN] Portal auth required. Session expired or login page detected.
[DEBUG] reason=microsoft_login_page_detected_after_session
[NEXT] Run: python src/run_once.py --init-session
[NEXT] Then run: python src/run_once.py
[INFO] scraped notices: 0
[WARN] Portal auth required. Session expired or login page detected.
[DEBUG] reason=microsoft_login_page_detected_after_session
[NEXT] Run: python src/run_once.py --init-session
[NEXT] Then run: python src/run_once.py
[INFO] scraped notices: 0
[WARN] Portal auth required. Session expired or login page detected.
[DEBUG] reason=microsoft_login_page_detected_after_session
[NEXT] Run: python src/run_once.py --init-session
[NEXT] Then run: python src/run_once.py
[INFO] scraped notices: 0
[WARN] Portal auth required. Session expired or login page detected.
[DEBUG] reason=microsoft_login_page_detected_after_session
[NEXT] Run: python src/run_once.py --init-session
[NEXT] Then run: python src/run_once.py
[INFO] scraped notices: 0
[WARN] Portal auth required. Session expired or login page detected.
[DEBUG] reason=microsoft_login_page_detected_after_session
[NEXT] Run: python src/run_once.py --init-session
[NEXT] Then run: python src/run_once.py
[INFO] scraped notices: 0
[WARN] Portal auth required. Session expired or login page detected.
[DEBUG] reason=login_flow_failed
[NEXT] Run: python src/run_once.py --init-session
[NEXT] Then run: python src/run_once.py
[INFO] scraped notices: 49
[INFO] created=1 updated=48
[INFO] push sent=0 failed=0 targets=0
[sample 1] 2026/06/18 18:30 | (6/18更新)キャリアより）『都市大生向け最難関企業キャリア座談会』開催のご案内【7/18(土)開催】
[sample 2] 2026/06/18 18:03 | 【明日開催!】キャリアより）障がい学生のためのキャリア支援ガイダンス開催のご案内【6/19(金)開催!】
[sample 3] 2026/06/18 14:22 | キャリアより）【定員5名】7/20〆切：学生交流プログラム
[INFO] section_counts 伝言:1, 大学からのお知らせ:39, 教員からのお知らせ:4, 誰でも投稿:5
[INFO] scraped notices: 49
[INFO] created=0 updated=49
[INFO] No new notice documents. Push skipped.
[sample 1] 2026/06/18 18:30 | (6/18更新)キャリアより）『都市大生向け最難関企業キャリア座談会』開催のご案内【7/18(土)開催】
[sample 2] 2026/06/18 18:03 | 【明日開催!】キャリアより）障がい学生のためのキャリア支援ガイダンス開催のご案内【6/19(金)開催!】
[sample 3] 2026/06/18 14:22 | キャリアより）【定員5名】7/20〆切：学生交流プログラム
[INFO] section_counts 伝言:1, 大学からのお知らせ:39, 教員からのお知らせ:4, 誰でも投稿:5
[INFO] scraped notices: 49
[INFO] created=1 updated=48
[INFO] push sent=0 failed=0 targets=0
[sample 1] 2026/06/19 10:06 | ソフトウェア等のダウンロードに関する注意喚起
[sample 2] 2026/06/18 18:30 | (6/18更新)キャリアより）『都市大生向け最難関企業キャリア座談会』開催のご案内【7/18(土)開催】
[sample 3] 2026/06/18 18:03 | 【明日開催!】キャリアより）障がい学生のためのキャリア支援ガイダンス開催のご案内【6/19(金)開催!】
[INFO] section_counts 伝言:1, 大学からのお知らせ:39, 教員からのお知らせ:4, 誰でも投稿:5
[INFO] scraped notices: 49
[INFO] created=0 updated=49
[INFO] No new notice documents. Push skipped.
[sample 1] 2026/06/19 10:06 | ソフトウェア等のダウンロードに関する注意喚起
[sample 2] 2026/06/18 18:30 | (6/18更新)キャリアより）『都市大生向け最難関企業キャリア座談会』開催のご案内【7/18(土)開催】
[sample 3] 2026/06/18 18:03 | 【明日開催!】キャリアより）障がい学生のためのキャリア支援ガイダンス開催のご案内【6/19(金)開催!】
[INFO] section_counts 伝言:1, 大学からのお知らせ:39, 教員からのお知らせ:4, 誰でも投稿:5
[INFO] scraped notices: 0
[INFO] auth alert push sent=0 failed=0 targets=0
[WARN] Portal auth required. Session expired or login page detected.
[DEBUG] reason=microsoft_login_page_detected_after_session
[NEXT] Run: python src/run_once.py --init-session
[NEXT] Then run: python src/run_once.py
[INFO] scraped notices: 0
[WARN] Portal auth required. Session expired or login page detected.
[DEBUG] reason=microsoft_login_page_detected_after_session
[NEXT] Run: python src/run_once.py --init-session
[NEXT] Then run: python src/run_once.py
[INFO] scraped notices: 0
[WARN] Portal auth required. Session expired or login page detected.
[DEBUG] reason=login_flow_failed
[NEXT] Run: python src/run_once.py --init-session
[NEXT] Then run: python src/run_once.py
[INFO] scraped notices: 0
[WARN] Portal auth required. Session expired or login page detected.
[DEBUG] reason=microsoft_login_page_detected_after_session
[NEXT] Run: python src/run_once.py --init-session
[NEXT] Then run: python src/run_once.py
[INFO] scraped notices: 0
[WARN] Portal auth required. Session expired or login page detected.
[DEBUG] reason=microsoft_login_page_detected_after_session
[NEXT] Run: python src/run_once.py --init-session
[NEXT] Then run: python src/run_once.py
[INFO] scraped notices: 0
[WARN] Portal auth required. Session expired or login page detected.
[DEBUG] reason=microsoft_login_page_detected_after_session
[NEXT] Run: python src/run_once.py --init-session
[NEXT] Then run: python src/run_once.py
[INFO] scraped notices: 0
[WARN] Portal auth required. Session expired or login page detected.
[DEBUG] reason=microsoft_login_page_detected_after_session
[NEXT] Run: python src/run_once.py --init-session
[NEXT] Then run: python src/run_once.py
[INFO] scraped notices: 46
[INFO] created=8 updated=38
[INFO] push sent=0 failed=0 targets=0
[sample 1] 2026/06/22 15:00 | 遅延証明書の取り扱いについて
[sample 2] 2026/06/22 10:32 | 【展覧会のお知らせ】「ヴェネツィア都市物語」絵本原画展
[sample 3] 2026/06/22 09:00 | 学生と大学との懇談会開催のお知らせ(世田谷キャンパス)
[INFO] section_counts 伝言:1, 大学からのお知らせ:38, 教員からのお知らせ:2, 誰でも投稿:5
[INFO] scraped notices: 46
[INFO] created=0 updated=46
[INFO] No new notice documents. Push skipped.
[sample 1] 2026/06/22 15:00 | 遅延証明書の取り扱いについて
[sample 2] 2026/06/22 10:32 | 【展覧会のお知らせ】「ヴェネツィア都市物語」絵本原画展
[sample 3] 2026/06/22 09:00 | 学生と大学との懇談会開催のお知らせ(世田谷キャンパス)
[INFO] section_counts 伝言:1, 大学からのお知らせ:38, 教員からのお知らせ:2, 誰でも投稿:5
[INFO] scraped notices: 46
[INFO] created=0 updated=46
[INFO] No new notice documents. Push skipped.
[sample 1] 2026/06/22 15:00 | 遅延証明書の取り扱いについて
[sample 2] 2026/06/22 10:32 | 【展覧会のお知らせ】「ヴェネツィア都市物語」絵本原画展
[sample 3] 2026/06/22 09:00 | 学生と大学との懇談会開催のお知らせ(世田谷キャンパス)
[INFO] section_counts 伝言:1, 大学からのお知らせ:38, 教員からのお知らせ:2, 誰でも投稿:5
[INFO] scraped notices: 46
[INFO] created=0 updated=46
[INFO] No new notice documents. Push skipped.
[sample 1] 2026/06/22 15:00 | 遅延証明書の取り扱いについて
[sample 2] 2026/06/22 10:32 | 【展覧会のお知らせ】「ヴェネツィア都市物語」絵本原画展
[sample 3] 2026/06/22 09:00 | 学生と大学との懇談会開催のお知らせ(世田谷キャンパス)
[INFO] section_counts 伝言:1, 大学からのお知らせ:38, 教員からのお知らせ:2, 誰でも投稿:5
[INFO] scraped notices: 46
[INFO] created=0 updated=46
[INFO] No new notice documents. Push skipped.
[sample 1] 2026/06/22 15:00 | 遅延証明書の取り扱いについて
[sample 2] 2026/06/22 10:32 | 【展覧会のお知らせ】「ヴェネツィア都市物語」絵本原画展
[sample 3] 2026/06/22 09:00 | 学生と大学との懇談会開催のお知らせ(世田谷キャンパス)
[INFO] section_counts 伝言:1, 大学からのお知らせ:38, 教員からのお知らせ:2, 誰でも投稿:5
[INFO] scraped notices: 46
[INFO] created=0 updated=46
[INFO] No new notice documents. Push skipped.
[sample 1] 2026/06/22 15:00 | 遅延証明書の取り扱いについて
[sample 2] 2026/06/22 10:32 | 【展覧会のお知らせ】「ヴェネツィア都市物語」絵本原画展
[sample 3] 2026/06/22 09:00 | 学生と大学との懇談会開催のお知らせ(世田谷キャンパス)
[INFO] section_counts 伝言:1, 大学からのお知らせ:38, 教員からのお知らせ:2, 誰でも投稿:5
[INFO] scraped notices: 46
[INFO] created=0 updated=46
[INFO] No new notice documents. Push skipped.
[sample 1] 2026/06/22 15:00 | 遅延証明書の取り扱いについて
[sample 2] 2026/06/22 10:32 | 【展覧会のお知らせ】「ヴェネツィア都市物語」絵本原画展
[sample 3] 2026/06/22 09:00 | 学生と大学との懇談会開催のお知らせ(世田谷キャンパス)
[INFO] section_counts 伝言:1, 大学からのお知らせ:38, 教員からのお知らせ:2, 誰でも投稿:5
[INFO] scraped notices: 0
[INFO] auth alert push sent=0 failed=0 targets=0
[WARN] Portal auth required. Session expired or login page detected.
[DEBUG] reason=microsoft_login_page_detected_after_session
[NEXT] Run: python src/run_once.py --init-session
[NEXT] Then run: python src/run_once.py
[INFO] scraped notices: 45
[INFO] created=2 updated=43
[INFO] push sent=0 failed=0 targets=0
[sample 1] 2026/06/23 09:00 | (6/23更新)キャリアより）『U･I･Jターン就職ガイダンス』開催のご案内【6/23(火)開催】
[sample 2] 2026/06/22 21:12 | トレーニングルーム（YC）事前講習会のご案内
[sample 3] 2026/06/22 15:00 | 遅延証明書の取り扱いについて
[INFO] section_counts 伝言:1, 大学からのお知らせ:38, 教員からのお知らせ:2, 誰でも投稿:4
[INFO] scraped notices: 0
[INFO] scraped notices: 0
[INFO] auth alert push sent=0 failed=0 targets=0
[WARN] Portal auth required. Session expired or login page detected.
[DEBUG] reason=microsoft_login_page_detected_after_session
[NEXT] Run: python src/run_once.py --init-session
[NEXT] Then run: python src/run_once.py
[INFO] scraped notices: 0
[WARN] Portal auth required. Session expired or login page detected.
[DEBUG] reason=microsoft_login_page_detected_after_session
[NEXT] Run: python src/run_once.py --init-session
[NEXT] Then run: python src/run_once.py
[INFO] scraped notices: 0
[WARN] Portal auth required. Session expired or login page detected.
[DEBUG] reason=microsoft_login_page_detected_after_session
[NEXT] Run: python src/run_once.py --init-session
[NEXT] Then run: python src/run_once.py
[INFO] scraped notices: 0
[WARN] Portal auth required. Session expired or login page detected.
[DEBUG] reason=microsoft_login_page_detected_after_session
[NEXT] Run: python src/run_once.py --init-session
[NEXT] Then run: python src/run_once.py
[INFO] scraped notices: 44
[INFO] created=3 updated=41
[INFO] push sent=0 failed=0 targets=0
[sample 1] 2026/06/24 06:00 | 【本日開催】世田谷祭参加団体向け 夏の説明会
[sample 2] 2026/06/23 17:18 | 【注意】歩きたばこおよび吸い殻のポイ捨て
[sample 3] 2026/06/23 16:31 | 学生相談室だより #106『完璧じゃなきゃダメと思ってしまうとき』（2026.7.1.）
[INFO] section_counts 伝言:2, 大学からのお知らせ:35, 教員からのお知らせ:2, 誰でも投稿:5
[INFO] scraped notices: 44
[INFO] created=0 updated=44
[INFO] No new notice documents. Push skipped.
[sample 1] 2026/06/24 06:00 | 【本日開催】世田谷祭参加団体向け 夏の説明会
[sample 2] 2026/06/23 17:18 | 【注意】歩きたばこおよび吸い殻のポイ捨て
[sample 3] 2026/06/23 16:31 | 学生相談室だより #106『完璧じゃなきゃダメと思ってしまうとき』（2026.7.1.）
[INFO] section_counts 伝言:2, 大学からのお知らせ:35, 教員からのお知らせ:2, 誰でも投稿:5
[INFO] scraped notices: 44
[INFO] created=0 updated=44
[INFO] No new notice documents. Push skipped.
[sample 1] 2026/06/24 06:00 | 【本日開催】世田谷祭参加団体向け 夏の説明会
[sample 2] 2026/06/23 17:18 | 【注意】歩きたばこおよび吸い殻のポイ捨て
[sample 3] 2026/06/23 16:31 | 学生相談室だより #106『完璧じゃなきゃダメと思ってしまうとき』（2026.7.1.）
[INFO] section_counts 伝言:2, 大学からのお知らせ:35, 教員からのお知らせ:2, 誰でも投稿:5
[INFO] scraped notices: 44
[INFO] created=0 updated=44
[INFO] No new notice documents. Push skipped.
[sample 1] 2026/06/24 06:00 | 【本日開催】世田谷祭参加団体向け 夏の説明会
[sample 2] 2026/06/23 17:18 | 【注意】歩きたばこおよび吸い殻のポイ捨て
[sample 3] 2026/06/23 16:31 | 学生相談室だより #106『完璧じゃなきゃダメと思ってしまうとき』（2026.7.1.）
[INFO] section_counts 伝言:2, 大学からのお知らせ:35, 教員からのお知らせ:2, 誰でも投稿:5
[INFO] scraped notices: 44
[INFO] created=0 updated=44
[INFO] No new notice documents. Push skipped.
[sample 1] 2026/06/24 06:00 | 【本日開催】世田谷祭参加団体向け 夏の説明会
[sample 2] 2026/06/23 17:18 | 【注意】歩きたばこおよび吸い殻のポイ捨て
[sample 3] 2026/06/23 16:31 | 学生相談室だより #106『完璧じゃなきゃダメと思ってしまうとき』（2026.7.1.）
[INFO] section_counts 伝言:2, 大学からのお知らせ:35, 教員からのお知らせ:2, 誰でも投稿:5
[INFO] scraped notices: 44
[INFO] created=0 updated=44
[INFO] No new notice documents. Push skipped.
[sample 1] 2026/06/24 06:00 | 【本日開催】世田谷祭参加団体向け 夏の説明会
[sample 2] 2026/06/23 17:18 | 【注意】歩きたばこおよび吸い殻のポイ捨て
[sample 3] 2026/06/23 16:31 | 学生相談室だより #106『完璧じゃなきゃダメと思ってしまうとき』（2026.7.1.）
[INFO] section_counts 伝言:2, 大学からのお知らせ:35, 教員からのお知らせ:2, 誰でも投稿:5
[INFO] scraped notices: 0
[INFO] auth alert push sent=0 failed=0 targets=0
[WARN] Portal auth required. Session expired or login page detected.
[DEBUG] reason=login_flow_failed
[NEXT] Run: python src/run_once.py --init-session
[NEXT] Then run: python src/run_once.py
[INFO] scraped notices: 0
[WARN] Portal auth required. Session expired or login page detected.
[DEBUG] reason=microsoft_login_page_detected_after_session
[NEXT] Run: python src/run_once.py --init-session
[NEXT] Then run: python src/run_once.py
[INFO] scraped notices: 0
[WARN] Portal auth required. Session expired or login page detected.
[DEBUG] reason=microsoft_login_page_detected_after_session
[NEXT] Run: python src/run_once.py --init-session
[NEXT] Then run: python src/run_once.py
[INFO] scraped notices: 0
[WARN] Portal auth required. Session expired or login page detected.
[DEBUG] reason=microsoft_login_page_detected_after_session
[NEXT] Run: python src/run_once.py --init-session
[NEXT] Then run: python src/run_once.py
[INFO] scraped notices: 0
[WARN] Portal auth required. Session expired or login page detected.
[DEBUG] reason=microsoft_login_page_detected_after_session
[NEXT] Run: python src/run_once.py --init-session
[NEXT] Then run: python src/run_once.py
[INFO] scraped notices: 0
[WARN] Portal auth required. Session expired or login page detected.
[DEBUG] reason=microsoft_login_page_detected_after_session
[NEXT] Run: python src/run_once.py --init-session
[NEXT] Then run: python src/run_once.py
[INFO] scraped notices: 44
[INFO] created=7 updated=37
[INFO] push sent=0 failed=0 targets=0
[sample 1] 2026/06/25 12:42 | （就活業界研究に如何）大成ロテック株式会社の夏季インターンシップの案内
[sample 2] 2026/06/25 10:55 | 【図書館】展示「英語で日本文学を読もう！」のご案内
[sample 3] 2026/06/25 10:39 | 【 応募締切は明日！】アイデアソン「空き家を『建築 × デジタル』で再生する」
[INFO] section_counts 伝言:2, 大学からのお知らせ:34, 教員からのお知らせ:3, 誰でも投稿:5
[INFO] scraped notices: 0
[INFO] auth alert push sent=0 failed=0 targets=0
[WARN] Portal auth required. Session expired or login page detected.
[DEBUG] reason=microsoft_login_page_detected_after_session
[NEXT] Run: python src/run_once.py --init-session
[NEXT] Then run: python src/run_once.py
[INFO] scraped notices: 45
[INFO] created=1 updated=44
[INFO] push sent=0 failed=0 targets=0
[sample 1] 2026/06/25 14:52 | 健康診断証明書の発行について（SC）(6.25)
[sample 2] 2026/06/25 12:42 | （就活業界研究に如何）大成ロテック株式会社の夏季インターンシップの案内
[sample 3] 2026/06/25 10:55 | 【図書館】展示「英語で日本文学を読もう！」のご案内
[INFO] section_counts 伝言:2, 大学からのお知らせ:35, 教員からのお知らせ:3, 誰でも投稿:5
[INFO] scraped notices: 45
[INFO] created=0 updated=45
[INFO] No new notice documents. Push skipped.
[sample 1] 2026/06/25 14:52 | 健康診断証明書の発行について（SC）(6.25)
[sample 2] 2026/06/25 12:42 | （就活業界研究に如何）大成ロテック株式会社の夏季インターンシップの案内
[sample 3] 2026/06/25 10:55 | 【図書館】展示「英語で日本文学を読もう！」のご案内
[INFO] section_counts 伝言:2, 大学からのお知らせ:35, 教員からのお知らせ:3, 誰でも投稿:5
[INFO] scraped notices: 45
[INFO] created=0 updated=45
[INFO] No new notice documents. Push skipped.
[sample 1] 2026/06/25 14:52 | 健康診断証明書の発行について（SC）(6.25)
[sample 2] 2026/06/25 12:42 | （就活業界研究に如何）大成ロテック株式会社の夏季インターンシップの案内
[sample 3] 2026/06/25 10:55 | 【図書館】展示「英語で日本文学を読もう！」のご案内
[INFO] section_counts 伝言:2, 大学からのお知らせ:35, 教員からのお知らせ:3, 誰でも投稿:5
[INFO] scraped notices: 45
[INFO] created=0 updated=45
[INFO] No new notice documents. Push skipped.
[sample 1] 2026/06/25 14:52 | 健康診断証明書の発行について（SC）(6.25)
[sample 2] 2026/06/25 12:42 | （就活業界研究に如何）大成ロテック株式会社の夏季インターンシップの案内
[sample 3] 2026/06/25 10:55 | 【図書館】展示「英語で日本文学を読もう！」のご案内
[INFO] section_counts 伝言:2, 大学からのお知らせ:35, 教員からのお知らせ:3, 誰でも投稿:5
[INFO] scraped notices: 45
[INFO] created=0 updated=45
[INFO] No new notice documents. Push skipped.
[sample 1] 2026/06/25 14:52 | 健康診断証明書の発行について（SC）(6.25)
[sample 2] 2026/06/25 12:42 | （就活業界研究に如何）大成ロテック株式会社の夏季インターンシップの案内
[sample 3] 2026/06/25 10:55 | 【図書館】展示「英語で日本文学を読もう！」のご案内
[INFO] section_counts 伝言:2, 大学からのお知らせ:35, 教員からのお知らせ:3, 誰でも投稿:5
[INFO] scraped notices: 45
[INFO] created=0 updated=45
[INFO] No new notice documents. Push skipped.
[sample 1] 2026/06/25 14:52 | 健康診断証明書の発行について（SC）(6.25)
[sample 2] 2026/06/25 12:42 | （就活業界研究に如何）大成ロテック株式会社の夏季インターンシップの案内
[sample 3] 2026/06/25 10:55 | 【図書館】展示「英語で日本文学を読もう！」のご案内
[INFO] section_counts 伝言:2, 大学からのお知らせ:35, 教員からのお知らせ:3, 誰でも投稿:5
[INFO] scraped notices: 0
[INFO] auth alert push sent=0 failed=0 targets=0
[WARN] Portal auth required. Session expired or login page detected.
[DEBUG] reason=microsoft_login_page_detected_after_session
[NEXT] Run: python src/run_once.py --init-session
[NEXT] Then run: python src/run_once.py
[INFO] scraped notices: 0
[WARN] Portal auth required. Session expired or login page detected.
[DEBUG] reason=microsoft_login_page_detected_after_session
[NEXT] Run: python src/run_once.py --init-session
[NEXT] Then run: python src/run_once.py
[INFO] scraped notices: 0
[WARN] Portal auth required. Session expired or login page detected.
[DEBUG] reason=microsoft_login_page_detected_after_session
[NEXT] Run: python src/run_once.py --init-session
[NEXT] Then run: python src/run_once.py
[INFO] scraped notices: 0
[WARN] Portal auth required. Session expired or login page detected.
[DEBUG] reason=microsoft_login_page_detected_after_session
[NEXT] Run: python src/run_once.py --init-session
[NEXT] Then run: python src/run_once.py
[INFO] scraped notices: 0
[WARN] Portal auth required. Session expired or login page detected.
[DEBUG] reason=microsoft_login_page_detected_after_session
[NEXT] Run: python src/run_once.py --init-session
[NEXT] Then run: python src/run_once.py
[INFO] scraped notices: 0
[WARN] Portal auth required. Session expired or login page detected.
[DEBUG] reason=microsoft_login_page_detected_after_session
[NEXT] Run: python src/run_once.py --init-session
[NEXT] Then run: python src/run_once.py
[INFO] scraped notices: 0
[WARN] Portal auth required. Session expired or login page detected.
[DEBUG] reason=microsoft_login_page_detected_after_session
[NEXT] Run: python src/run_once.py --init-session
[NEXT] Then run: python src/run_once.py
[INFO] scraped notices: 0
[WARN] Portal auth required. Session expired or login page detected.
[DEBUG] reason=microsoft_login_page_detected_after_session
[NEXT] Run: python src/run_once.py --init-session
[NEXT] Then run: python src/run_once.py
[INFO] scraped notices: 0
[WARN] Portal auth required. Session expired or login page detected.
[DEBUG] reason=microsoft_login_page_detected_after_session
[NEXT] Run: python src/run_once.py --init-session
[NEXT] Then run: python src/run_once.py
[INFO] scraped notices: 0
[WARN] Portal auth required. Session expired or login page detected.
[DEBUG] reason=microsoft_login_page_detected_after_session
[NEXT] Run: python src/run_once.py --init-session
[NEXT] Then run: python src/run_once.py
[INFO] scraped notices: 0
[WARN] Portal auth required. Session expired or login page detected.
[DEBUG] reason=microsoft_login_page_detected_after_session
[NEXT] Run: python src/run_once.py --init-session
[NEXT] Then run: python src/run_once.py
[INFO] scraped notices: 0
[WARN] Portal auth required. Session expired or login page detected.
[DEBUG] reason=microsoft_login_page_detected_after_session
[NEXT] Run: python src/run_once.py --init-session
[NEXT] Then run: python src/run_once.py
[INFO] scraped notices: 0
[WARN] Portal auth required. Session expired or login page detected.
[DEBUG] reason=microsoft_login_page_detected_after_session
[NEXT] Run: python src/run_once.py --init-session
[NEXT] Then run: python src/run_once.py
[INFO] scraped notices: 0
[WARN] Portal auth required. Session expired or login page detected.
[DEBUG] reason=microsoft_login_page_detected_after_session
[NEXT] Run: python src/run_once.py --init-session
[NEXT] Then run: python src/run_once.py
[INFO] scraped notices: 0
[WARN] Portal auth required. Session expired or login page detected.
[DEBUG] reason=login_flow_failed
[NEXT] Run: python src/run_once.py --init-session
[NEXT] Then run: python src/run_once.py
[INFO] scraped notices: 45
[INFO] created=4 updated=41
[INFO] push sent=0 failed=0 targets=0
[sample 1] 2026/06/26 12:16 | 【 東京都市大学｜重要 】台風7、8号接近に伴う授業措置に関するお知らせ｜06/26金 12:00
[sample 2] 2026/06/26 10:03 | 【本日開催！】SCキャリアより）6/26(金)森ビルOBOG支援会（インターン説明会）
[sample 3] 2026/06/25 19:46 | 【募集】【世田谷キャンパス】高校生向けイベント等を企画・運営する学生スタッフの募集について
[INFO] section_counts 伝言:2, 大学からのお知らせ:35, 教員からのお知らせ:3, 誰でも投稿:5
[INFO] scraped notices: 0
[INFO] auth alert push sent=0 failed=0 targets=0
[WARN] Portal auth required. Session expired or login page detected.
[DEBUG] reason=login_flow_failed
[NEXT] Run: python src/run_once.py --init-session
[NEXT] Then run: python src/run_once.py
[INFO] scraped notices: 0
[WARN] Portal auth required. Session expired or login page detected.
[DEBUG] reason=microsoft_login_page_detected_after_session
[NEXT] Run: python src/run_once.py --init-session
[NEXT] Then run: python src/run_once.py
[INFO] scraped notices: 0
[WARN] Portal auth required. Session expired or login page detected.
[DEBUG] reason=microsoft_login_page_detected_after_session
[NEXT] Run: python src/run_once.py --init-session
[NEXT] Then run: python src/run_once.py
[INFO] scraped notices: 0
[WARN] Portal auth required. Session expired or login page detected.
[DEBUG] reason=microsoft_login_page_detected_after_session
[NEXT] Run: python src/run_once.py --init-session
[NEXT] Then run: python src/run_once.py
[INFO] scraped notices: 0
[WARN] Portal auth required. Session expired or login page detected.
[DEBUG] reason=microsoft_login_page_detected_after_session
[NEXT] Run: python src/run_once.py --init-session
[NEXT] Then run: python src/run_once.py
[INFO] scraped notices: 0
[WARN] Portal auth required. Session expired or login page detected.
[DEBUG] reason=microsoft_login_page_detected_after_session
[NEXT] Run: python src/run_once.py --init-session
[NEXT] Then run: python src/run_once.py
[INFO] scraped notices: 0
[WARN] Portal auth required. Session expired or login page detected.
[DEBUG] reason=microsoft_login_page_detected_after_session
[NEXT] Run: python src/run_once.py --init-session
[NEXT] Then run: python src/run_once.py
[INFO] scraped notices: 0
[WARN] Portal auth required. Session expired or login page detected.
[DEBUG] reason=microsoft_login_page_detected_after_session
[NEXT] Run: python src/run_once.py --init-session
[NEXT] Then run: python src/run_once.py
[INFO] scraped notices: 0
[WARN] Portal auth required. Session expired or login page detected.
[DEBUG] reason=microsoft_login_page_detected_after_session
[NEXT] Run: python src/run_once.py --init-session
[NEXT] Then run: python src/run_once.py
[INFO] scraped notices: 0
[WARN] Portal auth required. Session expired or login page detected.
[DEBUG] reason=microsoft_login_page_detected_after_session
[NEXT] Run: python src/run_once.py --init-session
[NEXT] Then run: python src/run_once.py
[INFO] scraped notices: 0
[WARN] Portal auth required. Session expired or login page detected.
[DEBUG] reason=microsoft_login_page_detected_after_session
[NEXT] Run: python src/run_once.py --init-session
[NEXT] Then run: python src/run_once.py
[INFO] scraped notices: 0
[WARN] Portal auth required. Session expired or login page detected.
[DEBUG] reason=microsoft_login_page_detected_after_session
[NEXT] Run: python src/run_once.py --init-session
[NEXT] Then run: python src/run_once.py
[INFO] scraped notices: 0
[WARN] Portal auth required. Session expired or login page detected.
[DEBUG] reason=microsoft_login_page_detected_after_session
[NEXT] Run: python src/run_once.py --init-session
[NEXT] Then run: python src/run_once.py
[INFO] scraped notices: 0
[WARN] Portal auth required. Session expired or login page detected.
[DEBUG] reason=microsoft_login_page_detected_after_session
[NEXT] Run: python src/run_once.py --init-session
[NEXT] Then run: python src/run_once.py
[INFO] scraped notices: 0
[WARN] Portal auth required. Session expired or login page detected.
[DEBUG] reason=microsoft_login_page_detected_after_session
[NEXT] Run: python src/run_once.py --init-session
[NEXT] Then run: python src/run_once.py
[INFO] scraped notices: 0
[WARN] Portal auth required. Session expired or login page detected.
[DEBUG] reason=microsoft_login_page_detected_after_session
[NEXT] Run: python src/run_once.py --init-session
[NEXT] Then run: python src/run_once.py
[INFO] scraped notices: 0
[WARN] Portal auth required. Session expired or login page detected.
[DEBUG] reason=microsoft_login_page_detected_after_session
[NEXT] Run: python src/run_once.py --init-session
[NEXT] Then run: python src/run_once.py
[INFO] scraped notices: 0
[WARN] Portal auth required. Session expired or login page detected.
[DEBUG] reason=login_flow_failed
[NEXT] Run: python src/run_once.py --init-session
[NEXT] Then run: python src/run_once.py
[INFO] scraped notices: 0
[WARN] Portal auth required. Session expired or login page detected.
[DEBUG] reason=microsoft_login_page_detected_after_session
[NEXT] Run: python src/run_once.py --init-session
[NEXT] Then run: python src/run_once.py
[INFO] scraped notices: 0
[WARN] Portal auth required. Session expired or login page detected.
[DEBUG] reason=microsoft_login_page_detected_after_session
[NEXT] Run: python src/run_once.py --init-session
[NEXT] Then run: python src/run_once.py
[INFO] scraped notices: 0
[WARN] Portal auth required. Session expired or login page detected.
[DEBUG] reason=microsoft_login_page_detected_after_session
[NEXT] Run: python src/run_once.py --init-session
[NEXT] Then run: python src/run_once.py
[INFO] scraped notices: 0
[WARN] Portal auth required. Session expired or login page detected.
[DEBUG] reason=microsoft_login_page_detected_after_session
[NEXT] Run: python src/run_once.py --init-session
[NEXT] Then run: python src/run_once.py
[INFO] scraped notices: 0
[WARN] Portal auth required. Session expired or login page detected.
[DEBUG] reason=microsoft_login_page_detected_after_session
[NEXT] Run: python src/run_once.py --init-session
[NEXT] Then run: python src/run_once.py
[INFO] scraped notices: 0
[WARN] Portal auth required. Session expired or login page detected.
[DEBUG] reason=microsoft_login_page_detected_after_session
[NEXT] Run: python src/run_once.py --init-session
[NEXT] Then run: python src/run_once.py
[INFO] scraped notices: 0
[WARN] Portal auth required. Session expired or login page detected.
[DEBUG] reason=microsoft_login_page_detected_after_session
[NEXT] Run: python src/run_once.py --init-session
[NEXT] Then run: python src/run_once.py
[INFO] scraped notices: 0
[WARN] Portal auth required. Session expired or login page detected.
[DEBUG] reason=microsoft_login_page_detected_after_session
[NEXT] Run: python src/run_once.py --init-session
[NEXT] Then run: python src/run_once.py
[INFO] scraped notices: 0
[WARN] Portal auth required. Session expired or login page detected.
[DEBUG] reason=microsoft_login_page_detected_after_session
[NEXT] Run: python src/run_once.py --init-session
[NEXT] Then run: python src/run_once.py
[INFO] scraped notices: 0
[WARN] Portal auth required. Session expired or login page detected.
[DEBUG] reason=microsoft_login_page_detected_after_session
[NEXT] Run: python src/run_once.py --init-session
[NEXT] Then run: python src/run_once.py
[INFO] scraped notices: 0
[WARN] Portal auth required. Session expired or login page detected.
[DEBUG] reason=microsoft_login_page_detected_after_session
[NEXT] Run: python src/run_once.py --init-session
[NEXT] Then run: python src/run_once.py
[INFO] scraped notices: 0
[WARN] Portal auth required. Session expired or login page detected.
[DEBUG] reason=microsoft_login_page_detected_after_session
[NEXT] Run: python src/run_once.py --init-session
[NEXT] Then run: python src/run_once.py
[INFO] scraped notices: 0
[WARN] Portal auth required. Session expired or login page detected.
[DEBUG] reason=microsoft_login_page_detected_after_session
[NEXT] Run: python src/run_once.py --init-session
[NEXT] Then run: python src/run_once.py
[INFO] scraped notices: 0
[WARN] Portal auth required. Session expired or login page detected.
[DEBUG] reason=microsoft_login_page_detected_after_session
[NEXT] Run: python src/run_once.py --init-session
[NEXT] Then run: python src/run_once.py
[INFO] scraped notices: 0
[WARN] Portal auth required. Session expired or login page detected.
[DEBUG] reason=microsoft_login_page_detected_after_session
[NEXT] Run: python src/run_once.py --init-session
[NEXT] Then run: python src/run_once.py
[INFO] scraped notices: 0
[WARN] Portal auth required. Session expired or login page detected.
[DEBUG] reason=microsoft_login_page_detected_after_session
[NEXT] Run: python src/run_once.py --init-session
[NEXT] Then run: python src/run_once.py
[INFO] scraped notices: 0
[WARN] Portal auth required. Session expired or login page detected.
[DEBUG] reason=microsoft_login_page_detected_after_session
[NEXT] Run: python src/run_once.py --init-session
[NEXT] Then run: python src/run_once.py
[INFO] scraped notices: 0
[WARN] Portal auth required. Session expired or login page detected.
[DEBUG] reason=microsoft_login_page_detected_after_session
[NEXT] Run: python src/run_once.py --init-session
[NEXT] Then run: python src/run_once.py
[INFO] scraped notices: 0
[WARN] Portal auth required. Session expired or login page detected.
[DEBUG] reason=microsoft_login_page_detected_after_session
[NEXT] Run: python src/run_once.py --init-session
[NEXT] Then run: python src/run_once.py
[INFO] scraped notices: 0
[WARN] Portal auth required. Session expired or login page detected.
[DEBUG] reason=microsoft_login_page_detected_after_session
[NEXT] Run: python src/run_once.py --init-session
[NEXT] Then run: python src/run_once.py
[INFO] scraped notices: 0
[WARN] Portal auth required. Session expired or login page detected.
[DEBUG] reason=microsoft_login_page_detected_after_session
[NEXT] Run: python src/run_once.py --init-session
[NEXT] Then run: python src/run_once.py
[INFO] scraped notices: 0
[WARN] Portal auth required. Session expired or login page detected.
[DEBUG] reason=microsoft_login_page_detected_after_session
[NEXT] Run: python src/run_once.py --init-session
[NEXT] Then run: python src/run_once.py
[INFO] scraped notices: 0
[WARN] Portal auth required. Session expired or login page detected.
[DEBUG] reason=microsoft_login_page_detected_after_session
[NEXT] Run: python src/run_once.py --init-session
[NEXT] Then run: python src/run_once.py
[INFO] scraped notices: 0
[WARN] Portal auth required. Session expired or login page detected.
[DEBUG] reason=microsoft_login_page_detected_after_session
[NEXT] Run: python src/run_once.py --init-session
[NEXT] Then run: python src/run_once.py
[INFO] scraped notices: 0
[WARN] Portal auth required. Session expired or login page detected.
[DEBUG] reason=microsoft_login_page_detected_after_session
[NEXT] Run: python src/run_once.py --init-session
[NEXT] Then run: python src/run_once.py
[INFO] scraped notices: 0
[WARN] Portal auth required. Session expired or login page detected.
[DEBUG] reason=microsoft_login_page_detected_after_session
[NEXT] Run: python src/run_once.py --init-session
[NEXT] Then run: python src/run_once.py
[INFO] scraped notices: 0
[WARN] Portal auth required. Session expired or login page detected.
[DEBUG] reason=microsoft_login_page_detected_after_session
[NEXT] Run: python src/run_once.py --init-session
[NEXT] Then run: python src/run_once.py
[INFO] scraped notices: 0
[WARN] Portal auth required. Session expired or login page detected.
[DEBUG] reason=microsoft_login_page_detected_after_session
[NEXT] Run: python src/run_once.py --init-session
[NEXT] Then run: python src/run_once.py
[INFO] scraped notices: 0
[WARN] Portal auth required. Session expired or login page detected.
[DEBUG] reason=microsoft_login_page_detected_after_session
[NEXT] Run: python src/run_once.py --init-session
[NEXT] Then run: python src/run_once.py
[INFO] scraped notices: 0
[WARN] Portal auth required. Session expired or login page detected.
[DEBUG] reason=microsoft_login_page_detected_after_session
[NEXT] Run: python src/run_once.py --init-session
[NEXT] Then run: python src/run_once.py
[INFO] scraped notices: 46
[INFO] created=6 updated=40
[INFO] push sent=0 failed=0 targets=0
[sample 1] 2026/06/30 09:25 | 都知事杯オープンデータ・ハッカソン2026
[sample 2] 2026/06/29 18:45 | 【開催案内】QWSアカデミア（東京都市大学）［ 企画担当：五十嵐 美樹 准教授 ］につきまして
[sample 3] 2026/06/29 17:04 | ★あと1日★ 東京都市大学派遣交換留学（前期募集）最終案内
[INFO] section_counts 伝言:2, 大学からのお知らせ:35, 教員からのお知らせ:3, 誰でも投稿:6
[INFO] scraped notices: 46
[INFO] created=0 updated=46
[INFO] No new notice documents. Push skipped.
[sample 1] 2026/06/30 09:25 | 都知事杯オープンデータ・ハッカソン2026
[sample 2] 2026/06/29 18:45 | 【開催案内】QWSアカデミア（東京都市大学）［ 企画担当：五十嵐 美樹 准教授 ］につきまして
[sample 3] 2026/06/29 17:04 | ★あと1日★ 東京都市大学派遣交換留学（前期募集）最終案内
[INFO] section_counts 伝言:2, 大学からのお知らせ:35, 教員からのお知らせ:3, 誰でも投稿:6
[INFO] scraped notices: 46
[INFO] created=0 updated=46
[INFO] No new notice documents. Push skipped.
[sample 1] 2026/06/30 09:25 | 都知事杯オープンデータ・ハッカソン2026
[sample 2] 2026/06/29 18:45 | 【開催案内】QWSアカデミア（東京都市大学）［ 企画担当：五十嵐 美樹 准教授 ］につきまして
[sample 3] 2026/06/29 17:04 | ★あと1日★ 東京都市大学派遣交換留学（前期募集）最終案内
[INFO] section_counts 伝言:2, 大学からのお知らせ:35, 教員からのお知らせ:3, 誰でも投稿:6
[INFO] scraped notices: 46
[INFO] created=0 updated=46
[INFO] No new notice documents. Push skipped.
[sample 1] 2026/06/30 09:25 | 都知事杯オープンデータ・ハッカソン2026
[sample 2] 2026/06/29 18:45 | 【開催案内】QWSアカデミア（東京都市大学）［ 企画担当：五十嵐 美樹 准教授 ］につきまして
[sample 3] 2026/06/29 17:04 | ★あと1日★ 東京都市大学派遣交換留学（前期募集）最終案内
[INFO] section_counts 伝言:2, 大学からのお知らせ:35, 教員からのお知らせ:3, 誰でも投稿:6
[INFO] scraped notices: 47
[INFO] created=2 updated=45
[INFO] push sent=0 failed=0 targets=0
[sample 1] 2026/06/30 10:54 | キャリアより）東宝スタジオ見学会のご案内(8/7(金)開催!)
[sample 2] 2026/06/30 10:45 | 東京都市大学創立100 周年記念事業 シンボルロゴおよびコンセプトの募集について
[sample 3] 2026/06/30 09:25 | 都知事杯オープンデータ・ハッカソン2026
[INFO] section_counts 伝言:2, 大学からのお知らせ:36, 教員からのお知らせ:3, 誰でも投稿:6
[INFO] scraped notices: 47
[INFO] created=0 updated=47
[INFO] No new notice documents. Push skipped.
[sample 1] 2026/06/30 10:54 | キャリアより）東宝スタジオ見学会のご案内(8/7(金)開催!)
[sample 2] 2026/06/30 10:45 | 東京都市大学創立100 周年記念事業 シンボルロゴおよびコンセプトの募集について
[sample 3] 2026/06/30 09:25 | 都知事杯オープンデータ・ハッカソン2026
[INFO] section_counts 伝言:2, 大学からのお知らせ:36, 教員からのお知らせ:3, 誰でも投稿:6
[INFO] scraped notices: 0
[INFO] scraped notices: 0
[WARN] Portal auth required. Session expired or login page detected.
[DEBUG] reason=microsoft_login_page_detected_after_session
[NEXT] Run: python src/run_once.py --init-session
[NEXT] Then run: python src/run_once.py
[INFO] scraped notices: 0
[WARN] Portal auth required. Session expired or login page detected.
[DEBUG] reason=microsoft_login_page_detected_after_session
[NEXT] Run: python src/run_once.py --init-session
[NEXT] Then run: python src/run_once.py
[INFO] scraped notices: 0
[WARN] Portal auth required. Session expired or login page detected.
[DEBUG] reason=microsoft_login_page_detected_after_session
[NEXT] Run: python src/run_once.py --init-session
[NEXT] Then run: python src/run_once.py
[INFO] scraped notices: 47
[INFO] created=1 updated=46
[INFO] push sent=0 failed=0 targets=0
[sample 1] 2026/07/01 09:00 | 【学生部】通学マナーについて（７月）
[sample 2] 2026/06/30 10:54 | キャリアより）東宝スタジオ見学会のご案内(8/7(金)開催!)
[sample 3] 2026/06/30 10:45 | 東京都市大学創立100 周年記念事業 シンボルロゴおよびコンセプトの募集について
[INFO] section_counts 伝言:2, 大学からのお知らせ:36, 教員からのお知らせ:3, 誰でも投稿:6
[INFO] scraped notices: 47
[INFO] created=0 updated=47
[INFO] No new notice documents. Push skipped.
[sample 1] 2026/07/01 09:00 | 【学生部】通学マナーについて（７月）
[sample 2] 2026/06/30 10:54 | キャリアより）東宝スタジオ見学会のご案内(8/7(金)開催!)
[sample 3] 2026/06/30 10:45 | 東京都市大学創立100 周年記念事業 シンボルロゴおよびコンセプトの募集について
[INFO] section_counts 伝言:2, 大学からのお知らせ:36, 教員からのお知らせ:3, 誰でも投稿:6
[INFO] scraped notices: 47
[INFO] created=0 updated=47
[INFO] No new notice documents. Push skipped.
[sample 1] 2026/07/01 09:00 | 【学生部】通学マナーについて（７月）
[sample 2] 2026/06/30 10:54 | キャリアより）東宝スタジオ見学会のご案内(8/7(金)開催!)
[sample 3] 2026/06/30 10:45 | 東京都市大学創立100 周年記念事業 シンボルロゴおよびコンセプトの募集について
[INFO] section_counts 伝言:2, 大学からのお知らせ:36, 教員からのお知らせ:3, 誰でも投稿:6
[INFO] scraped notices: 47
[INFO] created=0 updated=47
[INFO] No new notice documents. Push skipped.
[sample 1] 2026/07/01 09:00 | 【学生部】通学マナーについて（７月）
[sample 2] 2026/06/30 10:54 | キャリアより）東宝スタジオ見学会のご案内(8/7(金)開催!)
[sample 3] 2026/06/30 10:45 | 東京都市大学創立100 周年記念事業 シンボルロゴおよびコンセプトの募集について
[INFO] section_counts 伝言:2, 大学からのお知らせ:36, 教員からのお知らせ:4, 誰でも投稿:5
[INFO] scraped notices: 47
[INFO] created=0 updated=47
[INFO] No new notice documents. Push skipped.
[sample 1] 2026/07/01 09:00 | 【学生部】通学マナーについて（７月）
[sample 2] 2026/06/30 10:54 | キャリアより）東宝スタジオ見学会のご案内(8/7(金)開催!)
[sample 3] 2026/06/30 10:45 | 東京都市大学創立100 周年記念事業 シンボルロゴおよびコンセプトの募集について
[INFO] section_counts 伝言:2, 大学からのお知らせ:36, 教員からのお知らせ:4, 誰でも投稿:5
[INFO] scraped notices: 47
[INFO] created=0 updated=47
[INFO] No new notice documents. Push skipped.
[sample 1] 2026/07/01 09:00 | 【学生部】通学マナーについて（７月）
[sample 2] 2026/06/30 10:54 | キャリアより）東宝スタジオ見学会のご案内(8/7(金)開催!)
[sample 3] 2026/06/30 10:45 | 東京都市大学創立100 周年記念事業 シンボルロゴおよびコンセプトの募集について
[INFO] section_counts 伝言:2, 大学からのお知らせ:36, 教員からのお知らせ:4, 誰でも投稿:5
[INFO] scraped notices: 0
[INFO] auth alert push sent=0 failed=0 targets=0
[WARN] Portal auth required. Session expired or login page detected.
[DEBUG] reason=login_flow_failed
[NEXT] Run: python src/run_once.py --init-session
[NEXT] Then run: python src/run_once.py
[INFO] scraped notices: 0
[WARN] Portal auth required. Session expired or login page detected.
[DEBUG] reason=microsoft_login_page_detected_after_session
[NEXT] Run: python src/run_once.py --init-session
[NEXT] Then run: python src/run_once.py
[INFO] scraped notices: 47
[INFO] created=2 updated=45
[INFO] push sent=0 failed=0 targets=0
[sample 1] 2026/07/02 09:43 | 世田谷キャンパス『一般雑誌利用調査アンケート』を実施します！
[sample 2] 2026/07/01 09:00 | 【学生部】通学マナーについて（７月）
[sample 3] 2026/06/30 10:54 | キャリアより）東宝スタジオ見学会のご案内(8/7(金)開催!)
[INFO] section_counts 伝言:2, 大学からのお知らせ:37, 教員からのお知らせ:3, 誰でも投稿:5
[INFO] scraped notices: 47
[INFO] created=1 updated=46
[INFO] push sent=0 failed=0 targets=0
[sample 1] 2026/07/02 13:55 | 本学推奨パソコン販売サイト（加賀ソルネット(株)への不正アクセスに伴う個人情報漏洩の可能性について
[sample 2] 2026/07/02 09:43 | 世田谷キャンパス『一般雑誌利用調査アンケート』を実施します！
[sample 3] 2026/07/01 09:00 | 【学生部】通学マナーについて（７月）
[INFO] section_counts 伝言:2, 大学からのお知らせ:37, 教員からのお知らせ:3, 誰でも投稿:5
[INFO] scraped notices: 46
[INFO] created=1 updated=45
[INFO] push sent=0 failed=0 targets=0
[sample 1] 2026/07/02 14:26 | 【開催案内】QWSアカデミア（東京都市大学）［ 企画担当：五十嵐 美樹 准教授 ］につきまして
[sample 2] 2026/07/02 13:55 | 本学推奨パソコン販売サイト（加賀ソルネット(株)への不正アクセスに伴う個人情報漏洩の可能性について
[sample 3] 2026/07/02 09:43 | 世田谷キャンパス『一般雑誌利用調査アンケート』を実施します！
[INFO] section_counts 伝言:2, 大学からのお知らせ:36, 教員からのお知らせ:3, 誰でも投稿:5
[INFO] scraped notices: 46
[INFO] created=0 updated=46
[INFO] No new notice documents. Push skipped.
[sample 1] 2026/07/02 14:26 | 【開催案内】QWSアカデミア（東京都市大学）［ 企画担当：五十嵐 美樹 准教授 ］につきまして
[sample 2] 2026/07/02 13:55 | 本学推奨パソコン販売サイト（加賀ソルネット(株)への不正アクセスに伴う個人情報漏洩の可能性について
[sample 3] 2026/07/02 09:43 | 世田谷キャンパス『一般雑誌利用調査アンケート』を実施します！
[INFO] section_counts 伝言:2, 大学からのお知らせ:36, 教員からのお知らせ:3, 誰でも投稿:5
[INFO] scraped notices: 0
[INFO] auth alert push sent=0 failed=0 targets=0
[WARN] Portal auth required. Session expired or login page detected.
[DEBUG] reason=microsoft_login_page_detected_after_session
[NEXT] Run: python src/run_once.py --init-session
[NEXT] Then run: python src/run_once.py
[INFO] scraped notices: 46
[INFO] created=0 updated=46
[INFO] No new notice documents. Push skipped.
[sample 1] 2026/07/02 14:26 | 【開催案内】QWSアカデミア（東京都市大学）［ 企画担当：五十嵐 美樹 准教授 ］につきまして
[sample 2] 2026/07/02 13:55 | 本学推奨パソコン販売サイト（加賀ソルネット(株)への不正アクセスに伴う個人情報漏洩の可能性について
[sample 3] 2026/07/02 09:43 | 世田谷キャンパス『一般雑誌利用調査アンケート』を実施します！
[INFO] section_counts 伝言:2, 大学からのお知らせ:36, 教員からのお知らせ:3, 誰でも投稿:5
[INFO] scraped notices: 46
[INFO] created=0 updated=46
[INFO] No new notice documents. Push skipped.
[sample 1] 2026/07/02 14:26 | 【開催案内】QWSアカデミア（東京都市大学）［ 企画担当：五十嵐 美樹 准教授 ］につきまして
[sample 2] 2026/07/02 13:55 | 本学推奨パソコン販売サイト（加賀ソルネット(株)への不正アクセスに伴う個人情報漏洩の可能性について
[sample 3] 2026/07/02 09:43 | 世田谷キャンパス『一般雑誌利用調査アンケート』を実施します！
[INFO] section_counts 伝言:2, 大学からのお知らせ:36, 教員からのお知らせ:3, 誰でも投稿:5
[INFO] scraped notices: 46
[INFO] created=0 updated=46
[INFO] No new notice documents. Push skipped.
[sample 1] 2026/07/02 14:26 | 【開催案内】QWSアカデミア（東京都市大学）［ 企画担当：五十嵐 美樹 准教授 ］につきまして
[sample 2] 2026/07/02 13:55 | 本学推奨パソコン販売サイト（加賀ソルネット(株)への不正アクセスに伴う個人情報漏洩の可能性について
[sample 3] 2026/07/02 09:43 | 世田谷キャンパス『一般雑誌利用調査アンケート』を実施します！
[INFO] section_counts 伝言:2, 大学からのお知らせ:36, 教員からのお知らせ:3, 誰でも投稿:5
[INFO] scraped notices: 45
[INFO] created=1 updated=44
[INFO] push sent=0 failed=0 targets=0
[sample 1] 2026/07/02 16:21 | 【募集】【世田谷キャンパス】高校生向けイベント等を企画・運営する学生スタッフの募集について
[sample 2] 2026/07/02 14:26 | 【開催案内】QWSアカデミア（東京都市大学）［ 企画担当：五十嵐 美樹 准教授 ］につきまして
[sample 3] 2026/07/02 13:55 | 本学推奨パソコン販売サイト（加賀ソルネット(株)への不正アクセスに伴う個人情報漏洩の可能性について
[INFO] section_counts 伝言:2, 大学からのお知らせ:35, 教員からのお知らせ:3, 誰でも投稿:5
[INFO] scraped notices: 45
[INFO] created=0 updated=45
[INFO] No new notice documents. Push skipped.
[sample 1] 2026/07/02 16:21 | 【募集】【世田谷キャンパス】高校生向けイベント等を企画・運営する学生スタッフの募集について
[sample 2] 2026/07/02 14:26 | 【開催案内】QWSアカデミア（東京都市大学）［ 企画担当：五十嵐 美樹 准教授 ］につきまして
[sample 3] 2026/07/02 13:55 | 本学推奨パソコン販売サイト（加賀ソルネット(株)への不正アクセスに伴う個人情報漏洩の可能性について
[INFO] section_counts 伝言:2, 大学からのお知らせ:35, 教員からのお知らせ:3, 誰でも投稿:5
[INFO] scraped notices: 45
[INFO] created=0 updated=45
[INFO] No new notice documents. Push skipped.
[sample 1] 2026/07/02 16:21 | 【募集】【世田谷キャンパス】高校生向けイベント等を企画・運営する学生スタッフの募集について
[sample 2] 2026/07/02 14:26 | 【開催案内】QWSアカデミア（東京都市大学）［ 企画担当：五十嵐 美樹 准教授 ］につきまして
[sample 3] 2026/07/02 13:55 | 本学推奨パソコン販売サイト（加賀ソルネット(株)への不正アクセスに伴う個人情報漏洩の可能性について
[INFO] section_counts 伝言:2, 大学からのお知らせ:35, 教員からのお知らせ:3, 誰でも投稿:5
[INFO] scraped notices: 0
[INFO] auth alert push sent=0 failed=0 targets=0
[WARN] Portal auth required. Session expired or login page detected.
[DEBUG] reason=microsoft_login_page_detected_after_session
[NEXT] Run: python src/run_once.py --init-session
[NEXT] Then run: python src/run_once.py
[INFO] scraped notices: 0
[WARN] Portal auth required. Session expired or login page detected.
[DEBUG] reason=microsoft_login_page_detected_after_session
[NEXT] Run: python src/run_once.py --init-session
[NEXT] Then run: python src/run_once.py
[INFO] scraped notices: 0
[WARN] Portal auth required. Session expired or login page detected.
[DEBUG] reason=microsoft_login_page_detected_after_session
[NEXT] Run: python src/run_once.py --init-session
[NEXT] Then run: python src/run_once.py
[INFO] scraped notices: 0
[WARN] Portal auth required. Session expired or login page detected.
[DEBUG] reason=microsoft_login_page_detected_after_session
[NEXT] Run: python src/run_once.py --init-session
[NEXT] Then run: python src/run_once.py
[INFO] scraped notices: 0
[WARN] Portal auth required. Session expired or login page detected.
[DEBUG] reason=microsoft_login_page_detected_after_session
[NEXT] Run: python src/run_once.py --init-session
[NEXT] Then run: python src/run_once.py
[INFO] scraped notices: 0
[WARN] Portal auth required. Session expired or login page detected.
[DEBUG] reason=microsoft_login_page_detected_after_session
[NEXT] Run: python src/run_once.py --init-session
[NEXT] Then run: python src/run_once.py
[INFO] scraped notices: 0
[WARN] Portal auth required. Session expired or login page detected.
[DEBUG] reason=microsoft_login_page_detected_after_session
[NEXT] Run: python src/run_once.py --init-session
[NEXT] Then run: python src/run_once.py
[INFO] scraped notices: 0
[WARN] Portal auth required. Session expired or login page detected.
[DEBUG] reason=microsoft_login_page_detected_after_session
[NEXT] Run: python src/run_once.py --init-session
[NEXT] Then run: python src/run_once.py
[INFO] scraped notices: 0
[WARN] Portal auth required. Session expired or login page detected.
[DEBUG] reason=microsoft_login_page_detected_after_session
[NEXT] Run: python src/run_once.py --init-session
[NEXT] Then run: python src/run_once.py
[INFO] scraped notices: 0
[WARN] Portal auth required. Session expired or login page detected.
[DEBUG] reason=microsoft_login_page_detected_after_session
[NEXT] Run: python src/run_once.py --init-session
[NEXT] Then run: python src/run_once.py
[INFO] scraped notices: 0
[WARN] Portal auth required. Session expired or login page detected.
[DEBUG] reason=microsoft_login_page_detected_after_session
[NEXT] Run: python src/run_once.py --init-session
[NEXT] Then run: python src/run_once.py
[INFO] scraped notices: 0
[WARN] Portal auth required. Session expired or login page detected.
[DEBUG] reason=microsoft_login_page_detected_after_session
[NEXT] Run: python src/run_once.py --init-session
[NEXT] Then run: python src/run_once.py
[INFO] scraped notices: 0
[WARN] Portal auth required. Session expired or login page detected.
[DEBUG] reason=microsoft_login_page_detected_after_session
[NEXT] Run: python src/run_once.py --init-session
[NEXT] Then run: python src/run_once.py
[INFO] scraped notices: 0
[WARN] Portal auth required. Session expired or login page detected.
[DEBUG] reason=microsoft_login_page_detected_after_session
[NEXT] Run: python src/run_once.py --init-session
[NEXT] Then run: python src/run_once.py
[INFO] scraped notices: 0
[WARN] Portal auth required. Session expired or login page detected.
[DEBUG] reason=microsoft_login_page_detected_after_session
[NEXT] Run: python src/run_once.py --init-session
[NEXT] Then run: python src/run_once.py
[INFO] scraped notices: 0
[WARN] Portal auth required. Session expired or login page detected.
[DEBUG] reason=microsoft_login_page_detected_after_session
[NEXT] Run: python src/run_once.py --init-session
[NEXT] Then run: python src/run_once.py
[INFO] scraped notices: 0
[WARN] Portal auth required. Session expired or login page detected.
[DEBUG] reason=microsoft_login_page_detected_after_session
[NEXT] Run: python src/run_once.py --init-session
[NEXT] Then run: python src/run_once.py
[INFO] scraped notices: 0
[WARN] Portal auth required. Session expired or login page detected.
[DEBUG] reason=microsoft_login_page_detected_after_session
[NEXT] Run: python src/run_once.py --init-session
[NEXT] Then run: python src/run_once.py
[INFO] scraped notices: 0
[WARN] Portal auth required. Session expired or login page detected.
[DEBUG] reason=microsoft_login_page_detected_after_session
[NEXT] Run: python src/run_once.py --init-session
[NEXT] Then run: python src/run_once.py
[INFO] scraped notices: 0
[WARN] Portal auth required. Session expired or login page detected.
[DEBUG] reason=microsoft_login_page_detected_after_session
[NEXT] Run: python src/run_once.py --init-session
[NEXT] Then run: python src/run_once.py
[INFO] scraped notices: 0
[WARN] Portal auth required. Session expired or login page detected.
[DEBUG] reason=microsoft_login_page_detected_after_session
[NEXT] Run: python src/run_once.py --init-session
[NEXT] Then run: python src/run_once.py
[INFO] scraped notices: 0
[WARN] Portal auth required. Session expired or login page detected.
[DEBUG] reason=microsoft_login_page_detected_after_session
[NEXT] Run: python src/run_once.py --init-session
[NEXT] Then run: python src/run_once.py
[INFO] scraped notices: 0
[WARN] Portal auth required. Session expired or login page detected.
[DEBUG] reason=microsoft_login_page_detected_after_session
[NEXT] Run: python src/run_once.py --init-session
[NEXT] Then run: python src/run_once.py
[INFO] scraped notices: 0
[WARN] Portal auth required. Session expired or login page detected.
[DEBUG] reason=microsoft_login_page_detected_after_session
[NEXT] Run: python src/run_once.py --init-session
[NEXT] Then run: python src/run_once.py
[INFO] scraped notices: 0
[WARN] Portal auth required. Session expired or login page detected.
[DEBUG] reason=microsoft_login_page_detected_after_session
[NEXT] Run: python src/run_once.py --init-session
[NEXT] Then run: python src/run_once.py
[INFO] scraped notices: 0
[WARN] Portal auth required. Session expired or login page detected.
[DEBUG] reason=microsoft_login_page_detected_after_session
[NEXT] Run: python src/run_once.py --init-session
[NEXT] Then run: python src/run_once.py
[INFO] scraped notices: 0
[WARN] Portal auth required. Session expired or login page detected.
[DEBUG] reason=microsoft_login_page_detected_after_session
[NEXT] Run: python src/run_once.py --init-session
[NEXT] Then run: python src/run_once.py
[INFO] scraped notices: 0
[WARN] Portal auth required. Session expired or login page detected.
[DEBUG] reason=microsoft_login_page_detected_after_session
[NEXT] Run: python src/run_once.py --init-session
[NEXT] Then run: python src/run_once.py
[INFO] scraped notices: 0
[WARN] Portal auth required. Session expired or login page detected.
[DEBUG] reason=microsoft_login_page_detected_after_session
[NEXT] Run: python src/run_once.py --init-session
[NEXT] Then run: python src/run_once.py
[INFO] scraped notices: 0
[WARN] Portal auth required. Session expired or login page detected.
[DEBUG] reason=microsoft_login_page_detected_after_session
[NEXT] Run: python src/run_once.py --init-session
[NEXT] Then run: python src/run_once.py
[INFO] scraped notices: 0
[WARN] Portal auth required. Session expired or login page detected.
[DEBUG] reason=microsoft_login_page_detected_after_session
[NEXT] Run: python src/run_once.py --init-session
[NEXT] Then run: python src/run_once.py
[INFO] scraped notices: 0
[WARN] Portal auth required. Session expired or login page detected.
[DEBUG] reason=microsoft_login_page_detected_after_session
[NEXT] Run: python src/run_once.py --init-session
[NEXT] Then run: python src/run_once.py
[INFO] scraped notices: 0
[WARN] Portal auth required. Session expired or login page detected.
[DEBUG] reason=microsoft_login_page_detected_after_session
[NEXT] Run: python src/run_once.py --init-session
[NEXT] Then run: python src/run_once.py
[INFO] scraped notices: 0
[WARN] Portal auth required. Session expired or login page detected.
[DEBUG] reason=microsoft_login_page_detected_after_session
[NEXT] Run: python src/run_once.py --init-session
[NEXT] Then run: python src/run_once.py
[INFO] scraped notices: 0
[WARN] Portal auth required. Session expired or login page detected.
[DEBUG] reason=microsoft_login_page_detected_after_session
[NEXT] Run: python src/run_once.py --init-session
[NEXT] Then run: python src/run_once.py
[INFO] scraped notices: 0
[WARN] Portal auth required. Session expired or login page detected.
[DEBUG] reason=microsoft_login_page_detected_after_session
[NEXT] Run: python src/run_once.py --init-session
[NEXT] Then run: python src/run_once.py
[INFO] scraped notices: 0
[WARN] Portal auth required. Session expired or login page detected.
[DEBUG] reason=microsoft_login_page_detected_after_session
[NEXT] Run: python src/run_once.py --init-session
[NEXT] Then run: python src/run_once.py
[INFO] scraped notices: 0
[WARN] Portal auth required. Session expired or login page detected.
[DEBUG] reason=microsoft_login_page_detected_after_session
[NEXT] Run: python src/run_once.py --init-session
[NEXT] Then run: python src/run_once.py
[INFO] scraped notices: 0
[WARN] Portal auth required. Session expired or login page detected.
[DEBUG] reason=microsoft_login_page_detected_after_session
[NEXT] Run: python src/run_once.py --init-session
[NEXT] Then run: python src/run_once.py
[INFO] scraped notices: 0
[WARN] Portal auth required. Session expired or login page detected.
[DEBUG] reason=microsoft_login_page_detected_after_session
[NEXT] Run: python src/run_once.py --init-session
[NEXT] Then run: python src/run_once.py
[INFO] scraped notices: 0
[WARN] Portal auth required. Session expired or login page detected.
[DEBUG] reason=microsoft_login_page_detected_after_session
[NEXT] Run: python src/run_once.py --init-session
[NEXT] Then run: python src/run_once.py
[INFO] scraped notices: 0
[WARN] Portal auth required. Session expired or login page detected.
[DEBUG] reason=microsoft_login_page_detected_after_session
[NEXT] Run: python src/run_once.py --init-session
[NEXT] Then run: python src/run_once.py
[INFO] scraped notices: 0
[WARN] Portal auth required. Session expired or login page detected.
[DEBUG] reason=microsoft_login_page_detected_after_session
[NEXT] Run: python src/run_once.py --init-session
[NEXT] Then run: python src/run_once.py
[INFO] scraped notices: 0
[WARN] Portal auth required. Session expired or login page detected.
[DEBUG] reason=microsoft_login_page_detected_after_session
[NEXT] Run: python src/run_once.py --init-session
[NEXT] Then run: python src/run_once.py
[INFO] scraped notices: 0
[WARN] Portal auth required. Session expired or login page detected.
[DEBUG] reason=microsoft_login_page_detected_after_session
[NEXT] Run: python src/run_once.py --init-session
[NEXT] Then run: python src/run_once.py
[INFO] scraped notices: 0
[WARN] Portal auth required. Session expired or login page detected.
[DEBUG] reason=microsoft_login_page_detected_after_session
[NEXT] Run: python src/run_once.py --init-session
[NEXT] Then run: python src/run_once.py
[INFO] scraped notices: 46
[INFO] created=5 updated=41
[INFO] push sent=0 failed=0 targets=0
[sample 1] 2026/07/06 10:41 | トレーニングルーム（YC）事前講習会のご案内
[sample 2] 2026/07/04 19:30 | 【参加者募集】東京湾の夜景とともに交流を楽しむ「東京都市大学校友会 ディナークルーズ2026」を開催します！
[sample 3] 2026/07/03 18:32 | 【続報】本学推奨パソコン販売サイト（加賀ソルネット(株)への不正アクセスに伴う個人情報漏洩の可能性について
[INFO] section_counts 伝言:2, 大学からのお知らせ:33, 教員からのお知らせ:4, 誰でも投稿:7
[INFO] scraped notices: 46
[INFO] created=0 updated=46
[INFO] No new notice documents. Push skipped.
[sample 1] 2026/07/06 10:41 | トレーニングルーム（YC）事前講習会のご案内
[sample 2] 2026/07/04 19:30 | 【参加者募集】東京湾の夜景とともに交流を楽しむ「東京都市大学校友会 ディナークルーズ2026」を開催します！
[sample 3] 2026/07/03 18:32 | 【続報】本学推奨パソコン販売サイト（加賀ソルネット(株)への不正アクセスに伴う個人情報漏洩の可能性について
[INFO] section_counts 伝言:2, 大学からのお知らせ:33, 教員からのお知らせ:4, 誰でも投稿:7
[INFO] scraped notices: 46
[INFO] created=0 updated=46
[INFO] No new notice documents. Push skipped.
[sample 1] 2026/07/06 10:41 | トレーニングルーム（YC）事前講習会のご案内
[sample 2] 2026/07/04 19:30 | 【参加者募集】東京湾の夜景とともに交流を楽しむ「東京都市大学校友会 ディナークルーズ2026」を開催します！
[sample 3] 2026/07/03 18:32 | 【続報】本学推奨パソコン販売サイト（加賀ソルネット(株)への不正アクセスに伴う個人情報漏洩の可能性について
[INFO] section_counts 伝言:2, 大学からのお知らせ:33, 教員からのお知らせ:4, 誰でも投稿:7
[INFO] scraped notices: 46
[INFO] created=0 updated=46
[INFO] No new notice documents. Push skipped.
[sample 1] 2026/07/06 10:41 | トレーニングルーム（YC）事前講習会のご案内
[sample 2] 2026/07/04 19:30 | 【参加者募集】東京湾の夜景とともに交流を楽しむ「東京都市大学校友会 ディナークルーズ2026」を開催します！
[sample 3] 2026/07/03 18:32 | 【続報】本学推奨パソコン販売サイト（加賀ソルネット(株)への不正アクセスに伴う個人情報漏洩の可能性について
[INFO] section_counts 伝言:2, 大学からのお知らせ:33, 教員からのお知らせ:4, 誰でも投稿:7
[INFO] scraped notices: 46
[INFO] created=1 updated=45
[INFO] push sent=0 failed=0 targets=0
[sample 1] 2026/07/06 14:26 | SCキャリアより）オンライン面談等で利用できる学内スペースのご案内と、オンライン監視型Webテスト受検時の注意について
[sample 2] 2026/07/06 10:41 | トレーニングルーム（YC）事前講習会のご案内
[sample 3] 2026/07/04 19:30 | 【参加者募集】東京湾の夜景とともに交流を楽しむ「東京都市大学校友会 ディナークルーズ2026」を開催します！
[INFO] section_counts 伝言:2, 大学からのお知らせ:33, 教員からのお知らせ:4, 誰でも投稿:7
[INFO] scraped notices: 46
[INFO] created=0 updated=46
[INFO] No new notice documents. Push skipped.
[sample 1] 2026/07/06 14:26 | SCキャリアより）オンライン面談等で利用できる学内スペースのご案内と、オンライン監視型Webテスト受検時の注意について
[sample 2] 2026/07/06 10:41 | トレーニングルーム（YC）事前講習会のご案内
[sample 3] 2026/07/04 19:30 | 【参加者募集】東京湾の夜景とともに交流を楽しむ「東京都市大学校友会 ディナークルーズ2026」を開催します！
[INFO] section_counts 伝言:2, 大学からのお知らせ:33, 教員からのお知らせ:4, 誰でも投稿:7
[INFO] scraped notices: 46
[INFO] created=0 updated=46
[INFO] No new notice documents. Push skipped.
[sample 1] 2026/07/06 14:26 | SCキャリアより）オンライン面談等で利用できる学内スペースのご案内と、オンライン監視型Webテスト受検時の注意について
[sample 2] 2026/07/06 10:41 | トレーニングルーム（YC）事前講習会のご案内
[sample 3] 2026/07/04 19:30 | 【参加者募集】東京湾の夜景とともに交流を楽しむ「東京都市大学校友会 ディナークルーズ2026」を開催します！
[INFO] section_counts 伝言:2, 大学からのお知らせ:33, 教員からのお知らせ:4, 誰でも投稿:7
[INFO] scraped notices: 0
[INFO] auth alert push sent=0 failed=0 targets=0
[WARN] Portal auth required. Session expired or login page detected.
[DEBUG] reason=login_flow_failed
[NEXT] Run: python src/run_once.py --init-session
[NEXT] Then run: python src/run_once.py
[INFO] scraped notices: 0
[WARN] Portal auth required. Session expired or login page detected.
[DEBUG] reason=microsoft_login_page_detected_after_session
[NEXT] Run: python src/run_once.py --init-session
[NEXT] Then run: python src/run_once.py
[INFO] scraped notices: 46
[INFO] created=0 updated=46
[INFO] No new notice documents. Push skipped.
[sample 1] 2026/07/06 14:26 | SCキャリアより）オンライン面談等で利用できる学内スペースのご案内と、オンライン監視型Webテスト受検時の注意について
[sample 2] 2026/07/06 10:41 | トレーニングルーム（YC）事前講習会のご案内
[sample 3] 2026/07/04 19:30 | 【参加者募集】東京湾の夜景とともに交流を楽しむ「東京都市大学校友会 ディナークルーズ2026」を開催します！
[INFO] section_counts 伝言:2, 大学からのお知らせ:33, 教員からのお知らせ:4, 誰でも投稿:7
[INFO] scraped notices: 45
[INFO] created=1 updated=44
[INFO] push sent=0 failed=0 targets=0
[sample 1] 2026/07/06 16:12 | 学生相談室だより #107『みんなはどうする？ 私はどうしたい？』（2026.7.15.）
[sample 2] 2026/07/06 14:26 | SCキャリアより）オンライン面談等で利用できる学内スペースのご案内と、オンライン監視型Webテスト受検時の注意について
[sample 3] 2026/07/06 10:41 | トレーニングルーム（YC）事前講習会のご案内
[INFO] section_counts 伝言:3, 大学からのお知らせ:31, 教員からのお知らせ:4, 誰でも投稿:7
[INFO] scraped notices: 45
[INFO] created=0 updated=45
[INFO] No new notice documents. Push skipped.
[sample 1] 2026/07/06 16:12 | 学生相談室だより #107『みんなはどうする？ 私はどうしたい？』（2026.7.15.）
[sample 2] 2026/07/06 14:26 | SCキャリアより）オンライン面談等で利用できる学内スペースのご案内と、オンライン監視型Webテスト受検時の注意について
[sample 3] 2026/07/06 10:41 | トレーニングルーム（YC）事前講習会のご案内
[INFO] section_counts 伝言:3, 大学からのお知らせ:31, 教員からのお知らせ:4, 誰でも投稿:7
[INFO] scraped notices: 0
[INFO] auth alert push sent=0 failed=0 targets=0
[WARN] Portal auth required. Session expired or login page detected.
[DEBUG] reason=microsoft_login_page_detected_after_session
[NEXT] Run: python src/run_once.py --init-session
[NEXT] Then run: python src/run_once.py
[INFO] scraped notices: 45
[INFO] created=0 updated=45
[INFO] No new notice documents. Push skipped.
[sample 1] 2026/07/06 16:12 | 学生相談室だより #107『みんなはどうする？ 私はどうしたい？』（2026.7.15.）
[sample 2] 2026/07/06 14:26 | SCキャリアより）オンライン面談等で利用できる学内スペースのご案内と、オンライン監視型Webテスト受検時の注意について
[sample 3] 2026/07/06 10:41 | トレーニングルーム（YC）事前講習会のご案内
[INFO] section_counts 伝言:3, 大学からのお知らせ:31, 教員からのお知らせ:4, 誰でも投稿:7
[INFO] scraped notices: 0
[INFO] auth alert push sent=0 failed=0 targets=0
[WARN] Portal auth required. Session expired or login page detected.
[DEBUG] reason=microsoft_login_page_detected_after_session
[NEXT] Run: python src/run_once.py --init-session
[NEXT] Then run: python src/run_once.py
[INFO] scraped notices: 0
[WARN] Portal auth required. Session expired or login page detected.
[DEBUG] reason=microsoft_login_page_detected_after_session
[NEXT] Run: python src/run_once.py --init-session
[NEXT] Then run: python src/run_once.py
[INFO] scraped notices: 0
[WARN] Portal auth required. Session expired or login page detected.
[DEBUG] reason=microsoft_login_page_detected_after_session
[NEXT] Run: python src/run_once.py --init-session
[NEXT] Then run: python src/run_once.py
[INFO] scraped notices: 0
[WARN] Portal auth required. Session expired or login page detected.
[DEBUG] reason=microsoft_login_page_detected_after_session
[NEXT] Run: python src/run_once.py --init-session
[NEXT] Then run: python src/run_once.py
[INFO] scraped notices: 0
[WARN] Portal auth required. Session expired or login page detected.
[DEBUG] reason=microsoft_login_page_detected_after_session
[NEXT] Run: python src/run_once.py --init-session
[NEXT] Then run: python src/run_once.py
[INFO] scraped notices: 0
[WARN] Portal auth required. Session expired or login page detected.
[DEBUG] reason=microsoft_login_page_detected_after_session
[NEXT] Run: python src/run_once.py --init-session
[NEXT] Then run: python src/run_once.py
[INFO] scraped notices: 0
[WARN] Portal auth required. Session expired or login page detected.
[DEBUG] reason=microsoft_login_page_detected_after_session
[NEXT] Run: python src/run_once.py --init-session
[NEXT] Then run: python src/run_once.py
[INFO] scraped notices: 0
[WARN] Portal auth required. Session expired or login page detected.
[DEBUG] reason=microsoft_login_page_detected_after_session
[NEXT] Run: python src/run_once.py --init-session
[NEXT] Then run: python src/run_once.py
[INFO] scraped notices: 0
[WARN] Portal auth required. Session expired or login page detected.
[DEBUG] reason=microsoft_login_page_detected_after_session
[NEXT] Run: python src/run_once.py --init-session
[NEXT] Then run: python src/run_once.py
[INFO] scraped notices: 0
[WARN] Portal auth required. Session expired or login page detected.
[DEBUG] reason=microsoft_login_page_detected_after_session
[NEXT] Run: python src/run_once.py --init-session
[NEXT] Then run: python src/run_once.py
[INFO] scraped notices: 0
[WARN] Portal auth required. Session expired or login page detected.
[DEBUG] reason=microsoft_login_page_detected_after_session
[NEXT] Run: python src/run_once.py --init-session
[NEXT] Then run: python src/run_once.py
[INFO] scraped notices: 0
[WARN] Portal auth required. Session expired or login page detected.
[DEBUG] reason=microsoft_login_page_detected_after_session
[NEXT] Run: python src/run_once.py --init-session
[NEXT] Then run: python src/run_once.py
[INFO] scraped notices: 0
[WARN] Portal auth required. Session expired or login page detected.
[DEBUG] reason=microsoft_login_page_detected_after_session
[NEXT] Run: python src/run_once.py --init-session
[NEXT] Then run: python src/run_once.py
[INFO] scraped notices: 45
[INFO] created=2 updated=43
[INFO] push sent=0 failed=0 targets=0
[sample 1] 2026/07/06 19:02 | 演劇サークル設立メンバー募集！！
[sample 2] 2026/07/06 19:00 | (7/6更新)キャリアより）『都市大生向け最難関企業キャリア座談会』開催のご案内【7/18(土)開催】
[sample 3] 2026/07/06 16:12 | 学生相談室だより #107『みんなはどうする？ 私はどうしたい？』（2026.7.15.）
[INFO] section_counts 伝言:3, 大学からのお知らせ:30, 教員からのお知らせ:4, 誰でも投稿:8
[INFO] scraped notices: 45
[INFO] created=0 updated=45
[INFO] No new notice documents. Push skipped.
[sample 1] 2026/07/06 19:02 | 演劇サークル設立メンバー募集！！
[sample 2] 2026/07/06 19:00 | (7/6更新)キャリアより）『都市大生向け最難関企業キャリア座談会』開催のご案内【7/18(土)開催】
[sample 3] 2026/07/06 16:12 | 学生相談室だより #107『みんなはどうする？ 私はどうしたい？』（2026.7.15.）
[INFO] section_counts 伝言:3, 大学からのお知らせ:30, 教員からのお知らせ:4, 誰でも投稿:8
[INFO] scraped notices: 45
[INFO] created=0 updated=45
[INFO] No new notice documents. Push skipped.
[sample 1] 2026/07/06 19:02 | 演劇サークル設立メンバー募集！！
[sample 2] 2026/07/06 19:00 | (7/6更新)キャリアより）『都市大生向け最難関企業キャリア座談会』開催のご案内【7/18(土)開催】
[sample 3] 2026/07/06 16:12 | 学生相談室だより #107『みんなはどうする？ 私はどうしたい？』（2026.7.15.）
[INFO] section_counts 伝言:3, 大学からのお知らせ:30, 教員からのお知らせ:4, 誰でも投稿:8
[INFO] scraped notices: 45
[INFO] created=0 updated=45
[INFO] No new notice documents. Push skipped.
[sample 1] 2026/07/06 19:02 | 演劇サークル設立メンバー募集！！
[sample 2] 2026/07/06 19:00 | (7/6更新)キャリアより）『都市大生向け最難関企業キャリア座談会』開催のご案内【7/18(土)開催】
[sample 3] 2026/07/06 16:12 | 学生相談室だより #107『みんなはどうする？ 私はどうしたい？』（2026.7.15.）
[INFO] section_counts 伝言:3, 大学からのお知らせ:30, 教員からのお知らせ:4, 誰でも投稿:8
[INFO] scraped notices: 44
[INFO] created=1 updated=43
[INFO] push sent=0 failed=0 targets=0
[sample 1] 2026/07/07 11:30 | SCキャリアより）7/15(水)今からでも間に合うインターンシップ講座（マイナビ）【対面実施】
[sample 2] 2026/07/06 19:02 | 演劇サークル設立メンバー募集！！
[sample 3] 2026/07/06 19:00 | (7/6更新)キャリアより）『都市大生向け最難関企業キャリア座談会』開催のご案内【7/18(土)開催】
[INFO] section_counts 伝言:3, 大学からのお知らせ:29, 教員からのお知らせ:4, 誰でも投稿:8
[INFO] scraped notices: 0
[INFO] auth alert push sent=0 failed=0 targets=0
[WARN] Portal auth required. Session expired or login page detected.
[DEBUG] reason=microsoft_login_page_detected_after_session
[NEXT] Run: python src/run_once.py --init-session
[NEXT] Then run: python src/run_once.py
[INFO] scraped notices: 0
[WARN] Portal auth required. Session expired or login page detected.
[DEBUG] reason=login_flow_failed
[NEXT] Run: python src/run_once.py --init-session
[NEXT] Then run: python src/run_once.py
[INFO] scraped notices: 44
[INFO] created=3 updated=41
[INFO] push sent=0 failed=0 targets=0
[sample 1] 2026/07/07 18:06 | 【重要】フィッシング詐欺によるアカウント乗っ取りにご注意ください
[sample 2] 2026/07/07 16:26 | 【注意喚起】学内外マナーについて
[sample 3] 2026/07/07 14:51 | 【図書館】展示「『WEB選書会』で選ばれた図書」のご案内
[INFO] section_counts 伝言:2, 大学からのお知らせ:30, 教員からのお知らせ:4, 誰でも投稿:8
[INFO] scraped notices: 44
[INFO] created=0 updated=44
[INFO] No new notice documents. Push skipped.
[sample 1] 2026/07/07 18:06 | 【重要】フィッシング詐欺によるアカウント乗っ取りにご注意ください
[sample 2] 2026/07/07 16:26 | 【注意喚起】学内外マナーについて
[sample 3] 2026/07/07 14:51 | 【図書館】展示「『WEB選書会』で選ばれた図書」のご案内
[INFO] section_counts 伝言:2, 大学からのお知らせ:30, 教員からのお知らせ:4, 誰でも投稿:8
[INFO] scraped notices: 44
[INFO] created=0 updated=44
[INFO] No new notice documents. Push skipped.
[sample 1] 2026/07/07 18:06 | 【重要】フィッシング詐欺によるアカウント乗っ取りにご注意ください
[sample 2] 2026/07/07 16:26 | 【注意喚起】学内外マナーについて
[sample 3] 2026/07/07 14:51 | 【図書館】展示「『WEB選書会』で選ばれた図書」のご案内
[INFO] section_counts 伝言:2, 大学からのお知らせ:30, 教員からのお知らせ:4, 誰でも投稿:8
[INFO] scraped notices: 44
[INFO] created=0 updated=44
[INFO] No new notice documents. Push skipped.
[sample 1] 2026/07/07 18:06 | 【重要】フィッシング詐欺によるアカウント乗っ取りにご注意ください
[sample 2] 2026/07/07 16:26 | 【注意喚起】学内外マナーについて
[sample 3] 2026/07/07 14:51 | 【図書館】展示「『WEB選書会』で選ばれた図書」のご案内
[INFO] section_counts 伝言:2, 大学からのお知らせ:30, 教員からのお知らせ:4, 誰でも投稿:8
[INFO] scraped notices: 0
[INFO] auth alert push sent=0 failed=0 targets=0
[WARN] Portal auth required. Session expired or login page detected.
[DEBUG] reason=microsoft_login_page_detected_after_session
[NEXT] Run: python src/run_once.py --init-session
[NEXT] Then run: python src/run_once.py
[INFO] scraped notices: 0
[WARN] Portal auth required. Session expired or login page detected.
[DEBUG] reason=login_flow_failed
[NEXT] Run: python src/run_once.py --init-session
[NEXT] Then run: python src/run_once.py
[INFO] scraped notices: 0
[WARN] Portal auth required. Session expired or login page detected.
[DEBUG] reason=microsoft_login_page_detected_after_session
[NEXT] Run: python src/run_once.py --init-session
[NEXT] Then run: python src/run_once.py
[INFO] scraped notices: 0
[WARN] Portal auth required. Session expired or login page detected.
[DEBUG] reason=microsoft_login_page_detected_after_session
[NEXT] Run: python src/run_once.py --init-session
[NEXT] Then run: python src/run_once.py
[INFO] scraped notices: 0
[WARN] Portal auth required. Session expired or login page detected.
[DEBUG] reason=microsoft_login_page_detected_after_session
[NEXT] Run: python src/run_once.py --init-session
[NEXT] Then run: python src/run_once.py
[INFO] scraped notices: 46
[INFO] created=6 updated=40
[INFO] push sent=0 failed=0 targets=0
[sample 1] 2026/07/09 14:30 | (7/9更新)キャリアより）『都市大生向け最難関企業キャリア座談会』開催のご案内【7/18(土)開催】
[sample 2] 2026/07/09 13:25 | 【環境安全】ACSESニュースレター
[sample 3] 2026/07/09 12:50 | 【環境安全】研究生活vol.25発行
[INFO] section_counts 伝言:2, 大学からのお知らせ:34, 教員からのお知らせ:2, 誰でも投稿:8
[INFO] scraped notices: 46
[INFO] created=0 updated=46
[INFO] No new notice documents. Push skipped.
[sample 1] 2026/07/09 14:30 | (7/9更新)キャリアより）『都市大生向け最難関企業キャリア座談会』開催のご案内【7/18(土)開催】
[sample 2] 2026/07/09 13:25 | 【環境安全】ACSESニュースレター
[sample 3] 2026/07/09 12:50 | 【環境安全】研究生活vol.25発行
[INFO] section_counts 伝言:2, 大学からのお知らせ:34, 教員からのお知らせ:2, 誰でも投稿:8
[INFO] scraped notices: 46
[INFO] created=0 updated=46
[INFO] No new notice documents. Push skipped.
[sample 1] 2026/07/09 14:30 | (7/9更新)キャリアより）『都市大生向け最難関企業キャリア座談会』開催のご案内【7/18(土)開催】
[sample 2] 2026/07/09 13:25 | 【環境安全】ACSESニュースレター
[sample 3] 2026/07/09 12:50 | 【環境安全】研究生活vol.25発行
[INFO] section_counts 伝言:2, 大学からのお知らせ:34, 教員からのお知らせ:2, 誰でも投稿:8
[INFO] scraped notices: 46
[INFO] created=0 updated=46
[INFO] No new notice documents. Push skipped.
[sample 1] 2026/07/09 14:30 | (7/9更新)キャリアより）『都市大生向け最難関企業キャリア座談会』開催のご案内【7/18(土)開催】
[sample 2] 2026/07/09 13:25 | 【環境安全】ACSESニュースレター
[sample 3] 2026/07/09 12:50 | 【環境安全】研究生活vol.25発行
[INFO] section_counts 伝言:2, 大学からのお知らせ:34, 教員からのお知らせ:2, 誰でも投稿:8
[INFO] scraped notices: 46
[INFO] created=0 updated=46
[INFO] No new notice documents. Push skipped.
[sample 1] 2026/07/09 14:30 | (7/9更新)キャリアより）『都市大生向け最難関企業キャリア座談会』開催のご案内【7/18(土)開催】
[sample 2] 2026/07/09 13:25 | 【環境安全】ACSESニュースレター
[sample 3] 2026/07/09 12:50 | 【環境安全】研究生活vol.25発行
[INFO] section_counts 伝言:2, 大学からのお知らせ:34, 教員からのお知らせ:2, 誰でも投稿:8
[INFO] scraped notices: 46
[INFO] created=0 updated=46
[INFO] No new notice documents. Push skipped.
[sample 1] 2026/07/09 14:30 | (7/9更新)キャリアより）『都市大生向け最難関企業キャリア座談会』開催のご案内【7/18(土)開催】
[sample 2] 2026/07/09 13:25 | 【環境安全】ACSESニュースレター
[sample 3] 2026/07/09 12:50 | 【環境安全】研究生活vol.25発行
[INFO] section_counts 伝言:2, 大学からのお知らせ:34, 教員からのお知らせ:2, 誰でも投稿:8
[INFO] scraped notices: 46
[INFO] created=0 updated=46
[INFO] No new notice documents. Push skipped.
[sample 1] 2026/07/09 14:30 | (7/9更新)キャリアより）『都市大生向け最難関企業キャリア座談会』開催のご案内【7/18(土)開催】
[sample 2] 2026/07/09 13:25 | 【環境安全】ACSESニュースレター
[sample 3] 2026/07/09 12:50 | 【環境安全】研究生活vol.25発行
[INFO] section_counts 伝言:2, 大学からのお知らせ:34, 教員からのお知らせ:2, 誰でも投稿:8
[INFO] scraped notices: 0
[INFO] auth alert push sent=0 failed=0 targets=0
[WARN] Portal auth required. Session expired or login page detected.
[DEBUG] reason=microsoft_login_page_detected_after_session
[NEXT] Run: python src/run_once.py --init-session
[NEXT] Then run: python src/run_once.py
[INFO] scraped notices: 0
[WARN] Portal auth required. Session expired or login page detected.
[DEBUG] reason=microsoft_login_page_detected_after_session
[NEXT] Run: python src/run_once.py --init-session
[NEXT] Then run: python src/run_once.py
[INFO] scraped notices: 0
[WARN] Portal auth required. Session expired or login page detected.
[DEBUG] reason=microsoft_login_page_detected_after_session
[NEXT] Run: python src/run_once.py --init-session
[NEXT] Then run: python src/run_once.py
[INFO] scraped notices: 0
[WARN] Portal auth required. Session expired or login page detected.
[DEBUG] reason=microsoft_login_page_detected_after_session
[NEXT] Run: python src/run_once.py --init-session
[NEXT] Then run: python src/run_once.py
[INFO] scraped notices: 0
[WARN] Portal auth required. Session expired or login page detected.
[DEBUG] reason=microsoft_login_page_detected_after_session
[NEXT] Run: python src/run_once.py --init-session
[NEXT] Then run: python src/run_once.py
[INFO] scraped notices: 0
[WARN] Portal auth required. Session expired or login page detected.
[DEBUG] reason=microsoft_login_page_detected_after_session
[NEXT] Run: python src/run_once.py --init-session
[NEXT] Then run: python src/run_once.py
[INFO] scraped notices: 0
[WARN] Portal auth required. Session expired or login page detected.
[DEBUG] reason=microsoft_login_page_detected_after_session
[NEXT] Run: python src/run_once.py --init-session
[NEXT] Then run: python src/run_once.py
[INFO] scraped notices: 0
[WARN] Portal auth required. Session expired or login page detected.
[DEBUG] reason=microsoft_login_page_detected_after_session
[NEXT] Run: python src/run_once.py --init-session
[NEXT] Then run: python src/run_once.py
[INFO] scraped notices: 0
[WARN] Portal auth required. Session expired or login page detected.
[DEBUG] reason=microsoft_login_page_detected_after_session
[NEXT] Run: python src/run_once.py --init-session
[NEXT] Then run: python src/run_once.py
[INFO] scraped notices: 0
[WARN] Portal auth required. Session expired or login page detected.
[DEBUG] reason=microsoft_login_page_detected_after_session
[NEXT] Run: python src/run_once.py --init-session
[NEXT] Then run: python src/run_once.py
[INFO] scraped notices: 0
[WARN] Portal auth required. Session expired or login page detected.
[DEBUG] reason=microsoft_login_page_detected_after_session
[NEXT] Run: python src/run_once.py --init-session
[NEXT] Then run: python src/run_once.py
[INFO] scraped notices: 0
[WARN] Portal auth required. Session expired or login page detected.
[DEBUG] reason=microsoft_login_page_detected_after_session
[NEXT] Run: python src/run_once.py --init-session
[NEXT] Then run: python src/run_once.py
[INFO] scraped notices: 0
[WARN] Portal auth required. Session expired or login page detected.
[DEBUG] reason=microsoft_login_page_detected_after_session
[NEXT] Run: python src/run_once.py --init-session
[NEXT] Then run: python src/run_once.py
[INFO] scraped notices: 0
[WARN] Portal auth required. Session expired or login page detected.
[DEBUG] reason=microsoft_login_page_detected_after_session
[NEXT] Run: python src/run_once.py --init-session
[NEXT] Then run: python src/run_once.py
[INFO] scraped notices: 46
[INFO] created=1 updated=45
[INFO] push sent=0 failed=0 targets=0
[sample 1] 2026/07/09 20:06 | 作業連絡：世田谷キャンパス 設備点検作業等の予定について
[sample 2] 2026/07/09 14:30 | (7/9更新)キャリアより）『都市大生向け最難関企業キャリア座談会』開催のご案内【7/18(土)開催】
[sample 3] 2026/07/09 13:25 | 【環境安全】ACSESニュースレター
[INFO] section_counts 伝言:2, 大学からのお知らせ:35, 教員からのお知らせ:2, 誰でも投稿:7
[INFO] scraped notices: 46
[INFO] created=0 updated=46
[INFO] No new notice documents. Push skipped.
[sample 1] 2026/07/09 20:06 | 作業連絡：世田谷キャンパス 設備点検作業等の予定について
[sample 2] 2026/07/09 14:30 | (7/9更新)キャリアより）『都市大生向け最難関企業キャリア座談会』開催のご案内【7/18(土)開催】
[sample 3] 2026/07/09 13:25 | 【環境安全】ACSESニュースレター
[INFO] section_counts 伝言:2, 大学からのお知らせ:35, 教員からのお知らせ:2, 誰でも投稿:7
[INFO] scraped notices: 46
[INFO] created=0 updated=46
[INFO] No new notice documents. Push skipped.
[sample 1] 2026/07/09 20:06 | 作業連絡：世田谷キャンパス 設備点検作業等の予定について
[sample 2] 2026/07/09 14:30 | (7/9更新)キャリアより）『都市大生向け最難関企業キャリア座談会』開催のご案内【7/18(土)開催】
[sample 3] 2026/07/09 13:25 | 【環境安全】ACSESニュースレター
[INFO] section_counts 伝言:2, 大学からのお知らせ:35, 教員からのお知らせ:2, 誰でも投稿:7
[INFO] scraped notices: 0
[INFO] auth alert push sent=0 failed=0 targets=0
[WARN] Portal auth required. Session expired or login page detected.
[DEBUG] reason=login_flow_failed
[NEXT] Run: python src/run_once.py --init-session
[NEXT] Then run: python src/run_once.py
[INFO] scraped notices: 0
[WARN] Portal auth required. Session expired or login page detected.
[DEBUG] reason=microsoft_login_page_detected_after_session
[NEXT] Run: python src/run_once.py --init-session
[NEXT] Then run: python src/run_once.py
[INFO] scraped notices: 0
[WARN] Portal auth required. Session expired or login page detected.
[DEBUG] reason=microsoft_login_page_detected_after_session
[NEXT] Run: python src/run_once.py --init-session
[NEXT] Then run: python src/run_once.py
[INFO] scraped notices: 0
[WARN] Portal auth required. Session expired or login page detected.
[DEBUG] reason=microsoft_login_page_detected_after_session
[NEXT] Run: python src/run_once.py --init-session
[NEXT] Then run: python src/run_once.py
[INFO] scraped notices: 0
[WARN] Portal auth required. Session expired or login page detected.
[DEBUG] reason=microsoft_login_page_detected_after_session
[NEXT] Run: python src/run_once.py --init-session
[NEXT] Then run: python src/run_once.py
[INFO] scraped notices: 0
[WARN] Portal auth required. Session expired or login page detected.
[DEBUG] reason=microsoft_login_page_detected_after_session
[NEXT] Run: python src/run_once.py --init-session
[NEXT] Then run: python src/run_once.py
[INFO] scraped notices: 0
[WARN] Portal auth required. Session expired or login page detected.
[DEBUG] reason=microsoft_login_page_detected_after_session
[NEXT] Run: python src/run_once.py --init-session
[NEXT] Then run: python src/run_once.py
[INFO] scraped notices: 0
[WARN] Portal auth required. Session expired or login page detected.
[DEBUG] reason=microsoft_login_page_detected_after_session
[NEXT] Run: python src/run_once.py --init-session
[NEXT] Then run: python src/run_once.py
[INFO] scraped notices: 0
[WARN] Portal auth required. Session expired or login page detected.
[DEBUG] reason=microsoft_login_page_detected_after_session
[NEXT] Run: python src/run_once.py --init-session
[NEXT] Then run: python src/run_once.py
[INFO] scraped notices: 0
[WARN] Portal auth required. Session expired or login page detected.
[DEBUG] reason=microsoft_login_page_detected_after_session
[NEXT] Run: python src/run_once.py --init-session
[NEXT] Then run: python src/run_once.py
[INFO] scraped notices: 0
[WARN] Portal auth required. Session expired or login page detected.
[DEBUG] reason=microsoft_login_page_detected_after_session
[NEXT] Run: python src/run_once.py --init-session
[NEXT] Then run: python src/run_once.py
[INFO] scraped notices: 0
[WARN] Portal auth required. Session expired or login page detected.
[DEBUG] reason=microsoft_login_page_detected_after_session
[NEXT] Run: python src/run_once.py --init-session
[NEXT] Then run: python src/run_once.py
[INFO] scraped notices: 0
[WARN] Portal auth required. Session expired or login page detected.
[DEBUG] reason=microsoft_login_page_detected_after_session
[NEXT] Run: python src/run_once.py --init-session
[NEXT] Then run: python src/run_once.py
[INFO] scraped notices: 0
[WARN] Portal auth required. Session expired or login page detected.
[DEBUG] reason=microsoft_login_page_detected_after_session
[NEXT] Run: python src/run_once.py --init-session
[NEXT] Then run: python src/run_once.py
[INFO] scraped notices: 0
[WARN] Portal auth required. Session expired or login page detected.
[DEBUG] reason=microsoft_login_page_detected_after_session
[NEXT] Run: python src/run_once.py --init-session
[NEXT] Then run: python src/run_once.py
[INFO] scraped notices: 0
[WARN] Portal auth required. Session expired or login page detected.
[DEBUG] reason=microsoft_login_page_detected_after_session
[NEXT] Run: python src/run_once.py --init-session
[NEXT] Then run: python src/run_once.py
[INFO] scraped notices: 0
[WARN] Portal auth required. Session expired or login page detected.
[DEBUG] reason=microsoft_login_page_detected_after_session
[NEXT] Run: python src/run_once.py --init-session
[NEXT] Then run: python src/run_once.py
[INFO] scraped notices: 0
[WARN] Portal auth required. Session expired or login page detected.
[DEBUG] reason=microsoft_login_page_detected_after_session
[NEXT] Run: python src/run_once.py --init-session
[NEXT] Then run: python src/run_once.py
[INFO] scraped notices: 0
[WARN] Portal auth required. Session expired or login page detected.
[DEBUG] reason=microsoft_login_page_detected_after_session
[NEXT] Run: python src/run_once.py --init-session
[NEXT] Then run: python src/run_once.py
[INFO] scraped notices: 0
[WARN] Portal auth required. Session expired or login page detected.
[DEBUG] reason=microsoft_login_page_detected_after_session
[NEXT] Run: python src/run_once.py --init-session
[NEXT] Then run: python src/run_once.py
[INFO] scraped notices: 0
[WARN] Portal auth required. Session expired or login page detected.
[DEBUG] reason=microsoft_login_page_detected_after_session
[NEXT] Run: python src/run_once.py --init-session
[NEXT] Then run: python src/run_once.py
[INFO] scraped notices: 0
[WARN] Portal auth required. Session expired or login page detected.
[DEBUG] reason=microsoft_login_page_detected_after_session
[NEXT] Run: python src/run_once.py --init-session
[NEXT] Then run: python src/run_once.py
[INFO] scraped notices: 0
[WARN] Portal auth required. Session expired or login page detected.
[DEBUG] reason=microsoft_login_page_detected_after_session
[NEXT] Run: python src/run_once.py --init-session
[NEXT] Then run: python src/run_once.py
[INFO] scraped notices: 0
[WARN] Portal auth required. Session expired or login page detected.
[DEBUG] reason=microsoft_login_page_detected_after_session
[NEXT] Run: python src/run_once.py --init-session
[NEXT] Then run: python src/run_once.py
[INFO] scraped notices: 0
[WARN] Portal auth required. Session expired or login page detected.
[DEBUG] reason=microsoft_login_page_detected_after_session
[NEXT] Run: python src/run_once.py --init-session
[NEXT] Then run: python src/run_once.py
[INFO] scraped notices: 0
[WARN] Portal auth required. Session expired or login page detected.
[DEBUG] reason=microsoft_login_page_detected_after_session
[NEXT] Run: python src/run_once.py --init-session
[NEXT] Then run: python src/run_once.py
[INFO] scraped notices: 0
[WARN] Portal auth required. Session expired or login page detected.
[DEBUG] reason=microsoft_login_page_detected_after_session
[NEXT] Run: python src/run_once.py --init-session
[NEXT] Then run: python src/run_once.py
[INFO] scraped notices: 0
[WARN] Portal auth required. Session expired or login page detected.
[DEBUG] reason=microsoft_login_page_detected_after_session
[NEXT] Run: python src/run_once.py --init-session
[NEXT] Then run: python src/run_once.py
[INFO] scraped notices: 0
[WARN] Portal auth required. Session expired or login page detected.
[DEBUG] reason=microsoft_login_page_detected_after_session
[NEXT] Run: python src/run_once.py --init-session
[NEXT] Then run: python src/run_once.py
[INFO] scraped notices: 0
[WARN] Portal auth required. Session expired or login page detected.
[DEBUG] reason=microsoft_login_page_detected_after_session
[NEXT] Run: python src/run_once.py --init-session
[NEXT] Then run: python src/run_once.py
[INFO] scraped notices: 0
[WARN] Portal auth required. Session expired or login page detected.
[DEBUG] reason=microsoft_login_page_detected_after_session
[NEXT] Run: python src/run_once.py --init-session
[NEXT] Then run: python src/run_once.py
[INFO] scraped notices: 0
[WARN] Portal auth required. Session expired or login page detected.
[DEBUG] reason=microsoft_login_page_detected_after_session
[NEXT] Run: python src/run_once.py --init-session
[NEXT] Then run: python src/run_once.py
[INFO] scraped notices: 0
[WARN] Portal auth required. Session expired or login page detected.
[DEBUG] reason=microsoft_login_page_detected_after_session
[NEXT] Run: python src/run_once.py --init-session
[NEXT] Then run: python src/run_once.py
[INFO] scraped notices: 0
[WARN] Portal auth required. Session expired or login page detected.
[DEBUG] reason=microsoft_login_page_detected_after_session
[NEXT] Run: python src/run_once.py --init-session
[NEXT] Then run: python src/run_once.py
[INFO] scraped notices: 0
[WARN] Portal auth required. Session expired or login page detected.
[DEBUG] reason=microsoft_login_page_detected_after_session
[NEXT] Run: python src/run_once.py --init-session
[NEXT] Then run: python src/run_once.py
[INFO] scraped notices: 0
[WARN] Portal auth required. Session expired or login page detected.
[DEBUG] reason=microsoft_login_page_detected_after_session
[NEXT] Run: python src/run_once.py --init-session
[NEXT] Then run: python src/run_once.py
[INFO] scraped notices: 0
[WARN] Portal auth required. Session expired or login page detected.
[DEBUG] reason=microsoft_login_page_detected_after_session
[NEXT] Run: python src/run_once.py --init-session
[NEXT] Then run: python src/run_once.py
[INFO] scraped notices: 0
[WARN] Portal auth required. Session expired or login page detected.
[DEBUG] reason=microsoft_login_page_detected_after_session
[NEXT] Run: python src/run_once.py --init-session
[NEXT] Then run: python src/run_once.py
[INFO] scraped notices: 0
[WARN] Portal auth required. Session expired or login page detected.
[DEBUG] reason=microsoft_login_page_detected_after_session
[NEXT] Run: python src/run_once.py --init-session
[NEXT] Then run: python src/run_once.py
[INFO] scraped notices: 0
[WARN] Portal auth required. Session expired or login page detected.
[DEBUG] reason=microsoft_login_page_detected_after_session
[NEXT] Run: python src/run_once.py --init-session
[NEXT] Then run: python src/run_once.py
[INFO] scraped notices: 0
[WARN] Portal auth required. Session expired or login page detected.
[DEBUG] reason=microsoft_login_page_detected_after_session
[NEXT] Run: python src/run_once.py --init-session
[NEXT] Then run: python src/run_once.py
[INFO] scraped notices: 0
[WARN] Portal auth required. Session expired or login page detected.
[DEBUG] reason=microsoft_login_page_detected_after_session
[NEXT] Run: python src/run_once.py --init-session
[NEXT] Then run: python src/run_once.py
[INFO] scraped notices: 0
[WARN] Portal auth required. Session expired or login page detected.
[DEBUG] reason=microsoft_login_page_detected_after_session
[NEXT] Run: python src/run_once.py --init-session
[NEXT] Then run: python src/run_once.py
[INFO] scraped notices: 0
[WARN] Portal auth required. Session expired or login page detected.
[DEBUG] reason=microsoft_login_page_detected_after_session
[NEXT] Run: python src/run_once.py --init-session
[NEXT] Then run: python src/run_once.py
[INFO] scraped notices: 0
[WARN] Portal auth required. Session expired or login page detected.
[DEBUG] reason=microsoft_login_page_detected_after_session
[NEXT] Run: python src/run_once.py --init-session
[NEXT] Then run: python src/run_once.py
[INFO] scraped notices: 0
[WARN] Portal auth required. Session expired or login page detected.
[DEBUG] reason=microsoft_login_page_detected_after_session
[NEXT] Run: python src/run_once.py --init-session
[NEXT] Then run: python src/run_once.py
[INFO] scraped notices: 0
[WARN] Portal auth required. Session expired or login page detected.
[DEBUG] reason=microsoft_login_page_detected_after_session
[NEXT] Run: python src/run_once.py --init-session
[NEXT] Then run: python src/run_once.py
[INFO] scraped notices: 0
[WARN] Portal auth required. Session expired or login page detected.
[DEBUG] reason=microsoft_login_page_detected_after_session
[NEXT] Run: python src/run_once.py --init-session
[NEXT] Then run: python src/run_once.py
[INFO] scraped notices: 0
[WARN] Portal auth required. Session expired or login page detected.
[DEBUG] reason=microsoft_login_page_detected_after_session
[NEXT] Run: python src/run_once.py --init-session
[NEXT] Then run: python src/run_once.py
[INFO] scraped notices: 0
[WARN] Portal auth required. Session expired or login page detected.
[DEBUG] reason=microsoft_login_page_detected_after_session
[NEXT] Run: python src/run_once.py --init-session
[NEXT] Then run: python src/run_once.py
[INFO] scraped notices: 0
[WARN] Portal auth required. Session expired or login page detected.
[DEBUG] reason=microsoft_login_page_detected_after_session
[NEXT] Run: python src/run_once.py --init-session
[NEXT] Then run: python src/run_once.py
[INFO] scraped notices: 0
[WARN] Portal auth required. Session expired or login page detected.
[DEBUG] reason=microsoft_login_page_detected_after_session
[NEXT] Run: python src/run_once.py --init-session
[NEXT] Then run: python src/run_once.py
[INFO] scraped notices: 0
[WARN] Portal auth required. Session expired or login page detected.
[DEBUG] reason=microsoft_login_page_detected_after_session
[NEXT] Run: python src/run_once.py --init-session
[NEXT] Then run: python src/run_once.py
[INFO] scraped notices: 0
[WARN] Portal auth required. Session expired or login page detected.
[DEBUG] reason=microsoft_login_page_detected_after_session
[NEXT] Run: python src/run_once.py --init-session
[NEXT] Then run: python src/run_once.py
[INFO] scraped notices: 0
[WARN] Portal auth required. Session expired or login page detected.
[DEBUG] reason=microsoft_login_page_detected_after_session
[NEXT] Run: python src/run_once.py --init-session
[NEXT] Then run: python src/run_once.py
[INFO] scraped notices: 0
[WARN] Portal auth required. Session expired or login page detected.
[DEBUG] reason=microsoft_login_page_detected_after_session
[NEXT] Run: python src/run_once.py --init-session
[NEXT] Then run: python src/run_once.py
[INFO] scraped notices: 0
[WARN] Portal auth required. Session expired or login page detected.
[DEBUG] reason=microsoft_login_page_detected_after_session
[NEXT] Run: python src/run_once.py --init-session
[NEXT] Then run: python src/run_once.py
[INFO] scraped notices: 0
[WARN] Portal auth required. Session expired or login page detected.
[DEBUG] reason=microsoft_login_page_detected_after_session
[NEXT] Run: python src/run_once.py --init-session
[NEXT] Then run: python src/run_once.py
[INFO] scraped notices: 0
[WARN] Portal auth required. Session expired or login page detected.
[DEBUG] reason=microsoft_login_page_detected_after_session
[NEXT] Run: python src/run_once.py --init-session
[NEXT] Then run: python src/run_once.py
[INFO] scraped notices: 0
[WARN] Portal auth required. Session expired or login page detected.
[DEBUG] reason=microsoft_login_page_detected_after_session
[NEXT] Run: python src/run_once.py --init-session
[NEXT] Then run: python src/run_once.py
[INFO] scraped notices: 0
[WARN] Portal auth required. Session expired or login page detected.
[DEBUG] reason=microsoft_login_page_detected_after_session
[NEXT] Run: python src/run_once.py --init-session
[NEXT] Then run: python src/run_once.py
[INFO] scraped notices: 0
[WARN] Portal auth required. Session expired or login page detected.
[DEBUG] reason=microsoft_login_page_detected_after_session
[NEXT] Run: python src/run_once.py --init-session
[NEXT] Then run: python src/run_once.py
[INFO] scraped notices: 0
[WARN] Portal auth required. Session expired or login page detected.
[DEBUG] reason=microsoft_login_page_detected_after_session
[NEXT] Run: python src/run_once.py --init-session
[NEXT] Then run: python src/run_once.py
[INFO] scraped notices: 0
[WARN] Portal auth required. Session expired or login page detected.
[DEBUG] reason=microsoft_login_page_detected_after_session
[NEXT] Run: python src/run_once.py --init-session
[NEXT] Then run: python src/run_once.py
[INFO] scraped notices: 0
[WARN] Portal auth required. Session expired or login page detected.
[DEBUG] reason=microsoft_login_page_detected_after_session
[NEXT] Run: python src/run_once.py --init-session
[NEXT] Then run: python src/run_once.py
[INFO] scraped notices: 0
[WARN] Portal auth required. Session expired or login page detected.
[DEBUG] reason=microsoft_login_page_detected_after_session
[NEXT] Run: python src/run_once.py --init-session
[NEXT] Then run: python src/run_once.py
[INFO] scraped notices: 0
[WARN] Portal auth required. Session expired or login page detected.
[DEBUG] reason=microsoft_login_page_detected_after_session
[NEXT] Run: python src/run_once.py --init-session
[NEXT] Then run: python src/run_once.py
[INFO] scraped notices: 0
[WARN] Portal auth required. Session expired or login page detected.
[DEBUG] reason=microsoft_login_page_detected_after_session
[NEXT] Run: python src/run_once.py --init-session
[NEXT] Then run: python src/run_once.py
[INFO] scraped notices: 0
[WARN] Portal auth required. Session expired or login page detected.
[DEBUG] reason=microsoft_login_page_detected_after_session
[NEXT] Run: python src/run_once.py --init-session
[NEXT] Then run: python src/run_once.py
[INFO] scraped notices: 0
[WARN] Portal auth required. Session expired or login page detected.
[DEBUG] reason=microsoft_login_page_detected_after_session
[NEXT] Run: python src/run_once.py --init-session
[NEXT] Then run: python src/run_once.py
[INFO] scraped notices: 0
[WARN] Portal auth required. Session expired or login page detected.
[DEBUG] reason=microsoft_login_page_detected_after_session
[NEXT] Run: python src/run_once.py --init-session
[NEXT] Then run: python src/run_once.py
[INFO] scraped notices: 0
[WARN] Portal auth required. Session expired or login page detected.
[DEBUG] reason=microsoft_login_page_detected_after_session
[NEXT] Run: python src/run_once.py --init-session
[NEXT] Then run: python src/run_once.py
[INFO] scraped notices: 0
[WARN] Portal auth required. Session expired or login page detected.
[DEBUG] reason=microsoft_login_page_detected_after_session
[NEXT] Run: python src/run_once.py --init-session
[NEXT] Then run: python src/run_once.py
[INFO] scraped notices: 0
[WARN] Portal auth required. Session expired or login page detected.
[DEBUG] reason=microsoft_login_page_detected_after_session
[NEXT] Run: python src/run_once.py --init-session
[NEXT] Then run: python src/run_once.py
[INFO] scraped notices: 0
[WARN] Portal auth required. Session expired or login page detected.
[DEBUG] reason=microsoft_login_page_detected_after_session
[NEXT] Run: python src/run_once.py --init-session
[NEXT] Then run: python src/run_once.py
[INFO] scraped notices: 0
[WARN] Portal auth required. Session expired or login page detected.
[DEBUG] reason=microsoft_login_page_detected_after_session
[NEXT] Run: python src/run_once.py --init-session
[NEXT] Then run: python src/run_once.py
[INFO] scraped notices: 0
[WARN] Portal auth required. Session expired or login page detected.
[DEBUG] reason=microsoft_login_page_detected_after_session
[NEXT] Run: python src/run_once.py --init-session
[NEXT] Then run: python src/run_once.py
[INFO] scraped notices: 0
[WARN] Portal auth required. Session expired or login page detected.
[DEBUG] reason=microsoft_login_page_detected_after_session
[NEXT] Run: python src/run_once.py --init-session
[NEXT] Then run: python src/run_once.py
[INFO] scraped notices: 0
[WARN] Portal auth required. Session expired or login page detected.
[DEBUG] reason=microsoft_login_page_detected_after_session
[NEXT] Run: python src/run_once.py --init-session
[NEXT] Then run: python src/run_once.py
[INFO] scraped notices: 0
[WARN] Portal auth required. Session expired or login page detected.
[DEBUG] reason=microsoft_login_page_detected_after_session
[NEXT] Run: python src/run_once.py --init-session
[NEXT] Then run: python src/run_once.py
[INFO] scraped notices: 0
[WARN] Portal auth required. Session expired or login page detected.
[DEBUG] reason=microsoft_login_page_detected_after_session
[NEXT] Run: python src/run_once.py --init-session
[NEXT] Then run: python src/run_once.py
[INFO] scraped notices: 0
[WARN] Portal auth required. Session expired or login page detected.
[DEBUG] reason=microsoft_login_page_detected_after_session
[NEXT] Run: python src/run_once.py --init-session
[NEXT] Then run: python src/run_once.py
[INFO] scraped notices: 0
[WARN] Portal auth required. Session expired or login page detected.
[DEBUG] reason=microsoft_login_page_detected_after_session
[NEXT] Run: python src/run_once.py --init-session
[NEXT] Then run: python src/run_once.py
[INFO] scraped notices: 0
[WARN] Portal auth required. Session expired or login page detected.
[DEBUG] reason=microsoft_login_page_detected_after_session
[NEXT] Run: python src/run_once.py --init-session
[NEXT] Then run: python src/run_once.py
[INFO] scraped notices: 0
[WARN] Portal auth required. Session expired or login page detected.
[DEBUG] reason=microsoft_login_page_detected_after_session
[NEXT] Run: python src/run_once.py --init-session
[NEXT] Then run: python src/run_once.py
[INFO] scraped notices: 0
[WARN] Portal auth required. Session expired or login page detected.
[DEBUG] reason=microsoft_login_page_detected_after_session
[NEXT] Run: python src/run_once.py --init-session
[NEXT] Then run: python src/run_once.py
[INFO] scraped notices: 0
[WARN] Portal auth required. Session expired or login page detected.
[DEBUG] reason=microsoft_login_page_detected_after_session
[NEXT] Run: python src/run_once.py --init-session
[NEXT] Then run: python src/run_once.py
[INFO] scraped notices: 0
[WARN] Portal auth required. Session expired or login page detected.
[DEBUG] reason=microsoft_login_page_detected_after_session
[NEXT] Run: python src/run_once.py --init-session
[NEXT] Then run: python src/run_once.py
[INFO] scraped notices: 0
[WARN] Portal auth required. Session expired or login page detected.
[DEBUG] reason=microsoft_login_page_detected_after_session
[NEXT] Run: python src/run_once.py --init-session
[NEXT] Then run: python src/run_once.py
[INFO] scraped notices: 0
[WARN] Portal auth required. Session expired or login page detected.
[DEBUG] reason=microsoft_login_page_detected_after_session
[NEXT] Run: python src/run_once.py --init-session
[NEXT] Then run: python src/run_once.py
[INFO] scraped notices: 0
[WARN] Portal auth required. Session expired or login page detected.
[DEBUG] reason=microsoft_login_page_detected_after_session
[NEXT] Run: python src/run_once.py --init-session
[NEXT] Then run: python src/run_once.py
[INFO] scraped notices: 0
[WARN] Portal auth required. Session expired or login page detected.
[DEBUG] reason=microsoft_login_page_detected_after_session
[NEXT] Run: python src/run_once.py --init-session
[NEXT] Then run: python src/run_once.py
[INFO] scraped notices: 0
[WARN] Portal auth required. Session expired or login page detected.
[DEBUG] reason=microsoft_login_page_detected_after_session
[NEXT] Run: python src/run_once.py --init-session
[NEXT] Then run: python src/run_once.py
[INFO] scraped notices: 0
[WARN] Portal auth required. Session expired or login page detected.
[DEBUG] reason=microsoft_login_page_detected_after_session
[NEXT] Run: python src/run_once.py --init-session
[NEXT] Then run: python src/run_once.py
[INFO] scraped notices: 0
[WARN] Portal auth required. Session expired or login page detected.
[DEBUG] reason=microsoft_login_page_detected_after_session
[NEXT] Run: python src/run_once.py --init-session
[NEXT] Then run: python src/run_once.py
[INFO] scraped notices: 0
[WARN] Portal auth required. Session expired or login page detected.
[DEBUG] reason=microsoft_login_page_detected_after_session
[NEXT] Run: python src/run_once.py --init-session
[NEXT] Then run: python src/run_once.py
[INFO] scraped notices: 0
[WARN] Portal auth required. Session expired or login page detected.
[DEBUG] reason=microsoft_login_page_detected_after_session
[NEXT] Run: python src/run_once.py --init-session
[NEXT] Then run: python src/run_once.py
[INFO] scraped notices: 0
[WARN] Portal auth required. Session expired or login page detected.
[DEBUG] reason=microsoft_login_page_detected_after_session
[NEXT] Run: python src/run_once.py --init-session
[NEXT] Then run: python src/run_once.py
[INFO] scraped notices: 0
[WARN] Portal auth required. Session expired or login page detected.
[DEBUG] reason=microsoft_login_page_detected_after_session
[NEXT] Run: python src/run_once.py --init-session
[NEXT] Then run: python src/run_once.py
[INFO] scraped notices: 0
[WARN] Portal auth required. Session expired or login page detected.
[DEBUG] reason=microsoft_login_page_detected_after_session
[NEXT] Run: python src/run_once.py --init-session
[NEXT] Then run: python src/run_once.py
[INFO] scraped notices: 0
[WARN] Portal auth required. Session expired or login page detected.
[DEBUG] reason=microsoft_login_page_detected_after_session
[NEXT] Run: python src/run_once.py --init-session
[NEXT] Then run: python src/run_once.py
[INFO] scraped notices: 0
[WARN] Portal auth required. Session expired or login page detected.
[DEBUG] reason=microsoft_login_page_detected_after_session
[NEXT] Run: python src/run_once.py --init-session
[NEXT] Then run: python src/run_once.py
[INFO] scraped notices: 0
[WARN] Portal auth required. Session expired or login page detected.
[DEBUG] reason=microsoft_login_page_detected_after_session
[NEXT] Run: python src/run_once.py --init-session
[NEXT] Then run: python src/run_once.py
[INFO] scraped notices: 0
[WARN] Portal auth required. Session expired or login page detected.
[DEBUG] reason=microsoft_login_page_detected_after_session
[NEXT] Run: python src/run_once.py --init-session
[NEXT] Then run: python src/run_once.py
[INFO] scraped notices: 0
[WARN] Portal auth required. Session expired or login page detected.
[DEBUG] reason=microsoft_login_page_detected_after_session
[NEXT] Run: python src/run_once.py --init-session
[NEXT] Then run: python src/run_once.py
[INFO] scraped notices: 0
[WARN] Portal auth required. Session expired or login page detected.
[DEBUG] reason=microsoft_login_page_detected_after_session
[NEXT] Run: python src/run_once.py --init-session
[NEXT] Then run: python src/run_once.py
[INFO] scraped notices: 0
[WARN] Portal auth required. Session expired or login page detected.
[DEBUG] reason=microsoft_login_page_detected_after_session
[NEXT] Run: python src/run_once.py --init-session
[NEXT] Then run: python src/run_once.py
[INFO] scraped notices: 0
[WARN] Portal auth required. Session expired or login page detected.
[DEBUG] reason=microsoft_login_page_detected_after_session
[NEXT] Run: python src/run_once.py --init-session
[NEXT] Then run: python src/run_once.py
[INFO] scraped notices: 0
[WARN] Portal auth required. Session expired or login page detected.
[DEBUG] reason=microsoft_login_page_detected_after_session
[NEXT] Run: python src/run_once.py --init-session
[NEXT] Then run: python src/run_once.py
[INFO] scraped notices: 0
[WARN] Portal auth required. Session expired or login page detected.
[DEBUG] reason=microsoft_login_page_detected_after_session
[NEXT] Run: python src/run_once.py --init-session
[NEXT] Then run: python src/run_once.py
[INFO] scraped notices: 0
[WARN] Portal auth required. Session expired or login page detected.
[DEBUG] reason=microsoft_login_page_detected_after_session
[NEXT] Run: python src/run_once.py --init-session
[NEXT] Then run: python src/run_once.py
[INFO] scraped notices: 0
[WARN] Portal auth required. Session expired or login page detected.
[DEBUG] reason=microsoft_login_page_detected_after_session
[NEXT] Run: python src/run_once.py --init-session
[NEXT] Then run: python src/run_once.py
[INFO] scraped notices: 0
[WARN] Portal auth required. Session expired or login page detected.
[DEBUG] reason=microsoft_login_page_detected_after_session
[NEXT] Run: python src/run_once.py --init-session
[NEXT] Then run: python src/run_once.py
[INFO] scraped notices: 0
[WARN] Portal auth required. Session expired or login page detected.
[DEBUG] reason=microsoft_login_page_detected_after_session
[NEXT] Run: python src/run_once.py --init-session
[NEXT] Then run: python src/run_once.py
[INFO] scraped notices: 0
[WARN] Portal auth required. Session expired or login page detected.
[DEBUG] reason=microsoft_login_page_detected_after_session
[NEXT] Run: python src/run_once.py --init-session
[NEXT] Then run: python src/run_once.py
[INFO] scraped notices: 0
[WARN] Portal auth required. Session expired or login page detected.
[DEBUG] reason=microsoft_login_page_detected_after_session
[NEXT] Run: python src/run_once.py --init-session
[NEXT] Then run: python src/run_once.py
[INFO] scraped notices: 0
[WARN] Portal auth required. Session expired or login page detected.
[DEBUG] reason=microsoft_login_page_detected_after_session
[NEXT] Run: python src/run_once.py --init-session
[NEXT] Then run: python src/run_once.py
[INFO] scraped notices: 0
[WARN] Portal auth required. Session expired or login page detected.
[DEBUG] reason=microsoft_login_page_detected_after_session
[NEXT] Run: python src/run_once.py --init-session
[NEXT] Then run: python src/run_once.py
[INFO] scraped notices: 0
[WARN] Portal auth required. Session expired or login page detected.
[DEBUG] reason=microsoft_login_page_detected_after_session
[NEXT] Run: python src/run_once.py --init-session
[NEXT] Then run: python src/run_once.py
[INFO] scraped notices: 0
[WARN] Portal auth required. Session expired or login page detected.
[DEBUG] reason=microsoft_login_page_detected_after_session
[NEXT] Run: python src/run_once.py --init-session
[NEXT] Then run: python src/run_once.py
[INFO] scraped notices: 0
[WARN] Portal auth required. Session expired or login page detected.
[DEBUG] reason=microsoft_login_page_detected_after_session
[NEXT] Run: python src/run_once.py --init-session
[NEXT] Then run: python src/run_once.py
[INFO] scraped notices: 0
[WARN] Portal auth required. Session expired or login page detected.
[DEBUG] reason=microsoft_login_page_detected_after_session
[NEXT] Run: python src/run_once.py --init-session
[NEXT] Then run: python src/run_once.py
[INFO] scraped notices: 0
[WARN] Portal auth required. Session expired or login page detected.
[DEBUG] reason=microsoft_login_page_detected_after_session
[NEXT] Run: python src/run_once.py --init-session
[NEXT] Then run: python src/run_once.py
[INFO] scraped notices: 0
[WARN] Portal auth required. Session expired or login page detected.
[DEBUG] reason=microsoft_login_page_detected_after_session
[NEXT] Run: python src/run_once.py --init-session
[NEXT] Then run: python src/run_once.py
[INFO] scraped notices: 0
[WARN] Portal auth required. Session expired or login page detected.
[DEBUG] reason=microsoft_login_page_detected_after_session
[NEXT] Run: python src/run_once.py --init-session
[NEXT] Then run: python src/run_once.py
[INFO] scraped notices: 0
[WARN] Portal auth required. Session expired or login page detected.
[DEBUG] reason=microsoft_login_page_detected_after_session
[NEXT] Run: python src/run_once.py --init-session
[NEXT] Then run: python src/run_once.py
[INFO] scraped notices: 0
[WARN] Portal auth required. Session expired or login page detected.
[DEBUG] reason=microsoft_login_page_detected_after_session
[NEXT] Run: python src/run_once.py --init-session
[NEXT] Then run: python src/run_once.py
[INFO] scraped notices: 0
[WARN] Portal auth required. Session expired or login page detected.
[DEBUG] reason=microsoft_login_page_detected_after_session
[NEXT] Run: python src/run_once.py --init-session
[NEXT] Then run: python src/run_once.py
[INFO] scraped notices: 0
[WARN] Portal auth required. Session expired or login page detected.
[DEBUG] reason=microsoft_login_page_detected_after_session
[NEXT] Run: python src/run_once.py --init-session
[NEXT] Then run: python src/run_once.py
[INFO] scraped notices: 0
[WARN] Portal auth required. Session expired or login page detected.
[DEBUG] reason=microsoft_login_page_detected_after_session
[NEXT] Run: python src/run_once.py --init-session
[NEXT] Then run: python src/run_once.py
[INFO] scraped notices: 47
[INFO] created=4 updated=43
[INFO] push sent=0 failed=0 targets=0
[sample 1] 2026/07/13 12:19 | PCのバッテリーを長持ちさせるために
[sample 2] 2026/07/13 12:07 | SCキャリアより）7/15(水)3限 今からでも間に合うインターンシップ講座（マイナビ）【対面実施】
[sample 3] 2026/07/13 10:00 | (7/13更新)キャリアより）『都市大生向け最難関企業キャリア座談会』開催のご案内【7/18(土)開催】
[INFO] section_counts 伝言:2, 大学からのお知らせ:35, 教員からのお知らせ:2, 誰でも投稿:8
[INFO] scraped notices: 47
[INFO] created=0 updated=47
[INFO] No new notice documents. Push skipped.
[sample 1] 2026/07/13 12:19 | PCのバッテリーを長持ちさせるために
[sample 2] 2026/07/13 12:07 | SCキャリアより）7/15(水)3限 今からでも間に合うインターンシップ講座（マイナビ）【対面実施】
[sample 3] 2026/07/13 10:00 | (7/13更新)キャリアより）『都市大生向け最難関企業キャリア座談会』開催のご案内【7/18(土)開催】
[INFO] section_counts 伝言:2, 大学からのお知らせ:35, 教員からのお知らせ:2, 誰でも投稿:8
[INFO] scraped notices: 47
[INFO] created=0 updated=47
[INFO] No new notice documents. Push skipped.
[sample 1] 2026/07/13 12:19 | PCのバッテリーを長持ちさせるために
[sample 2] 2026/07/13 12:07 | SCキャリアより）7/15(水)3限 今からでも間に合うインターンシップ講座（マイナビ）【対面実施】
[sample 3] 2026/07/13 10:00 | (7/13更新)キャリアより）『都市大生向け最難関企業キャリア座談会』開催のご案内【7/18(土)開催】
[INFO] section_counts 伝言:2, 大学からのお知らせ:35, 教員からのお知らせ:2, 誰でも投稿:8
[INFO] scraped notices: 47
[INFO] created=0 updated=47
[INFO] No new notice documents. Push skipped.
[sample 1] 2026/07/13 12:19 | PCのバッテリーを長持ちさせるために
[sample 2] 2026/07/13 12:07 | SCキャリアより）7/15(水)3限 今からでも間に合うインターンシップ講座（マイナビ）【対面実施】
[sample 3] 2026/07/13 10:00 | (7/13更新)キャリアより）『都市大生向け最難関企業キャリア座談会』開催のご案内【7/18(土)開催】
[INFO] section_counts 伝言:2, 大学からのお知らせ:35, 教員からのお知らせ:2, 誰でも投稿:8
[INFO] scraped notices: 47
[INFO] created=0 updated=47
[INFO] No new notice documents. Push skipped.
[sample 1] 2026/07/13 12:19 | PCのバッテリーを長持ちさせるために
[sample 2] 2026/07/13 12:07 | SCキャリアより）7/15(水)3限 今からでも間に合うインターンシップ講座（マイナビ）【対面実施】
[sample 3] 2026/07/13 10:00 | (7/13更新)キャリアより）『都市大生向け最難関企業キャリア座談会』開催のご案内【7/18(土)開催】
[INFO] section_counts 伝言:2, 大学からのお知らせ:35, 教員からのお知らせ:2, 誰でも投稿:8
[INFO] scraped notices: 47
[INFO] created=1 updated=46
[INFO] push sent=0 failed=0 targets=0
[sample 1] 2026/07/13 16:45 | 2026年度前期末成績発表について
[sample 2] 2026/07/13 12:19 | PCのバッテリーを長持ちさせるために
[sample 3] 2026/07/13 12:07 | SCキャリアより）7/15(水)3限 今からでも間に合うインターンシップ講座（マイナビ）【対面実施】
[INFO] section_counts 伝言:2, 大学からのお知らせ:35, 教員からのお知らせ:2, 誰でも投稿:8
[INFO] scraped notices: 47
[INFO] created=0 updated=47
[INFO] No new notice documents. Push skipped.
[sample 1] 2026/07/13 16:45 | 2026年度前期末成績発表について
[sample 2] 2026/07/13 12:19 | PCのバッテリーを長持ちさせるために
[sample 3] 2026/07/13 12:07 | SCキャリアより）7/15(水)3限 今からでも間に合うインターンシップ講座（マイナビ）【対面実施】
[INFO] section_counts 伝言:2, 大学からのお知らせ:35, 教員からのお知らせ:2, 誰でも投稿:8
[INFO] scraped notices: 47
[INFO] created=1 updated=46
[INFO] push sent=0 failed=0 targets=0
[sample 1] 2026/07/13 17:01 | 【7/4～8/26】Bunkamura特別優待 「まなざしの軌跡」～日本女性写真家の冒険～
[sample 2] 2026/07/13 16:45 | 2026年度前期末成績発表について
[sample 3] 2026/07/13 12:19 | PCのバッテリーを長持ちさせるために
[INFO] section_counts 伝言:2, 大学からのお知らせ:35, 教員からのお知らせ:2, 誰でも投稿:8
[INFO] scraped notices: 47
[INFO] created=0 updated=47
[INFO] No new notice documents. Push skipped.
[sample 1] 2026/07/13 17:01 | 【7/4～8/26】Bunkamura特別優待 「まなざしの軌跡」～日本女性写真家の冒険～
[sample 2] 2026/07/13 16:45 | 2026年度前期末成績発表について
[sample 3] 2026/07/13 12:19 | PCのバッテリーを長持ちさせるために
[INFO] section_counts 伝言:2, 大学からのお知らせ:35, 教員からのお知らせ:2, 誰でも投稿:8
[INFO] scraped notices: 47
[INFO] created=0 updated=47
[INFO] No new notice documents. Push skipped.
[sample 1] 2026/07/13 17:01 | 【7/4～8/26】Bunkamura特別優待 「まなざしの軌跡」～日本女性写真家の冒険～
[sample 2] 2026/07/13 16:45 | 2026年度前期末成績発表について
[sample 3] 2026/07/13 12:19 | PCのバッテリーを長持ちさせるために
[INFO] section_counts 伝言:2, 大学からのお知らせ:35, 教員からのお知らせ:2, 誰でも投稿:8
[INFO] scraped notices: 47
[INFO] created=0 updated=47
[INFO] No new notice documents. Push skipped.
[sample 1] 2026/07/13 17:01 | 【7/4～8/26】Bunkamura特別優待 「まなざしの軌跡」～日本女性写真家の冒険～
[sample 2] 2026/07/13 16:45 | 2026年度前期末成績発表について
[sample 3] 2026/07/13 12:19 | PCのバッテリーを長持ちさせるために
[INFO] section_counts 伝言:2, 大学からのお知らせ:35, 教員からのお知らせ:2, 誰でも投稿:8
[INFO] scraped notices: 47
[INFO] created=0 updated=47
[INFO] No new notice documents. Push skipped.
[sample 1] 2026/07/13 17:01 | 【7/4～8/26】Bunkamura特別優待 「まなざしの軌跡」～日本女性写真家の冒険～
[sample 2] 2026/07/13 16:45 | 2026年度前期末成績発表について
[sample 3] 2026/07/13 12:19 | PCのバッテリーを長持ちさせるために
[INFO] section_counts 伝言:2, 大学からのお知らせ:35, 教員からのお知らせ:2, 誰でも投稿:8
[INFO] scraped notices: 47
[INFO] created=0 updated=47
[INFO] No new notice documents. Push skipped.
[sample 1] 2026/07/13 17:01 | 【7/4～8/26】Bunkamura特別優待 「まなざしの軌跡」～日本女性写真家の冒険～
[sample 2] 2026/07/13 16:45 | 2026年度前期末成績発表について
[sample 3] 2026/07/13 12:19 | PCのバッテリーを長持ちさせるために
[INFO] section_counts 伝言:2, 大学からのお知らせ:35, 教員からのお知らせ:2, 誰でも投稿:8
[INFO] scraped notices: 0
[INFO] auth alert push sent=0 failed=0 targets=0
[WARN] Portal auth required. Session expired or login page detected.
[DEBUG] reason=microsoft_login_page_detected_after_session
[NEXT] Run: python src/run_once.py --init-session
[NEXT] Then run: python src/run_once.py
[INFO] scraped notices: 0
[WARN] Portal auth required. Session expired or login page detected.
[DEBUG] reason=microsoft_login_page_detected_after_session
[NEXT] Run: python src/run_once.py --init-session
[NEXT] Then run: python src/run_once.py
[INFO] scraped notices: 0
[WARN] Portal auth required. Session expired or login page detected.
[DEBUG] reason=microsoft_login_page_detected_after_session
[NEXT] Run: python src/run_once.py --init-session
[NEXT] Then run: python src/run_once.py
[INFO] scraped notices: 0
[WARN] Portal auth required. Session expired or login page detected.
[DEBUG] reason=microsoft_login_page_detected_after_session
[NEXT] Run: python src/run_once.py --init-session
[NEXT] Then run: python src/run_once.py
[INFO] scraped notices: 0
[WARN] Portal auth required. Session expired or login page detected.
[DEBUG] reason=microsoft_login_page_detected_after_session
[NEXT] Run: python src/run_once.py --init-session
[NEXT] Then run: python src/run_once.py
[INFO] scraped notices: 0
[WARN] Portal auth required. Session expired or login page detected.
[DEBUG] reason=microsoft_login_page_detected_after_session
[NEXT] Run: python src/run_once.py --init-session
[NEXT] Then run: python src/run_once.py
[INFO] scraped notices: 0
[WARN] Portal auth required. Session expired or login page detected.
[DEBUG] reason=microsoft_login_page_detected_after_session
[NEXT] Run: python src/run_once.py --init-session
[NEXT] Then run: python src/run_once.py
[INFO] scraped notices: 0
[WARN] Portal auth required. Session expired or login page detected.
[DEBUG] reason=microsoft_login_page_detected_after_session
[NEXT] Run: python src/run_once.py --init-session
[NEXT] Then run: python src/run_once.py
[INFO] scraped notices: 0
[WARN] Portal auth required. Session expired or login page detected.
[DEBUG] reason=microsoft_login_page_detected_after_session
[NEXT] Run: python src/run_once.py --init-session
[NEXT] Then run: python src/run_once.py
[INFO] scraped notices: 0
[WARN] Portal auth required. Session expired or login page detected.
[DEBUG] reason=microsoft_login_page_detected_after_session
[NEXT] Run: python src/run_once.py --init-session
[NEXT] Then run: python src/run_once.py
[INFO] scraped notices: 0
[WARN] Portal auth required. Session expired or login page detected.
[DEBUG] reason=microsoft_login_page_detected_after_session
[NEXT] Run: python src/run_once.py --init-session
[NEXT] Then run: python src/run_once.py
[INFO] scraped notices: 0
[WARN] Portal auth required. Session expired or login page detected.
[DEBUG] reason=microsoft_login_page_detected_after_session
[NEXT] Run: python src/run_once.py --init-session
[NEXT] Then run: python src/run_once.py
[INFO] scraped notices: 47
[INFO] created=0 updated=47
[INFO] No new notice documents. Push skipped.
[sample 1] 2026/07/13 17:01 | 【7/4～8/26】Bunkamura特別優待 「まなざしの軌跡」～日本女性写真家の冒険～
[sample 2] 2026/07/13 16:45 | 2026年度前期末成績発表について
[sample 3] 2026/07/13 12:19 | PCのバッテリーを長持ちさせるために
[INFO] section_counts 伝言:2, 大学からのお知らせ:35, 教員からのお知らせ:2, 誰でも投稿:8
[INFO] scraped notices: 47
[INFO] created=0 updated=47
[INFO] No new notice documents. Push skipped.
[sample 1] 2026/07/13 17:01 | 【7/4～8/26】Bunkamura特別優待 「まなざしの軌跡」～日本女性写真家の冒険～
[sample 2] 2026/07/13 16:45 | 2026年度前期末成績発表について
[sample 3] 2026/07/13 12:19 | PCのバッテリーを長持ちさせるために
[INFO] section_counts 伝言:2, 大学からのお知らせ:35, 教員からのお知らせ:2, 誰でも投稿:8
[INFO] scraped notices: 0
[INFO] auth alert push sent=0 failed=0 targets=0
[WARN] Portal auth required. Session expired or login page detected.
[DEBUG] reason=microsoft_login_page_detected_after_session
[NEXT] Run: python src/run_once.py --init-session
[NEXT] Then run: python src/run_once.py
[INFO] scraped notices: 0
[WARN] Portal auth required. Session expired or login page detected.
[DEBUG] reason=microsoft_login_page_detected_after_session
[NEXT] Run: python src/run_once.py --init-session
[NEXT] Then run: python src/run_once.py
[INFO] scraped notices: 0
[WARN] Portal auth required. Session expired or login page detected.
[DEBUG] reason=microsoft_login_page_detected_after_session
[NEXT] Run: python src/run_once.py --init-session
[NEXT] Then run: python src/run_once.py
[INFO] scraped notices: 0
[WARN] Portal auth required. Session expired or login page detected.
[DEBUG] reason=microsoft_login_page_detected_after_session
[NEXT] Run: python src/run_once.py --init-session
[NEXT] Then run: python src/run_once.py
[INFO] scraped notices: 0
[WARN] Portal auth required. Session expired or login page detected.
[DEBUG] reason=microsoft_login_page_detected_after_session
[NEXT] Run: python src/run_once.py --init-session
[NEXT] Then run: python src/run_once.py
[INFO] scraped notices: 0
[WARN] Portal auth required. Session expired or login page detected.
[DEBUG] reason=microsoft_login_page_detected_after_session
[NEXT] Run: python src/run_once.py --init-session
[NEXT] Then run: python src/run_once.py
[INFO] scraped notices: 0
[WARN] Portal auth required. Session expired or login page detected.
[DEBUG] reason=microsoft_login_page_detected_after_session
[NEXT] Run: python src/run_once.py --init-session
[NEXT] Then run: python src/run_once.py
[INFO] scraped notices: 0
[WARN] Portal auth required. Session expired or login page detected.
[DEBUG] reason=microsoft_login_page_detected_after_session
[NEXT] Run: python src/run_once.py --init-session
[NEXT] Then run: python src/run_once.py
[INFO] scraped notices: 0
[WARN] Portal auth required. Session expired or login page detected.
[DEBUG] reason=microsoft_login_page_detected_after_session
[NEXT] Run: python src/run_once.py --init-session
[NEXT] Then run: python src/run_once.py
[INFO] scraped notices: 0
[WARN] Portal auth required. Session expired or login page detected.
[DEBUG] reason=microsoft_login_page_detected_after_session
[NEXT] Run: python src/run_once.py --init-session
[NEXT] Then run: python src/run_once.py
[INFO] scraped notices: 0
[WARN] Portal auth required. Session expired or login page detected.
[DEBUG] reason=microsoft_login_page_detected_after_session
[NEXT] Run: python src/run_once.py --init-session
[NEXT] Then run: python src/run_once.py
[INFO] scraped notices: 0
[WARN] Portal auth required. Session expired or login page detected.
[DEBUG] reason=microsoft_login_page_detected_after_session
[NEXT] Run: python src/run_once.py --init-session
[NEXT] Then run: python src/run_once.py
[INFO] scraped notices: 0
[WARN] Portal auth required. Session expired or login page detected.
[DEBUG] reason=microsoft_login_page_detected_after_session
[NEXT] Run: python src/run_once.py --init-session
[NEXT] Then run: python src/run_once.py
[INFO] scraped notices: 0
[WARN] Portal auth required. Session expired or login page detected.
[DEBUG] reason=microsoft_login_page_detected_after_session
[NEXT] Run: python src/run_once.py --init-session
[NEXT] Then run: python src/run_once.py
[INFO] scraped notices: 0
[WARN] Portal auth required. Session expired or login page detected.
[DEBUG] reason=microsoft_login_page_detected_after_session
[NEXT] Run: python src/run_once.py --init-session
[NEXT] Then run: python src/run_once.py
[INFO] scraped notices: 0
[WARN] Portal auth required. Session expired or login page detected.
[DEBUG] reason=microsoft_login_page_detected_after_session
[NEXT] Run: python src/run_once.py --init-session
[NEXT] Then run: python src/run_once.py
[INFO] scraped notices: 0
[WARN] Portal auth required. Session expired or login page detected.
[DEBUG] reason=microsoft_login_page_detected_after_session
[NEXT] Run: python src/run_once.py --init-session
[NEXT] Then run: python src/run_once.py
[INFO] scraped notices: 0
[WARN] Portal auth required. Session expired or login page detected.
[DEBUG] reason=login_flow_failed
[NEXT] Run: python src/run_once.py --init-session
[NEXT] Then run: python src/run_once.py
[INFO] scraped notices: 0
[WARN] Portal auth required. Session expired or login page detected.
[DEBUG] reason=microsoft_login_page_detected_after_session
[NEXT] Run: python src/run_once.py --init-session
[NEXT] Then run: python src/run_once.py
[INFO] scraped notices: 0
[WARN] Portal auth required. Session expired or login page detected.
[DEBUG] reason=microsoft_login_page_detected_after_session
[NEXT] Run: python src/run_once.py --init-session
[NEXT] Then run: python src/run_once.py
[INFO] scraped notices: 0
[WARN] Portal auth required. Session expired or login page detected.
[DEBUG] reason=login_flow_failed
[NEXT] Run: python src/run_once.py --init-session
[NEXT] Then run: python src/run_once.py
[INFO] scraped notices: 0
[WARN] Portal auth required. Session expired or login page detected.
[DEBUG] reason=microsoft_login_page_detected_after_session
[NEXT] Run: python src/run_once.py --init-session
[NEXT] Then run: python src/run_once.py
[INFO] scraped notices: 0
[WARN] Portal auth required. Session expired or login page detected.
[DEBUG] reason=microsoft_login_page_detected_after_session
[NEXT] Run: python src/run_once.py --init-session
[NEXT] Then run: python src/run_once.py
[INFO] scraped notices: 0
[WARN] Portal auth required. Session expired or login page detected.
[DEBUG] reason=microsoft_login_page_detected_after_session
[NEXT] Run: python src/run_once.py --init-session
[NEXT] Then run: python src/run_once.py
[INFO] scraped notices: 0
[WARN] Portal auth required. Session expired or login page detected.
[DEBUG] reason=microsoft_login_page_detected_after_session
[NEXT] Run: python src/run_once.py --init-session
[NEXT] Then run: python src/run_once.py
[INFO] scraped notices: 0
[WARN] Portal auth required. Session expired or login page detected.
[DEBUG] reason=microsoft_login_page_detected_after_session
[NEXT] Run: python src/run_once.py --init-session
[NEXT] Then run: python src/run_once.py
[INFO] scraped notices: 0
[WARN] Portal auth required. Session expired or login page detected.
[DEBUG] reason=microsoft_login_page_detected_after_session
[NEXT] Run: python src/run_once.py --init-session
[NEXT] Then run: python src/run_once.py
[INFO] scraped notices: 0
[WARN] Portal auth required. Session expired or login page detected.
[DEBUG] reason=microsoft_login_page_detected_after_session
[NEXT] Run: python src/run_once.py --init-session
[NEXT] Then run: python src/run_once.py
[INFO] scraped notices: 0
[WARN] Portal auth required. Session expired or login page detected.
[DEBUG] reason=microsoft_login_page_detected_after_session
[NEXT] Run: python src/run_once.py --init-session
[NEXT] Then run: python src/run_once.py
[INFO] scraped notices: 0
[WARN] Portal auth required. Session expired or login page detected.
[DEBUG] reason=microsoft_login_page_detected_after_session
[NEXT] Run: python src/run_once.py --init-session
[NEXT] Then run: python src/run_once.py
[INFO] scraped notices: 0
[WARN] Portal auth required. Session expired or login page detected.
[DEBUG] reason=microsoft_login_page_detected_after_session
[NEXT] Run: python src/run_once.py --init-session
[NEXT] Then run: python src/run_once.py
[INFO] scraped notices: 0
[WARN] Portal auth required. Session expired or login page detected.
[DEBUG] reason=microsoft_login_page_detected_after_session
[NEXT] Run: python src/run_once.py --init-session
[NEXT] Then run: python src/run_once.py
[INFO] scraped notices: 0
[WARN] Portal auth required. Session expired or login page detected.
[DEBUG] reason=microsoft_login_page_detected_after_session
[NEXT] Run: python src/run_once.py --init-session
[NEXT] Then run: python src/run_once.py
[INFO] scraped notices: 0
[WARN] Portal auth required. Session expired or login page detected.
[DEBUG] reason=microsoft_login_page_detected_after_session
[NEXT] Run: python src/run_once.py --init-session
[NEXT] Then run: python src/run_once.py
[INFO] scraped notices: 0
[WARN] Portal auth required. Session expired or login page detected.
[DEBUG] reason=microsoft_login_page_detected_after_session
[NEXT] Run: python src/run_once.py --init-session
[NEXT] Then run: python src/run_once.py
[INFO] scraped notices: 0
[WARN] Portal auth required. Session expired or login page detected.
[DEBUG] reason=microsoft_login_page_detected_after_session
[NEXT] Run: python src/run_once.py --init-session
[NEXT] Then run: python src/run_once.py
[INFO] scraped notices: 0
[WARN] Portal auth required. Session expired or login page detected.
[DEBUG] reason=microsoft_login_page_detected_after_session
[NEXT] Run: python src/run_once.py --init-session
[NEXT] Then run: python src/run_once.py
[INFO] scraped notices: 0
[WARN] Portal auth required. Session expired or login page detected.
[DEBUG] reason=microsoft_login_page_detected_after_session
[NEXT] Run: python src/run_once.py --init-session
[NEXT] Then run: python src/run_once.py
[INFO] scraped notices: 0
[WARN] Portal auth required. Session expired or login page detected.
[DEBUG] reason=microsoft_login_page_detected_after_session
[NEXT] Run: python src/run_once.py --init-session
[NEXT] Then run: python src/run_once.py
[INFO] scraped notices: 0
[WARN] Portal auth required. Session expired or login page detected.
[DEBUG] reason=microsoft_login_page_detected_after_session
[NEXT] Run: python src/run_once.py --init-session
[NEXT] Then run: python src/run_once.py
[INFO] scraped notices: 0
[WARN] Portal auth required. Session expired or login page detected.
[DEBUG] reason=microsoft_login_page_detected_after_session
[NEXT] Run: python src/run_once.py --init-session
[NEXT] Then run: python src/run_once.py
[INFO] scraped notices: 0
[WARN] Portal auth required. Session expired or login page detected.
[DEBUG] reason=microsoft_login_page_detected_after_session
[NEXT] Run: python src/run_once.py --init-session
[NEXT] Then run: python src/run_once.py
[INFO] scraped notices: 0
[WARN] Portal auth required. Session expired or login page detected.
[DEBUG] reason=microsoft_login_page_detected_after_session
[NEXT] Run: python src/run_once.py --init-session
[NEXT] Then run: python src/run_once.py
[INFO] scraped notices: 0
[WARN] Portal auth required. Session expired or login page detected.
[DEBUG] reason=microsoft_login_page_detected_after_session
[NEXT] Run: python src/run_once.py --init-session
[NEXT] Then run: python src/run_once.py
[INFO] scraped notices: 0
[WARN] Portal auth required. Session expired or login page detected.
[DEBUG] reason=microsoft_login_page_detected_after_session
[NEXT] Run: python src/run_once.py --init-session
[NEXT] Then run: python src/run_once.py
[INFO] scraped notices: 0
[WARN] Portal auth required. Session expired or login page detected.
[DEBUG] reason=microsoft_login_page_detected_after_session
[NEXT] Run: python src/run_once.py --init-session
[NEXT] Then run: python src/run_once.py
[INFO] scraped notices: 0
[WARN] Portal auth required. Session expired or login page detected.
[DEBUG] reason=microsoft_login_page_detected_after_session
[NEXT] Run: python src/run_once.py --init-session
[NEXT] Then run: python src/run_once.py
[INFO] scraped notices: 0
[WARN] Portal auth required. Session expired or login page detected.
[DEBUG] reason=microsoft_login_page_detected_after_session
[NEXT] Run: python src/run_once.py --init-session
[NEXT] Then run: python src/run_once.py
[INFO] scraped notices: 0
[WARN] Portal auth required. Session expired or login page detected.
[DEBUG] reason=microsoft_login_page_detected_after_session
[NEXT] Run: python src/run_once.py --init-session
[NEXT] Then run: python src/run_once.py
[INFO] scraped notices: 0
[WARN] Portal auth required. Session expired or login page detected.
[DEBUG] reason=microsoft_login_page_detected_after_session
[NEXT] Run: python src/run_once.py --init-session
[NEXT] Then run: python src/run_once.py
[INFO] scraped notices: 0
[WARN] Portal auth required. Session expired or login page detected.
[DEBUG] reason=microsoft_login_page_detected_after_session
[NEXT] Run: python src/run_once.py --init-session
[NEXT] Then run: python src/run_once.py
[INFO] scraped notices: 0
[WARN] Portal auth required. Session expired or login page detected.
[DEBUG] reason=microsoft_login_page_detected_after_session
[NEXT] Run: python src/run_once.py --init-session
[NEXT] Then run: python src/run_once.py
[INFO] scraped notices: 0
[WARN] Portal auth required. Session expired or login page detected.
[DEBUG] reason=microsoft_login_page_detected_after_session
[NEXT] Run: python src/run_once.py --init-session
[NEXT] Then run: python src/run_once.py
[INFO] scraped notices: 0
[WARN] Portal auth required. Session expired or login page detected.
[DEBUG] reason=microsoft_login_page_detected_after_session
[NEXT] Run: python src/run_once.py --init-session
[NEXT] Then run: python src/run_once.py
[INFO] scraped notices: 47
[INFO] created=5 updated=42
[INFO] push sent=0 failed=0 targets=0
[sample 1] 2026/07/16 12:58 | 【重要】Windows版「Zoom」に深刻な脆弱性(7/16)
[sample 2] 2026/07/16 10:30 | 【図書館】夏期長期貸出のお知らせ
[sample 3] 2026/07/15 19:57 | （7/15録画UP）SCキャリアより）7/15(水)3限 今からでも間に合うインターンシップ講座（マイナビ）【対面実施】
[INFO] section_counts 伝言:2, 大学からのお知らせ:35, 教員からのお知らせ:2, 誰でも投稿:8
[INFO] scraped notices: 0
[INFO] auth alert push sent=0 failed=0 targets=0
[WARN] Portal auth required. Session expired or login page detected.
[DEBUG] reason=microsoft_login_page_detected_after_session
[NEXT] Run: python src/run_once.py --init-session
[NEXT] Then run: python src/run_once.py
[INFO] scraped notices: 47
[INFO] created=0 updated=47
[INFO] No new notice documents. Push skipped.
[sample 1] 2026/07/16 12:58 | 【重要】Windows版「Zoom」に深刻な脆弱性(7/16)
[sample 2] 2026/07/16 10:30 | 【図書館】夏期長期貸出のお知らせ
[sample 3] 2026/07/15 19:57 | （7/15録画UP）SCキャリアより）7/15(水)3限 今からでも間に合うインターンシップ講座（マイナビ）【対面実施】
[INFO] section_counts 伝言:2, 大学からのお知らせ:35, 教員からのお知らせ:2, 誰でも投稿:8
[INFO] scraped notices: 0
[INFO] auth alert push sent=0 failed=0 targets=0
[WARN] Portal auth required. Session expired or login page detected.
[DEBUG] reason=microsoft_login_page_detected_after_session
[NEXT] Run: python src/run_once.py --init-session
[NEXT] Then run: python src/run_once.py
[INFO] scraped notices: 0
[WARN] Portal auth required. Session expired or login page detected.
[DEBUG] reason=microsoft_login_page_detected_after_session
[NEXT] Run: python src/run_once.py --init-session
[NEXT] Then run: python src/run_once.py
[INFO] scraped notices: 47
[INFO] created=0 updated=47
[INFO] No new notice documents. Push skipped.
[sample 1] 2026/07/16 12:58 | 【重要】Windows版「Zoom」に深刻な脆弱性(7/16)
[sample 2] 2026/07/16 10:30 | 【図書館】夏期長期貸出のお知らせ
[sample 3] 2026/07/15 19:57 | （7/15録画UP）SCキャリアより）7/15(水)3限 今からでも間に合うインターンシップ講座（マイナビ）【対面実施】
[INFO] section_counts 伝言:2, 大学からのお知らせ:35, 教員からのお知らせ:2, 誰でも投稿:8
[INFO] scraped notices: 0
[INFO] auth alert push sent=0 failed=0 targets=0
[WARN] Portal auth required. Session expired or login page detected.
[DEBUG] reason=microsoft_login_page_detected_after_session
[NEXT] Run: python src/run_once.py --init-session
[NEXT] Then run: python src/run_once.py
[INFO] scraped notices: 0
[WARN] Portal auth required. Session expired or login page detected.
[DEBUG] reason=microsoft_login_page_detected_after_session
[NEXT] Run: python src/run_once.py --init-session
[NEXT] Then run: python src/run_once.py
[INFO] scraped notices: 0
[WARN] Portal auth required. Session expired or login page detected.
[DEBUG] reason=microsoft_login_page_detected_after_session
[NEXT] Run: python src/run_once.py --init-session
[NEXT] Then run: python src/run_once.py
[INFO] scraped notices: 47
[INFO] created=5 updated=42
[INFO] push sent=0 failed=0 targets=0
[sample 1] 2026/07/17 10:00 | 【YC開講科目】前期末試験の実施について
[sample 2] 2026/07/17 10:00 | 【SC】前期末(2Q)試験を欠席した場合について
[sample 3] 2026/07/17 10:00 | 【SC開講科目】前期末試験の実施について
[INFO] section_counts 伝言:1, 大学からのお知らせ:36, 教員からのお知らせ:2, 誰でも投稿:8
[INFO] scraped notices: 47
[INFO] created=0 updated=47
[INFO] No new notice documents. Push skipped.
[sample 1] 2026/07/17 10:00 | 【YC開講科目】前期末試験の実施について
[sample 2] 2026/07/17 10:00 | 【SC】前期末(2Q)試験を欠席した場合について
[sample 3] 2026/07/17 10:00 | 【SC開講科目】前期末試験の実施について
[INFO] section_counts 伝言:1, 大学からのお知らせ:36, 教員からのお知らせ:2, 誰でも投稿:8
[INFO] scraped notices: 0
[INFO] auth alert push sent=0 failed=0 targets=0
[WARN] Portal auth required. Session expired or login page detected.
[DEBUG] reason=microsoft_login_page_detected_after_session
[NEXT] Run: python src/run_once.py --init-session
[NEXT] Then run: python src/run_once.py
[INFO] scraped notices: 0
[WARN] Portal auth required. Session expired or login page detected.
[DEBUG] reason=microsoft_login_page_detected_after_session
[NEXT] Run: python src/run_once.py --init-session
[NEXT] Then run: python src/run_once.py
[INFO] scraped notices: 0
[WARN] Portal auth required. Session expired or login page detected.
[DEBUG] reason=microsoft_login_page_detected_after_session
[NEXT] Run: python src/run_once.py --init-session
[NEXT] Then run: python src/run_once.py
[INFO] scraped notices: 0
[WARN] Portal auth required. Session expired or login page detected.
[DEBUG] reason=microsoft_login_page_detected_after_session
[NEXT] Run: python src/run_once.py --init-session
[NEXT] Then run: python src/run_once.py
[INFO] scraped notices: 0
[WARN] Portal auth required. Session expired or login page detected.
[DEBUG] reason=microsoft_login_page_detected_after_session
[NEXT] Run: python src/run_once.py --init-session
[NEXT] Then run: python src/run_once.py
[INFO] scraped notices: 0
[WARN] Portal auth required. Session expired or login page detected.
[DEBUG] reason=microsoft_login_page_detected_after_session
[NEXT] Run: python src/run_once.py --init-session
[NEXT] Then run: python src/run_once.py
[INFO] scraped notices: 0
[WARN] Portal auth required. Session expired or login page detected.
[DEBUG] reason=microsoft_login_page_detected_after_session
[NEXT] Run: python src/run_once.py --init-session
[NEXT] Then run: python src/run_once.py
[INFO] scraped notices: 0
[WARN] Portal auth required. Session expired or login page detected.
[DEBUG] reason=microsoft_login_page_detected_after_session
[NEXT] Run: python src/run_once.py --init-session
[NEXT] Then run: python src/run_once.py
[INFO] scraped notices: 0
[WARN] Portal auth required. Session expired or login page detected.
[DEBUG] reason=microsoft_login_page_detected_after_session
[NEXT] Run: python src/run_once.py --init-session
[NEXT] Then run: python src/run_once.py
[INFO] scraped notices: 0
[WARN] Portal auth required. Session expired or login page detected.
[DEBUG] reason=microsoft_login_page_detected_after_session
[NEXT] Run: python src/run_once.py --init-session
[NEXT] Then run: python src/run_once.py
[INFO] scraped notices: 0
[WARN] Portal auth required. Session expired or login page detected.
[DEBUG] reason=microsoft_login_page_detected_after_session
[NEXT] Run: python src/run_once.py --init-session
[NEXT] Then run: python src/run_once.py
[INFO] scraped notices: 0
[WARN] Portal auth required. Session expired or login page detected.
[DEBUG] reason=microsoft_login_page_detected_after_session
[NEXT] Run: python src/run_once.py --init-session
[NEXT] Then run: python src/run_once.py
[INFO] scraped notices: 0
[WARN] Portal auth required. Session expired or login page detected.
[DEBUG] reason=microsoft_login_page_detected_after_session
[NEXT] Run: python src/run_once.py --init-session
[NEXT] Then run: python src/run_once.py
[INFO] scraped notices: 0
[WARN] Portal auth required. Session expired or login page detected.
[DEBUG] reason=microsoft_login_page_detected_after_session
[NEXT] Run: python src/run_once.py --init-session
[NEXT] Then run: python src/run_once.py
[INFO] scraped notices: 0
[WARN] Portal auth required. Session expired or login page detected.
[DEBUG] reason=microsoft_login_page_detected_after_session
[NEXT] Run: python src/run_once.py --init-session
[NEXT] Then run: python src/run_once.py
[INFO] scraped notices: 0
[WARN] Portal auth required. Session expired or login page detected.
[DEBUG] reason=microsoft_login_page_detected_after_session
[NEXT] Run: python src/run_once.py --init-session
[NEXT] Then run: python src/run_once.py
[INFO] scraped notices: 0
[WARN] Portal auth required. Session expired or login page detected.
[DEBUG] reason=microsoft_login_page_detected_after_session
[NEXT] Run: python src/run_once.py --init-session
[NEXT] Then run: python src/run_once.py
[INFO] scraped notices: 0
[WARN] Portal auth required. Session expired or login page detected.
[DEBUG] reason=microsoft_login_page_detected_after_session
[NEXT] Run: python src/run_once.py --init-session
[NEXT] Then run: python src/run_once.py
[INFO] scraped notices: 0
[WARN] Portal auth required. Session expired or login page detected.
[DEBUG] reason=microsoft_login_page_detected_after_session
[NEXT] Run: python src/run_once.py --init-session
[NEXT] Then run: python src/run_once.py
[INFO] scraped notices: 0
[WARN] Portal auth required. Session expired or login page detected.
[DEBUG] reason=microsoft_login_page_detected_after_session
[NEXT] Run: python src/run_once.py --init-session
[NEXT] Then run: python src/run_once.py
[INFO] scraped notices: 0
[WARN] Portal auth required. Session expired or login page detected.
[DEBUG] reason=microsoft_login_page_detected_after_session
[NEXT] Run: python src/run_once.py --init-session
[NEXT] Then run: python src/run_once.py
[INFO] scraped notices: 0
[WARN] Portal auth required. Session expired or login page detected.
[DEBUG] reason=microsoft_login_page_detected_after_session
[NEXT] Run: python src/run_once.py --init-session
[NEXT] Then run: python src/run_once.py
[INFO] scraped notices: 0
[WARN] Portal auth required. Session expired or login page detected.
[DEBUG] reason=microsoft_login_page_detected_after_session
[NEXT] Run: python src/run_once.py --init-session
[NEXT] Then run: python src/run_once.py
[INFO] scraped notices: 47
[INFO] created=5 updated=42
[INFO] push sent=0 failed=0 targets=0
[sample 1] 2026/07/20 09:00 | 授業評価アンケート回答のお願い
[sample 2] 2026/07/17 16:24 | 【都市大生特別招待】通常8万円の国際会議に無料参加！アジア太平洋小売業者大会 参加者募集
[sample 3] 2026/07/17 14:46 | キャリアより）追加募集！【定員5名】7/20〆切：学生交流プログラム
[INFO] section_counts 伝言:2, 大学からのお知らせ:35, 教員からのお知らせ:2, 誰でも投稿:8
[INFO] scraped notices: 47
[INFO] created=0 updated=47
[INFO] No new notice documents. Push skipped.
[sample 1] 2026/07/20 09:00 | 授業評価アンケート回答のお願い
[sample 2] 2026/07/17 16:24 | 【都市大生特別招待】通常8万円の国際会議に無料参加！アジア太平洋小売業者大会 参加者募集
[sample 3] 2026/07/17 13:12 | 第9回 学生による「都市大研究プレゼンコンテスト（TCU R-PresCo）」のご案内（10/31開催）
[INFO] section_counts 伝言:3, 大学からのお知らせ:34, 教員からのお知らせ:2, 誰でも投稿:8
[INFO] scraped notices: 47
[INFO] created=0 updated=47
[INFO] No new notice documents. Push skipped.
[sample 1] 2026/07/20 09:00 | 授業評価アンケート回答のお願い
[sample 2] 2026/07/17 16:24 | 【都市大生特別招待】通常8万円の国際会議に無料参加！アジア太平洋小売業者大会 参加者募集
[sample 3] 2026/07/17 13:12 | 第9回 学生による「都市大研究プレゼンコンテスト（TCU R-PresCo）」のご案内（10/31開催）
[INFO] section_counts 伝言:3, 大学からのお知らせ:34, 教員からのお知らせ:2, 誰でも投稿:8
[INFO] scraped notices: 47
[INFO] created=0 updated=47
[INFO] No new notice documents. Push skipped.
[sample 1] 2026/07/20 09:00 | 授業評価アンケート回答のお願い
[sample 2] 2026/07/17 16:24 | 【都市大生特別招待】通常8万円の国際会議に無料参加！アジア太平洋小売業者大会 参加者募集
[sample 3] 2026/07/17 13:12 | 第9回 学生による「都市大研究プレゼンコンテスト（TCU R-PresCo）」のご案内（10/31開催）
[INFO] section_counts 伝言:3, 大学からのお知らせ:34, 教員からのお知らせ:2, 誰でも投稿:8
[INFO] scraped notices: 47
[INFO] created=0 updated=47
[INFO] No new notice documents. Push skipped.
[sample 1] 2026/07/20 09:00 | 授業評価アンケート回答のお願い
[sample 2] 2026/07/17 16:24 | 【都市大生特別招待】通常8万円の国際会議に無料参加！アジア太平洋小売業者大会 参加者募集
[sample 3] 2026/07/17 13:12 | 第9回 学生による「都市大研究プレゼンコンテスト（TCU R-PresCo）」のご案内（10/31開催）
[INFO] section_counts 伝言:3, 大学からのお知らせ:34, 教員からのお知らせ:2, 誰でも投稿:8
[INFO] scraped notices: 47
[INFO] created=0 updated=47
[INFO] No new notice documents. Push skipped.
[sample 1] 2026/07/20 09:00 | 授業評価アンケート回答のお願い
[sample 2] 2026/07/17 16:24 | 【都市大生特別招待】通常8万円の国際会議に無料参加！アジア太平洋小売業者大会 参加者募集
[sample 3] 2026/07/17 13:12 | 第9回 学生による「都市大研究プレゼンコンテスト（TCU R-PresCo）」のご案内（10/31開催）
[INFO] section_counts 伝言:3, 大学からのお知らせ:34, 教員からのお知らせ:2, 誰でも投稿:8
[INFO] scraped notices: 47
[INFO] created=0 updated=47
[INFO] No new notice documents. Push skipped.
[sample 1] 2026/07/20 09:00 | 授業評価アンケート回答のお願い
[sample 2] 2026/07/17 16:24 | 【都市大生特別招待】通常8万円の国際会議に無料参加！アジア太平洋小売業者大会 参加者募集
[sample 3] 2026/07/17 13:12 | 第9回 学生による「都市大研究プレゼンコンテスト（TCU R-PresCo）」のご案内（10/31開催）
[INFO] section_counts 伝言:3, 大学からのお知らせ:34, 教員からのお知らせ:2, 誰でも投稿:8
[INFO] scraped notices: 47
[INFO] created=0 updated=47
[INFO] No new notice documents. Push skipped.
[sample 1] 2026/07/20 09:00 | 授業評価アンケート回答のお願い
[sample 2] 2026/07/17 16:24 | 【都市大生特別招待】通常8万円の国際会議に無料参加！アジア太平洋小売業者大会 参加者募集
[sample 3] 2026/07/17 13:12 | 第9回 学生による「都市大研究プレゼンコンテスト（TCU R-PresCo）」のご案内（10/31開催）
[INFO] section_counts 伝言:3, 大学からのお知らせ:34, 教員からのお知らせ:2, 誰でも投稿:8
[INFO] scraped notices: 0
[INFO] auth alert push sent=0 failed=0 targets=0
[WARN] Portal auth required. Session expired or login page detected.
[DEBUG] reason=microsoft_login_page_detected_after_session
[NEXT] Run: python src/run_once.py --init-session
[NEXT] Then run: python src/run_once.py
[INFO] scraped notices: 0
[WARN] Portal auth required. Session expired or login page detected.
[DEBUG] reason=microsoft_login_page_detected_after_session
[NEXT] Run: python src/run_once.py --init-session
[NEXT] Then run: python src/run_once.py
[INFO] scraped notices: 0
[WARN] Portal auth required. Session expired or login page detected.
[DEBUG] reason=microsoft_login_page_detected_after_session
[NEXT] Run: python src/run_once.py --init-session
[NEXT] Then run: python src/run_once.py
[INFO] scraped notices: 0
[WARN] Portal auth required. Session expired or login page detected.
[DEBUG] reason=microsoft_login_page_detected_after_session
[NEXT] Run: python src/run_once.py --init-session
[NEXT] Then run: python src/run_once.py
[INFO] scraped notices: 0
[WARN] Portal auth required. Session expired or login page detected.
[DEBUG] reason=microsoft_login_page_detected_after_session
[NEXT] Run: python src/run_once.py --init-session
[NEXT] Then run: python src/run_once.py
[INFO] scraped notices: 0
[WARN] Portal auth required. Session expired or login page detected.
[DEBUG] reason=microsoft_login_page_detected_after_session
[NEXT] Run: python src/run_once.py --init-session
[NEXT] Then run: python src/run_once.py
[INFO] scraped notices: 0
[WARN] Portal auth required. Session expired or login page detected.
[DEBUG] reason=microsoft_login_page_detected_after_session
[NEXT] Run: python src/run_once.py --init-session
[NEXT] Then run: python src/run_once.py
[INFO] scraped notices: 0
[WARN] Portal auth required. Session expired or login page detected.
[DEBUG] reason=microsoft_login_page_detected_after_session
[NEXT] Run: python src/run_once.py --init-session
[NEXT] Then run: python src/run_once.py
[INFO] scraped notices: 0
[WARN] Portal auth required. Session expired or login page detected.
[DEBUG] reason=microsoft_login_page_detected_after_session
[NEXT] Run: python src/run_once.py --init-session
[NEXT] Then run: python src/run_once.py
[INFO] scraped notices: 0
[WARN] Portal auth required. Session expired or login page detected.
[DEBUG] reason=microsoft_login_page_detected_after_session
[NEXT] Run: python src/run_once.py --init-session
[NEXT] Then run: python src/run_once.py
[INFO] scraped notices: 0
[WARN] Portal auth required. Session expired or login page detected.
[DEBUG] reason=microsoft_login_page_detected_after_session
[NEXT] Run: python src/run_once.py --init-session
[NEXT] Then run: python src/run_once.py
[INFO] scraped notices: 0
[WARN] Portal auth required. Session expired or login page detected.
[DEBUG] reason=microsoft_login_page_detected_after_session
[NEXT] Run: python src/run_once.py --init-session
[NEXT] Then run: python src/run_once.py
[INFO] scraped notices: 0
[WARN] Portal auth required. Session expired or login page detected.
[DEBUG] reason=microsoft_login_page_detected_after_session
[NEXT] Run: python src/run_once.py --init-session
[NEXT] Then run: python src/run_once.py
[INFO] scraped notices: 0
[WARN] Portal auth required. Session expired or login page detected.
[DEBUG] reason=microsoft_login_page_detected_after_session
[NEXT] Run: python src/run_once.py --init-session
[NEXT] Then run: python src/run_once.py
[INFO] scraped notices: 0
[WARN] Portal auth required. Session expired or login page detected.
[DEBUG] reason=microsoft_login_page_detected_after_session
[NEXT] Run: python src/run_once.py --init-session
[NEXT] Then run: python src/run_once.py
[INFO] scraped notices: 0
[WARN] Portal auth required. Session expired or login page detected.
[DEBUG] reason=microsoft_login_page_detected_after_session
[NEXT] Run: python src/run_once.py --init-session
[NEXT] Then run: python src/run_once.py
[INFO] scraped notices: 45
[INFO] created=7 updated=38
[INFO] push sent=0 failed=0 targets=0
[sample 1] 2026/07/22 00:00 | 【本日開催！】SCキャリアより）7/22(水)日野自動車 OB・OGによる業界セミナー＆車両展示
[sample 2] 2026/07/21 18:51 | セレンディピティモール 7/23（木）説明会のお知らせ！
[sample 3] 2026/07/21 18:08 | 教養ゼミナール「AIを活用した楽曲創作」の受講に関するお知らせ
[INFO] section_counts 伝言:3, 大学からのお知らせ:32, 教員からのお知らせ:2, 誰でも投稿:8
[INFO] scraped notices: 45
[INFO] created=0 updated=45
[INFO] No new notice documents. Push skipped.
[sample 1] 2026/07/22 00:00 | 【本日開催！】SCキャリアより）7/22(水)日野自動車 OB・OGによる業界セミナー＆車両展示
[sample 2] 2026/07/21 18:51 | セレンディピティモール 7/23（木）説明会のお知らせ！
[sample 3] 2026/07/21 18:08 | 教養ゼミナール「AIを活用した楽曲創作」の受講に関するお知らせ
[INFO] section_counts 伝言:3, 大学からのお知らせ:32, 教員からのお知らせ:2, 誰でも投稿:8
[INFO] scraped notices: 45
[INFO] created=0 updated=45
[INFO] No new notice documents. Push skipped.
[sample 1] 2026/07/22 00:00 | 【本日開催！】SCキャリアより）7/22(水)日野自動車 OB・OGによる業界セミナー＆車両展示
[sample 2] 2026/07/21 18:51 | セレンディピティモール 7/23（木）説明会のお知らせ！
[sample 3] 2026/07/21 18:08 | 教養ゼミナール「AIを活用した楽曲創作」の受講に関するお知らせ
[INFO] section_counts 伝言:3, 大学からのお知らせ:32, 教員からのお知らせ:2, 誰でも投稿:8
[INFO] scraped notices: 45
[INFO] created=0 updated=45
[INFO] No new notice documents. Push skipped.
[sample 1] 2026/07/22 00:00 | 【本日開催！】SCキャリアより）7/22(水)日野自動車 OB・OGによる業界セミナー＆車両展示
[sample 2] 2026/07/21 18:51 | セレンディピティモール 7/23（木）説明会のお知らせ！
[sample 3] 2026/07/21 18:08 | 教養ゼミナール「AIを活用した楽曲創作」の受講に関するお知らせ
[INFO] section_counts 伝言:3, 大学からのお知らせ:32, 教員からのお知らせ:2, 誰でも投稿:8
[INFO] scraped notices: 0
[INFO] auth alert push sent=0 failed=0 targets=0
[WARN] Portal auth required. Session expired or login page detected.
[DEBUG] reason=microsoft_login_page_detected_after_session
[NEXT] Run: python src/run_once.py --init-session
[NEXT] Then run: python src/run_once.py
[INFO] scraped notices: 0
[WARN] Portal auth required. Session expired or login page detected.
[DEBUG] reason=login_flow_failed
[NEXT] Run: python src/run_once.py --init-session
[NEXT] Then run: python src/run_once.py
[INFO] scraped notices: 0
[WARN] Portal auth required. Session expired or login page detected.
[DEBUG] reason=microsoft_login_page_detected_after_session
[NEXT] Run: python src/run_once.py --init-session
[NEXT] Then run: python src/run_once.py
[INFO] scraped notices: 0
[WARN] Portal auth required. Session expired or login page detected.
[DEBUG] reason=microsoft_login_page_detected_after_session
[NEXT] Run: python src/run_once.py --init-session
[NEXT] Then run: python src/run_once.py
[INFO] scraped notices: 0
[WARN] Portal auth required. Session expired or login page detected.
[DEBUG] reason=microsoft_login_page_detected_after_session
[NEXT] Run: python src/run_once.py --init-session
[NEXT] Then run: python src/run_once.py
[INFO] scraped notices: 0
[WARN] Portal auth required. Session expired or login page detected.
[DEBUG] reason=microsoft_login_page_detected_after_session
[NEXT] Run: python src/run_once.py --init-session
[NEXT] Then run: python src/run_once.py
[INFO] scraped notices: 0
[WARN] Portal auth required. Session expired or login page detected.
[DEBUG] reason=microsoft_login_page_detected_after_session
[NEXT] Run: python src/run_once.py --init-session
[NEXT] Then run: python src/run_once.py
[INFO] scraped notices: 0
[WARN] Portal auth required. Session expired or login page detected.
[DEBUG] reason=microsoft_login_page_detected_after_session
[NEXT] Run: python src/run_once.py --init-session
[NEXT] Then run: python src/run_once.py
[INFO] scraped notices: 45
[INFO] created=3 updated=42
[INFO] push sent=0 failed=0 targets=0
[sample 1] 2026/07/23 11:06 | 遊んで実感！【GDGoC TCU】Webアプリ体験 ＆ コミュニティ説明会 ー「作れる」を知る1時間ー
[sample 2] 2026/07/23 10:00 | 【SC開講科目】前期末試験の実施について
[sample 3] 2026/07/23 10:00 | 【YC開講科目】前期末試験の実施について ※7/23(木)更新
[INFO] section_counts 伝言:3, 大学からのお知らせ:31, 教員からのお知らせ:2, 誰でも投稿:9
[INFO] scraped notices: 0
[INFO] auth alert push sent=0 failed=0 targets=0
[WARN] Portal auth required. Session expired or login page detected.
[DEBUG] reason=login_flow_failed
[NEXT] Run: python src/run_once.py --init-session
[NEXT] Then run: python src/run_once.py
[INFO] scraped notices: 0
[WARN] Portal auth required. Session expired or login page detected.
[DEBUG] reason=microsoft_login_page_detected_after_session
[NEXT] Run: python src/run_once.py --init-session
[NEXT] Then run: python src/run_once.py
[INFO] scraped notices: 0
[WARN] Portal auth required. Session expired or login page detected.
[DEBUG] reason=microsoft_login_page_detected_after_session
[NEXT] Run: python src/run_once.py --init-session
[NEXT] Then run: python src/run_once.py
[INFO] scraped notices: 45
[INFO] created=4 updated=41
[INFO] push sent=0 failed=0 targets=0
[sample 1] 2026/07/23 16:51 | 熱中症に注意しましょう（7.23発信）
[sample 2] 2026/07/23 16:17 | 印刷サービス運用のお知らせ（土曜・休校日の取り扱いについて）
[sample 3] 2026/07/23 15:53 | 健康診断証明書の発行について（SC）(7.23)
[INFO] section_counts 伝言:3, 大学からのお知らせ:32, 教員からのお知らせ:2, 誰でも投稿:8
[INFO] scraped notices: 45
[INFO] created=0 updated=45
[INFO] No new notice documents. Push skipped.
[sample 1] 2026/07/23 16:51 | 熱中症に注意しましょう（7.23発信）
[sample 2] 2026/07/23 16:17 | 印刷サービス運用のお知らせ（土曜・休校日の取り扱いについて）
[sample 3] 2026/07/23 15:53 | 健康診断証明書の発行について（SC）(7.23)
[INFO] section_counts 伝言:3, 大学からのお知らせ:32, 教員からのお知らせ:2, 誰でも投稿:8
[INFO] scraped notices: 45
[INFO] created=0 updated=45
[INFO] No new notice documents. Push skipped.
[sample 1] 2026/07/23 16:51 | 熱中症に注意しましょう（7.23発信）
[sample 2] 2026/07/23 16:17 | 印刷サービス運用のお知らせ（土曜・休校日の取り扱いについて）
[sample 3] 2026/07/23 15:53 | 健康診断証明書の発行について（SC）(7.23)
[INFO] section_counts 伝言:3, 大学からのお知らせ:32, 教員からのお知らせ:2, 誰でも投稿:8
[INFO] scraped notices: 45
[INFO] created=0 updated=45
[INFO] No new notice documents. Push skipped.
[sample 1] 2026/07/23 16:51 | 熱中症に注意しましょう（7.23発信）
[sample 2] 2026/07/23 16:17 | 印刷サービス運用のお知らせ（土曜・休校日の取り扱いについて）
[sample 3] 2026/07/23 15:53 | 健康診断証明書の発行について（SC）(7.23)
[INFO] section_counts 伝言:3, 大学からのお知らせ:32, 教員からのお知らせ:2, 誰でも投稿:8
[INFO] scraped notices: 45
[INFO] created=1 updated=44
[INFO] push sent=0 failed=0 targets=0
[sample 1] 2026/07/24 12:00 | キャリアより）夏休み期間中（8/3～9/18）の個人面談予約についてのお知らせ
[sample 2] 2026/07/23 16:51 | 熱中症に注意しましょう（7.23発信）
[sample 3] 2026/07/23 16:17 | 印刷サービス運用のお知らせ（土曜・休校日の取り扱いについて）
[INFO] section_counts 伝言:3, 大学からのお知らせ:33, 教員からのお知らせ:2, 誰でも投稿:7
[INFO] scraped notices: 45
[INFO] created=1 updated=44
[INFO] push sent=0 failed=0 targets=0
[sample 1] 2026/07/24 12:23 | 夏期休業期間の図書館の利用について
[sample 2] 2026/07/24 12:00 | キャリアより）夏休み期間中（8/3～9/18）の個人面談予約についてのお知らせ
[sample 3] 2026/07/23 16:51 | 熱中症に注意しましょう（7.23発信）
[INFO] section_counts 伝言:3, 大学からのお知らせ:33, 教員からのお知らせ:2, 誰でも投稿:7
[INFO] scraped notices: 0
[INFO] auth alert push sent=0 failed=0 targets=0
[WARN] Portal auth required. Session expired or login page detected.
[DEBUG] reason=microsoft_login_page_detected_after_session
[NEXT] Run: python src/run_once.py --init-session
[NEXT] Then run: python src/run_once.py
[INFO] scraped notices: 0
[WARN] Portal auth required. Session expired or login page detected.
[DEBUG] reason=microsoft_login_page_detected_after_session
[NEXT] Run: python src/run_once.py --init-session
[NEXT] Then run: python src/run_once.py
[INFO] scraped notices: 0
[WARN] Portal auth required. Session expired or login page detected.
[DEBUG] reason=microsoft_login_page_detected_after_session
[NEXT] Run: python src/run_once.py --init-session
[NEXT] Then run: python src/run_once.py
